map_name,map_type,size,obstacle_ratio,alpha,run_id,algorithm,success,runtime_ms,path_length,turn_count,expanded_nodes
arena.map,dao,49,0.1445231153685964,1.8,0,dijkstra,1,0.11308800458209589,3.0,0,29
arena.map,dao,49,0.1445231153685964,1.8,0,astar,1,0.06744699931005016,3.0,0,4
arena.map,dao,49,0.1445231153685964,1.8,0,weighted_astar,1,0.02398499782430008,3.0,0,4
arena.map,dao,49,0.1445231153685964,1.8,0,improved_astar,1,0.02056900120805949,3.0,0,4
arena.map,dao,49,0.1445231153685964,1.8,0,ablation_no_adaptive,1,0.0225000039790757,3.0,0,4
arena.map,dao,49,0.1445231153685964,1.8,0,ablation_no_smoothing,1,0.02138299896614626,3.0,0,4
arena.map,dao,49,0.1445231153685964,1.8,1,dijkstra,1,0.05290399712976068,2.414213562373095,1,14
arena.map,dao,49,0.1445231153685964,1.8,1,astar,1,0.017122001736424863,2.414213562373095,1,3
arena.map,dao,49,0.1445231153685964,1.8,1,weighted_astar,1,0.015976998838596046,2.414213562373095,1,3
arena.map,dao,49,0.1445231153685964,1.8,1,improved_astar,1,0.014836004993412644,2.23606797749979,0,3
arena.map,dao,49,0.1445231153685964,1.8,1,ablation_no_adaptive,1,0.015411002095788717,2.23606797749979,0,3
arena.map,dao,49,0.1445231153685964,1.8,1,ablation_no_smoothing,1,0.014953999198041856,2.414213562373095,1,3
arena.map,dao,49,0.1445231153685964,1.8,2,dijkstra,1,0.04445699596544728,2.0,0,12
arena.map,dao,49,0.1445231153685964,1.8,2,astar,1,0.014904006093274802,2.0,0,3
arena.map,dao,49,0.1445231153685964,1.8,2,weighted_astar,1,0.014579003618564457,2.0,0,3
arena.map,dao,49,0.1445231153685964,1.8,2,improved_astar,1,0.014592005754821002,2.0,0,3
arena.map,dao,49,0.1445231153685964,1.8,2,ablation_no_adaptive,1,0.014277997252065688,2.0,0,3
arena.map,dao,49,0.1445231153685964,1.8,2,ablation_no_smoothing,1,0.014605997421313077,2.0,0,3
arena.map,dao,49,0.1445231153685964,1.8,3,dijkstra,1,0.02568600029917434,1.4142135623730951,0,7
arena.map,dao,49,0.1445231153685964,1.8,3,astar,1,0.009192997822538018,1.4142135623730951,0,2
arena.map,dao,49,0.1445231153685964,1.8,3,weighted_astar,1,0.00877000275067985,1.4142135623730951,0,2
arena.map,dao,49,0.1445231153685964,1.8,3,improved_astar,1,0.0083619961515069,1.4142135623730951,0,2
arena.map,dao,49,0.1445231153685964,1.8,3,ablation_no_adaptive,1,0.008455994247924536,1.4142135623730951,0,2
arena.map,dao,49,0.1445231153685964,1.8,3,ablation_no_smoothing,1,0.008191003871615976,1.4142135623730951,0,2
arena.map,dao,49,0.1445231153685964,1.8,4,dijkstra,1,0.16466799570480362,3.82842712474619,1,43
arena.map,dao,49,0.1445231153685964,1.8,4,astar,1,0.023947999579831958,3.82842712474619,2,4
arena.map,dao,49,0.1445231153685964,1.8,4,weighted_astar,1,0.023002998204901814,3.8284271247461903,1,4
arena.map,dao,49,0.1445231153685964,1.8,4,improved_astar,1,0.023626998881809413,3.605551275463989,0,4
arena.map,dao,49,0.1445231153685964,1.8,4,ablation_no_adaptive,1,0.023041997337713838,3.605551275463989,0,4
arena.map,dao,49,0.1445231153685964,1.8,4,ablation_no_smoothing,1,0.02353700256207958,3.8284271247461903,1,4
arena.map,dao,49,0.1445231153685964,1.8,5,dijkstra,1,0.02633099938975647,2.0,0,8
arena.map,dao,49,0.1445231153685964,1.8,5,astar,1,0.010921001376118511,2.0,0,3
arena.map,dao,49,0.1445231153685964,1.8,5,weighted_astar,1,0.02740199852269143,2.0,0,3
arena.map,dao,49,0.1445231153685964,1.8,5,improved_astar,1,0.022494998120237142,2.0,0,3
arena.map,dao,49,0.1445231153685964,1.8,5,ablation_no_adaptive,1,0.012702003004960716,2.0,0,3
arena.map,dao,49,0.1445231153685964,1.8,5,ablation_no_smoothing,1,0.011133997759316117,2.0,0,3
arena.map,dao,49,0.1445231153685964,1.8,6,dijkstra,1,0.06503699842141941,2.414213562373095,1,18
arena.map,dao,49,0.1445231153685964,1.8,6,astar,1,0.01598199742147699,2.414213562373095,1,3
arena.map,dao,49,0.1445231153685964,1.8,6,weighted_astar,1,0.01576400245539844,2.414213562373095,1,3
arena.map,dao,49,0.1445231153685964,1.8,6,improved_astar,1,0.015362995327450335,2.23606797749979,0,3
arena.map,dao,49,0.1445231153685964,1.8,6,ablation_no_adaptive,1,0.014198005374055356,2.23606797749979,0,3
arena.map,dao,49,0.1445231153685964,1.8,6,ablation_no_smoothing,1,0.015817997336853296,2.414213562373095,1,3
arena.map,dao,49,0.1445231153685964,1.8,7,dijkstra,1,0.14114299847278744,3.82842712474619,1,41
arena.map,dao,49,0.1445231153685964,1.8,7,astar,1,0.022833002731204033,3.82842712474619,2,4
arena.map,dao,49,0.1445231153685964,1.8,7,weighted_astar,1,0.022909996914677322,3.8284271247461903,1,4
arena.map,dao,49,0.1445231153685964,1.8,7,improved_astar,1,0.021690000721719116,3.605551275463989,0,4
arena.map,dao,49,0.1445231153685964,1.8,7,ablation_no_adaptive,1,0.021394000214058906,3.605551275463989,0,4
arena.map,dao,49,0.1445231153685964,1.8,7,ablation_no_smoothing,1,0.02174199471483007,3.8284271247461903,1,4
arena.map,dao,49,0.1445231153685964,1.8,8,dijkstra,1,0.0659869983792305,3.82842712474619,1,21
arena.map,dao,49,0.1445231153685964,1.8,8,astar,1,0.01836600131355226,3.82842712474619,2,4
arena.map,dao,49,0.1445231153685964,1.8,8,weighted_astar,1,0.06519300222862512,3.8284271247461903,1,4
arena.map,dao,49,0.1445231153685964,1.8,8,improved_astar,1,0.030355004128068686,3.605551275463989,0,4
arena.map,dao,49,0.1445231153685964,1.8,8,ablation_no_adaptive,1,0.019920000340789557,3.605551275463989,0,4
arena.map,dao,49,0.1445231153685964,1.8,8,ablation_no_smoothing,1,0.01926199911395088,3.8284271247461903,1,4
arena.map,dao,49,0.1445231153685964,1.8,9,dijkstra,1,0.07120500231394544,3.414213562373095,1,22
arena.map,dao,49,0.1445231153685964,1.8,9,astar,1,0.021108004148118198,3.414213562373095,1,4
arena.map,dao,49,0.1445231153685964,1.8,9,weighted_astar,1,0.020927000150550157,3.414213562373095,1,4
arena.map,dao,49,0.1445231153685964,1.8,9,improved_astar,1,0.020665000192821026,3.1622776601683795,0,4
arena.map,dao,49,0.1445231153685964,1.8,9,ablation_no_adaptive,1,0.04780299786943942,3.1622776601683795,0,4
arena.map,dao,49,0.1445231153685964,1.8,9,ablation_no_smoothing,1,0.024231005227193236,3.414213562373095,1,4
arena.map,dao,49,0.1445231153685964,1.8,10,dijkstra,1,0.2895680008805357,5.82842712474619,1,82
arena.map,dao,49,0.1445231153685964,1.8,10,astar,1,0.03694100450957194,5.82842712474619,1,6
arena.map,dao,49,0.1445231153685964,1.8,10,weighted_astar,1,0.033732998417690396,5.82842712474619,1,6
arena.map,dao,49,0.1445231153685964,1.8,10,improved_astar,1,0.03378800465725362,5.385164807134504,0,6
arena.map,dao,49,0.1445231153685964,1.8,10,ablation_no_adaptive,1,0.03477100108284503,5.385164807134504,0,6
arena.map,dao,49,0.1445231153685964,1.8,10,ablation_no_smoothing,1,0.034115000744350255,5.82842712474619,1,6
arena.map,dao,49,0.1445231153685964,1.8,11,dijkstra,1,0.23762600176269189,4.82842712474619,1,66
arena.map,dao,49,0.1445231153685964,1.8,11,astar,1,0.04100799560546875,4.82842712474619,1,7
arena.map,dao,49,0.1445231153685964,1.8,11,weighted_astar,1,0.03603900404414162,4.82842712474619,1,5
arena.map,dao,49,0.1445231153685964,1.8,11,improved_astar,1,0.02832499740179628,4.47213595499958,0,5
arena.map,dao,49,0.1445231153685964,1.8,11,ablation_no_adaptive,1,0.04503700620261952,4.47213595499958,0,7
arena.map,dao,49,0.1445231153685964,1.8,11,ablation_no_smoothing,1,0.0311760013573803,4.82842712474619,1,5
arena.map,dao,49,0.1445231153685964,1.8,12,dijkstra,1,0.5867260042577982,7.65685424949238,1,163
arena.map,dao,49,0.1445231153685964,1.8,12,astar,1,0.04486699617700651,7.65685424949238,1,7
arena.map,dao,49,0.1445231153685964,1.8,12,weighted_astar,1,0.04316600097808987,7.656854249492381,1,7
arena.map,dao,49,0.1445231153685964,1.8,12,improved_astar,1,0.04170399915892631,7.211102550927978,0,7
arena.map,dao,49,0.1445231153685964,1.8,12,ablation_no_adaptive,1,0.04099299985682592,7.211102550927978,0,7
arena.map,dao,49,0.1445231153685964,1.8,12,ablation_no_smoothing,1,0.04743099998449907,7.656854249492381,1,7
arena.map,dao,49,0.1445231153685964,1.8,13,dijkstra,1,0.2682470003492199,5.656854249492381,0,78
arena.map,dao,49,0.1445231153685964,1.8,13,astar,1,0.03320500400150195,5.656854249492381,0,5
arena.map,dao,49,0.1445231153685964,1.8,13,weighted_astar,1,0.029984999855514616,5.656854249492381,0,5
arena.map,dao,49,0.1445231153685964,1.8,13,improved_astar,1,0.029823997465427965,5.656854249492381,0,5
arena.map,dao,49,0.1445231153685964,1.8,13,ablation_no_adaptive,1,0.029827999242115766,5.656854249492381,0,5
arena.map,dao,49,0.1445231153685964,1.8,13,ablation_no_smoothing,1,0.031144001695793122,5.656854249492381,0,5
arena.map,dao,49,0.1445231153685964,1.8,14,dijkstra,1,0.19800199515884742,4.414213562373095,1,55
arena.map,dao,49,0.1445231153685964,1.8,14,astar,1,0.02910199691541493,4.414213562373095,1,5
arena.map,dao,49,0.1445231153685964,1.8,14,weighted_astar,1,0.025818000722210854,4.414213562373095,1,5
arena.map,dao,49,0.1445231153685964,1.8,14,improved_astar,1,0.025845998607110232,4.123105625617661,0,5
arena.map,dao,49,0.1445231153685964,1.8,14,ablation_no_adaptive,1,0.026823996449820697,4.123105625617661,0,5
arena.map,dao,49,0.1445231153685964,1.8,14,ablation_no_smoothing,1,0.027381000109016895,4.414213562373095,1,5
arena.map,dao,49,0.1445231153685964,1.8,15,dijkstra,1,0.2608659997349605,4.82842712474619,1,67
arena.map,dao,49,0.1445231153685964,1.8,15,astar,1,0.04710599750978872,4.82842712474619,1,9
arena.map,dao,49,0.1445231153685964,1.8,15,weighted_astar,1,0.029704002372454852,4.82842712474619,1,5
arena.map,dao,49,0.1445231153685964,1.8,15,improved_astar,1,0.028349997592158616,4.47213595499958,0,5
arena.map,dao,49,0.1445231153685964,1.8,15,ablation_no_adaptive,1,0.044890999561175704,4.47213595499958,0,9
arena.map,dao,49,0.1445231153685964,1.8,15,ablation_no_smoothing,1,0.027861999114975333,4.82842712474619,1,5
arena.map,dao,49,0.1445231153685964,1.8,16,dijkstra,1,0.23266400239663199,4.82842712474619,1,69
arena.map,dao,49,0.1445231153685964,1.8,16,astar,1,0.05805399996461347,4.82842712474619,1,9
arena.map,dao,49,0.1445231153685964,1.8,16,weighted_astar,1,0.0307910013361834,4.82842712474619,1,5
arena.map,dao,49,0.1445231153685964,1.8,16,improved_astar,1,0.02906799636548385,4.47213595499958,0,5
arena.map,dao,49,0.1445231153685964,1.8,16,ablation_no_adaptive,1,0.04368599911686033,4.47213595499958,0,9
arena.map,dao,49,0.1445231153685964,1.8,16,ablation_no_smoothing,1,0.029473005270119756,4.82842712474619,1,5
arena.map,dao,49,0.1445231153685964,1.8,17,dijkstra,1,0.3435260005062446,6.242640687119285,1,95
arena.map,dao,49,0.1445231153685964,1.8,17,astar,1,0.038940001104492694,6.242640687119286,1,6
arena.map,dao,49,0.1445231153685964,1.8,17,weighted_astar,1,0.03437999839661643,6.242640687119286,1,6
arena.map,dao,49,0.1445231153685964,1.8,17,improved_astar,1,0.0335730001097545,5.830951894845301,0,6
arena.map,dao,49,0.1445231153685964,1.8,17,ablation_no_adaptive,1,0.03511500108288601,5.830951894845301,0,6
arena.map,dao,49,0.1445231153685964,1.8,17,ablation_no_smoothing,1,0.032935000490397215,6.242640687119286,1,6
arena.map,dao,49,0.1445231153685964,1.8,18,dijkstra,1,0.2052160052699037,4.414213562373095,1,59
arena.map,dao,49,0.1445231153685964,1.8,18,astar,1,0.041209998016711324,4.414213562373095,1,8
arena.map,dao,49,0.1445231153685964,1.8,18,weighted_astar,1,0.027456000680103898,4.414213562373095,1,5
arena.map,dao,49,0.1445231153685964,1.8,18,improved_astar,1,0.026631001674104482,4.123105625617661,0,5
arena.map,dao,49,0.1445231153685964,1.8,18,ablation_no_adaptive,1,0.039318998460657895,4.123105625617661,0,8
arena.map,dao,49,0.1445231153685964,1.8,18,ablation_no_smoothing,1,0.026881003577727824,4.414213562373095,1,5
arena.map,dao,49,0.1445231153685964,1.8,19,dijkstra,1,0.2133289963239804,4.242640687119286,0,51
arena.map,dao,49,0.1445231153685964,1.8,19,astar,1,0.026579000405035913,4.242640687119286,0,4
arena.map,dao,49,0.1445231153685964,1.8,19,weighted_astar,1,0.023125998268369585,4.242640687119286,0,4
arena.map,dao,49,0.1445231153685964,1.8,19,improved_astar,1,0.022503998479805887,4.242640687119285,0,4
arena.map,dao,49,0.1445231153685964,1.8,19,ablation_no_adaptive,1,0.02280699845869094,4.242640687119285,0,4
arena.map,dao,49,0.1445231153685964,1.8,19,ablation_no_smoothing,1,0.022374006221070886,4.242640687119286,0,4
arena.map,dao,49,0.1445231153685964,1.8,20,dijkstra,1,0.38356699951691553,9.899494936611667,0,109
arena.map,dao,49,0.1445231153685964,1.8,20,astar,1,0.05257299926597625,9.899494936611667,0,8
arena.map,dao,49,0.1445231153685964,1.8,20,weighted_astar,1,0.04989800072507933,9.899494936611667,0,8
arena.map,dao,49,0.1445231153685964,1.8,20,improved_astar,1,0.04791699757333845,9.899494936611665,0,8
arena.map,dao,49,0.1445231153685964,1.8,20,ablation_no_adaptive,1,0.048210000386461616,9.899494936611665,0,8
arena.map,dao,49,0.1445231153685964,1.8,20,ablation_no_smoothing,1,0.05646399949910119,9.899494936611667,0,8
arena.map,dao,49,0.1445231153685964,1.8,21,dijkstra,1,1.3515679966076277,11.82842712474619,2,366
arena.map,dao,49,0.1445231153685964,1.8,21,astar,1,0.1028199985739775,11.82842712474619,2,18
arena.map,dao,49,0.1445231153685964,1.8,21,weighted_astar,1,0.1331530002062209,11.82842712474619,1,12
arena.map,dao,49,0.1445231153685964,1.8,21,improved_astar,1,0.0701180033502169,11.180339887498949,0,12
arena.map,dao,49,0.1445231153685964,1.8,21,ablation_no_adaptive,1,0.09843199950410053,11.180339887498949,0,18
arena.map,dao,49,0.1445231153685964,1.8,21,ablation_no_smoothing,1,0.07568499859189615,11.82842712474619,1,12
arena.map,dao,49,0.1445231153685964,1.8,22,dijkstra,1,0.8854430052451789,9.82842712474619,4,243
arena.map,dao,49,0.1445231153685964,1.8,22,astar,1,0.056059005146380514,9.82842712474619,4,10
arena.map,dao,49,0.1445231153685964,1.8,22,weighted_astar,1,0.048093002988025546,9.82842712474619,4,10
arena.map,dao,49,0.1445231153685964,1.8,22,improved_astar,1,0.04701100260717794,9.359173603117451,2,10
arena.map,dao,49,0.1445231153685964,1.8,22,ablation_no_adaptive,1,0.050268994527868927,9.307135789365265,1,10
arena.map,dao,49,0.1445231153685964,1.8,22,ablation_no_smoothing,1,0.04746699414681643,9.82842712474619,4,10
arena.map,dao,49,0.1445231153685964,1.8,23,dijkstra,1,0.5170669974177144,9.242640687119284,2,154
arena.map,dao,49,0.1445231153685964,1.8,23,astar,1,0.05414999759523198,9.242640687119284,3,9
arena.map,dao,49,0.1445231153685964,1.8,23,weighted_astar,1,0.07553300383733585,9.242640687119286,1,9
arena.map,dao,49,0.1445231153685964,1.8,23,improved_astar,1,0.05040499672759324,8.54400374531753,0,9
arena.map,dao,49,0.1445231153685964,1.8,23,ablation_no_adaptive,1,0.05233599949860945,8.54400374531753,0,9
arena.map,dao,49,0.1445231153685964,1.8,23,ablation_no_smoothing,1,0.0507849981659092,9.242640687119286,1,9
arena.map,dao,49,0.1445231153685964,1.8,24,dijkstra,1,1.020235002215486,10.414213562373096,1,284
arena.map,dao,49,0.1445231153685964,1.8,24,astar,1,0.10208300227532163,10.414213562373096,1,20
arena.map,dao,49,0.1445231153685964,1.8,24,weighted_astar,1,0.06207200203789398,10.414213562373096,1,11
arena.map,dao,49,0.1445231153685964,1.8,24,improved_astar,1,0.06036600098013878,10.04987562112089,0,11
arena.map,dao,49,0.1445231153685964,1.8,24,ablation_no_adaptive,1,0.15365299623226747,10.04987562112089,0,20
arena.map,dao,49,0.1445231153685964,1.8,24,ablation_no_smoothing,1,0.06317299994407222,10.414213562373096,1,11
arena.map,dao,49,0.1445231153685964,1.8,25,dijkstra,1,1.1407569982111454,11.071067811865476,3,312
arena.map,dao,49,0.1445231153685964,1.8,25,astar,1,0.06626899994444102,11.071067811865476,1,10
arena.map,dao,49,0.1445231153685964,1.8,25,weighted_astar,1,0.06042700260877609,11.071067811865476,1,10
arena.map,dao,49,0.1445231153685964,1.8,25,improved_astar,1,0.05897800292586908,10.295630140987,0,10
arena.map,dao,49,0.1445231153685964,1.8,25,ablation_no_adaptive,1,0.06208600098034367,10.295630140987,0,10
arena.map,dao,49,0.1445231153685964,1.8,25,ablation_no_smoothing,1,0.05957500252407044,11.071067811865476,1,10
arena.map,dao,49,0.1445231153685964,1.8,26,dijkstra,1,0.5727679963456467,8.071067811865476,1,162
arena.map,dao,49,0.1445231153685964,1.8,26,astar,1,0.04759299918077886,8.071067811865476,1,7
arena.map,dao,49,0.1445231153685964,1.8,26,weighted_astar,1,0.041475999751128256,8.071067811865476,1,7
arena.map,dao,49,0.1445231153685964,1.8,26,improved_astar,1,0.04161799733992666,7.810249675906654,0,7
arena.map,dao,49,0.1445231153685964,1.8,26,ablation_no_adaptive,1,0.04374799755169079,7.810249675906654,0,7
arena.map,dao,49,0.1445231153685964,1.8,26,ablation_no_smoothing,1,0.042808998841792345,8.071067811865476,1,7
arena.map,dao,49,0.1445231153685964,1.8,27,dijkstra,1,0.46007199853193015,9.242640687119284,2,134
arena.map,dao,49,0.1445231153685964,1.8,27,astar,1,0.057805998949334025,9.242640687119284,4,10
arena.map,dao,49,0.1445231153685964,1.8,27,weighted_astar,1,0.050381000619381666,9.242640687119286,1,9
arena.map,dao,49,0.1445231153685964,1.8,27,improved_astar,1,0.07584500417578965,8.54400374531753,0,9
arena.map,dao,49,0.1445231153685964,1.8,27,ablation_no_adaptive,1,0.058151999837718904,8.54400374531753,0,10
arena.map,dao,49,0.1445231153685964,1.8,27,ablation_no_smoothing,1,0.049158996262121946,9.242640687119286,1,9
arena.map,dao,49,0.1445231153685964,1.8,28,dijkstra,1,0.6296040010056458,8.071067811865476,1,167
arena.map,dao,49,0.1445231153685964,1.8,28,astar,1,0.04697300028055906,8.071067811865476,1,7
arena.map,dao,49,0.1445231153685964,1.8,28,weighted_astar,1,0.042857995140366256,8.071067811865476,1,7
arena.map,dao,49,0.1445231153685964,1.8,28,improved_astar,1,0.05867100117029622,7.810249675906654,0,7
arena.map,dao,49,0.1445231153685964,1.8,28,ablation_no_adaptive,1,0.05193499964661896,7.810249675906654,0,7
arena.map,dao,49,0.1445231153685964,1.8,28,ablation_no_smoothing,1,0.04331300442572683,8.071067811865476,1,7
arena.map,dao,49,0.1445231153685964,1.8,29,dijkstra,1,0.923122999665793,10.071067811865476,1,247
arena.map,dao,49,0.1445231153685964,1.8,29,astar,1,0.05914599751122296,10.071067811865476,1,9
arena.map,dao,49,0.1445231153685964,1.8,29,weighted_astar,1,0.0528029995621182,10.071067811865476,1,9
arena.map,dao,49,0.1445231153685964,1.8,29,improved_astar,1,0.05323799996403977,9.433981132056603,0,9
arena.map,dao,49,0.1445231153685964,1.8,29,ablation_no_adaptive,1,0.0536619991180487,9.433981132056603,0,9
arena.map,dao,49,0.1445231153685964,1.8,29,ablation_no_smoothing,1,0.05276899901218712,10.071067811865476,1,9
arena2.map,dao,209,0.5860477787805003,1.0,0,dijkstra,1,0.15954899572534487,3.82842712474619,1,45
arena2.map,dao,209,0.5860477787805003,1.0,0,astar,1,0.023317996237892658,3.82842712474619,2,4
arena2.map,dao,209,0.5860477787805003,1.0,0,weighted_astar,1,0.02284099900862202,3.8284271247461903,1,4
arena2.map,dao,209,0.5860477787805003,1.0,0,improved_astar,1,0.021434992959257215,3.605551275463989,0,4
arena2.map,dao,209,0.5860477787805003,1.0,0,ablation_no_adaptive,1,0.02130200300598517,3.605551275463989,0,4
arena2.map,dao,209,0.5860477787805003,1.0,0,ablation_no_smoothing,1,0.022057000023778528,3.82842712474619,2,4
arena2.map,dao,209,0.5860477787805003,1.0,1,dijkstra,1,0.11976600217167288,3.414213562373095,1,34
arena2.map,dao,209,0.5860477787805003,1.0,1,astar,1,0.02145300095435232,3.414213562373095,1,4
arena2.map,dao,209,0.5860477787805003,1.0,1,weighted_astar,1,0.020833998860325664,3.414213562373095,1,4
arena2.map,dao,209,0.5860477787805003,1.0,1,improved_astar,1,0.020034996850881726,3.1622776601683795,0,4
arena2.map,dao,209,0.5860477787805003,1.0,1,ablation_no_adaptive,1,0.021127998479641974,3.1622776601683795,0,4
arena2.map,dao,209,0.5860477787805003,1.0,1,ablation_no_smoothing,1,0.0909409936866723,3.414213562373095,1,4
arena2.map,dao,209,0.5860477787805003,1.0,2,dijkstra,1,0.05875799979548901,2.414213562373095,1,16
arena2.map,dao,209,0.5860477787805003,1.0,2,astar,1,0.01711199729470536,2.414213562373095,1,3
arena2.map,dao,209,0.5860477787805003,1.0,2,weighted_astar,1,0.015163001080509275,2.414213562373095,1,3
arena2.map,dao,209,0.5860477787805003,1.0,2,improved_astar,1,0.015862002328503877,2.23606797749979,0,3
arena2.map,dao,209,0.5860477787805003,1.0,2,ablation_no_adaptive,1,0.015414007066283375,2.23606797749979,0,3
arena2.map,dao,209,0.5860477787805003,1.0,2,ablation_no_smoothing,1,0.016589998267591,2.414213562373095,1,3
arena2.map,dao,209,0.5860477787805003,1.0,3,dijkstra,1,0.09502699685981497,2.414213562373095,1,20
arena2.map,dao,209,0.5860477787805003,1.0,3,astar,1,0.022597996576223522,2.414213562373095,1,4
arena2.map,dao,209,0.5860477787805003,1.0,3,weighted_astar,1,0.01639099355088547,2.414213562373095,1,3
arena2.map,dao,209,0.5860477787805003,1.0,3,improved_astar,1,0.01966499985428527,2.23606797749979,0,4
arena2.map,dao,209,0.5860477787805003,1.0,3,ablation_no_adaptive,1,0.021474996174219996,2.23606797749979,0,4
arena2.map,dao,209,0.5860477787805003,1.0,3,ablation_no_smoothing,1,0.02057100209640339,2.414213562373095,1,4
arena2.map,dao,209,0.5860477787805003,1.0,4,dijkstra,1,0.11168499622726813,3.82842712474619,1,34
arena2.map,dao,209,0.5860477787805003,1.0,4,astar,1,0.02213500556536019,3.82842712474619,2,4
arena2.map,dao,209,0.5860477787805003,1.0,4,weighted_astar,1,0.02190200029872358,3.8284271247461903,1,4
arena2.map,dao,209,0.5860477787805003,1.0,4,improved_astar,1,0.02190099621657282,3.605551275463989,0,4
arena2.map,dao,209,0.5860477787805003,1.0,4,ablation_no_adaptive,1,0.021543004550039768,3.605551275463989,0,4
arena2.map,dao,209,0.5860477787805003,1.0,4,ablation_no_smoothing,1,0.021301995730027556,3.82842712474619,2,4
arena2.map,dao,209,0.5860477787805003,1.0,5,dijkstra,1,0.07074099994497374,2.414213562373095,1,19
arena2.map,dao,209,0.5860477787805003,1.0,5,astar,1,0.0214890023926273,2.414213562373095,1,4
arena2.map,dao,209,0.5860477787805003,1.0,5,weighted_astar,1,0.016285994206555188,2.414213562373095,1,3
arena2.map,dao,209,0.5860477787805003,1.0,5,improved_astar,1,0.01951000012923032,2.23606797749979,0,4
arena2.map,dao,209,0.5860477787805003,1.0,5,ablation_no_adaptive,1,0.020060004317201674,2.23606797749979,0,4
arena2.map,dao,209,0.5860477787805003,1.0,5,ablation_no_smoothing,1,0.021077001292724162,2.414213562373095,1,4
arena2.map,dao,209,0.5860477787805003,1.0,6,dijkstra,1,0.14763899525860325,3.82842712474619,1,40
arena2.map,dao,209,0.5860477787805003,1.0,6,astar,1,0.02365099499002099,3.82842712474619,2,4
arena2.map,dao,209,0.5860477787805003,1.0,6,weighted_astar,1,0.02277000021422282,3.8284271247461903,1,4
arena2.map,dao,209,0.5860477787805003,1.0,6,improved_astar,1,0.021128005755599588,3.605551275463989,0,4
arena2.map,dao,209,0.5860477787805003,1.0,6,ablation_no_adaptive,1,0.021257001208141446,3.605551275463989,0,4
arena2.map,dao,209,0.5860477787805003,1.0,6,ablation_no_smoothing,1,0.02157199924113229,3.82842712474619,2,4
arena2.map,dao,209,0.5860477787805003,1.0,7,dijkstra,1,0.08957099635154009,2.414213562373095,1,18
arena2.map,dao,209,0.5860477787805003,1.0,7,astar,1,0.017712001863401383,2.414213562373095,1,3
arena2.map,dao,209,0.5860477787805003,1.0,7,weighted_astar,1,0.01673299993854016,2.414213562373095,1,3
arena2.map,dao,209,0.5860477787805003,1.0,7,improved_astar,1,0.014623998140450567,2.23606797749979,0,3
arena2.map,dao,209,0.5860477787805003,1.0,7,ablation_no_adaptive,1,0.01564100239193067,2.23606797749979,0,3
arena2.map,dao,209,0.5860477787805003,1.0,7,ablation_no_smoothing,1,0.015313999028876424,2.414213562373095,1,3
arena2.map,dao,209,0.5860477787805003,1.0,8,dijkstra,1,0.019752005755435675,1.0,0,5
arena2.map,dao,209,0.5860477787805003,1.0,8,astar,1,0.008976996468845755,1.0,0,2
arena2.map,dao,209,0.5860477787805003,1.0,8,weighted_astar,1,0.008902003173716366,1.0,0,2
arena2.map,dao,209,0.5860477787805003,1.0,8,improved_astar,1,0.008758994226809591,1.0,0,2
arena2.map,dao,209,0.5860477787805003,1.0,8,ablation_no_adaptive,1,0.008729002729523927,1.0,0,2
arena2.map,dao,209,0.5860477787805003,1.0,8,ablation_no_smoothing,1,0.008811999578028917,1.0,0,2
arena2.map,dao,209,0.5860477787805003,1.0,9,dijkstra,1,0.005184003384783864,1.0,0,2
arena2.map,dao,209,0.5860477787805003,1.0,9,astar,1,0.006154004950076342,1.0,0,2
arena2.map,dao,209,0.5860477787805003,1.0,9,weighted_astar,1,0.0059779995353892446,1.0,0,2
arena2.map,dao,209,0.5860477787805003,1.0,9,improved_astar,1,0.006342997949104756,1.0,0,2
arena2.map,dao,209,0.5860477787805003,1.0,9,ablation_no_adaptive,1,0.006963004125282168,1.0,0,2
arena2.map,dao,209,0.5860477787805003,1.0,9,ablation_no_smoothing,1,0.0062539984355680645,1.0,0,2
arena2.map,dao,209,0.5860477787805003,1.0,10,dijkstra,1,0.3146880044369027,6.65685424949238,1,85
arena2.map,dao,209,0.5860477787805003,1.0,10,astar,1,0.04979999357601628,6.65685424949238,2,8
arena2.map,dao,209,0.5860477787805003,1.0,10,weighted_astar,1,0.035887002013623714,6.656854249492381,1,6
arena2.map,dao,209,0.5860477787805003,1.0,10,improved_astar,1,0.04352699761511758,6.4031242374328485,0,8
arena2.map,dao,209,0.5860477787805003,1.0,10,ablation_no_adaptive,1,0.050139002269133925,6.4031242374328485,0,8
arena2.map,dao,209,0.5860477787805003,1.0,10,ablation_no_smoothing,1,0.043883999751415104,6.65685424949238,2,8
arena2.map,dao,209,0.5860477787805003,1.0,11,dijkstra,1,0.19902200438082218,4.0,0,49
arena2.map,dao,209,0.5860477787805003,1.0,11,astar,1,0.030162002076394856,4.0,0,5
arena2.map,dao,209,0.5860477787805003,1.0,11,weighted_astar,1,0.026664994948077947,4.0,0,5
arena2.map,dao,209,0.5860477787805003,1.0,11,improved_astar,1,0.025519999326206744,4.0,0,5
arena2.map,dao,209,0.5860477787805003,1.0,11,ablation_no_adaptive,1,0.026442001399118453,4.0,0,5
arena2.map,dao,209,0.5860477787805003,1.0,11,ablation_no_smoothing,1,0.02664700150489807,4.0,0,5
arena2.map,dao,209,0.5860477787805003,1.0,12,dijkstra,1,0.48931899800663814,7.0,0,138
arena2.map,dao,209,0.5860477787805003,1.0,12,astar,1,0.051242997869849205,7.0,0,8
arena2.map,dao,209,0.5860477787805003,1.0,12,weighted_astar,1,0.04275899846106768,7.0,0,8
arena2.map,dao,209,0.5860477787805003,1.0,12,improved_astar,1,0.06695400224998593,7.0,0,8
arena2.map,dao,209,0.5860477787805003,1.0,12,ablation_no_adaptive,1,0.045050001062918454,7.0,0,8
arena2.map,dao,209,0.5860477787805003,1.0,12,ablation_no_smoothing,1,0.04270200588507578,7.0,0,8
arena2.map,dao,209,0.5860477787805003,1.0,13,dijkstra,1,0.43906900100409985,7.242640687119285,1,130
arena2.map,dao,209,0.5860477787805003,1.0,13,astar,1,0.08309199620271102,7.242640687119285,4,7
arena2.map,dao,209,0.5860477787805003,1.0,13,weighted_astar,1,0.044512002205010504,7.242640687119286,1,7
arena2.map,dao,209,0.5860477787805003,1.0,13,improved_astar,1,0.039578997530043125,6.708203932499369,0,7
arena2.map,dao,209,0.5860477787805003,1.0,13,ablation_no_adaptive,1,0.04011900455225259,6.708203932499369,0,7
arena2.map,dao,209,0.5860477787805003,1.0,13,ablation_no_smoothing,1,0.038777994632255286,7.242640687119285,4,7
arena2.map,dao,209,0.5860477787805003,1.0,14,dijkstra,1,0.34323699946980923,6.414213562373095,1,94
arena2.map,dao,209,0.5860477787805003,1.0,14,astar,1,0.06223499804036692,6.414213562373095,1,12
arena2.map,dao,209,0.5860477787805003,1.0,14,weighted_astar,1,0.04068700218340382,6.414213562373095,1,7
arena2.map,dao,209,0.5860477787805003,1.0,14,improved_astar,1,0.057001001550816,6.082762530298219,0,12
arena2.map,dao,209,0.5860477787805003,1.0,14,ablation_no_adaptive,1,0.05748699913965538,6.082762530298219,0,12
arena2.map,dao,209,0.5860477787805003,1.0,14,ablation_no_smoothing,1,0.055244003306142986,6.414213562373095,1,12
arena2.map,dao,209,0.5860477787805003,1.0,15,dijkstra,1,0.28255100187379867,5.242640687119285,1,80
arena2.map,dao,209,0.5860477787805003,1.0,15,astar,1,0.06551599653903395,5.242640687119285,2,7
arena2.map,dao,209,0.5860477787805003,1.0,15,weighted_astar,1,0.03263200051151216,5.242640687119286,1,5
arena2.map,dao,209,0.5860477787805003,1.0,15,improved_astar,1,0.039079000998754054,5.0,0,7
arena2.map,dao,209,0.5860477787805003,1.0,15,ablation_no_adaptive,1,0.03857299452647567,5.0,0,7
arena2.map,dao,209,0.5860477787805003,1.0,15,ablation_no_smoothing,1,0.03814000228885561,5.242640687119285,2,7
arena2.map,dao,209,0.5860477787805003,1.0,16,dijkstra,1,0.3580510019673966,7.242640687119285,1,111
arena2.map,dao,209,0.5860477787805003,1.0,16,astar,1,0.0394000016967766,7.242640687119285,3,7
arena2.map,dao,209,0.5860477787805003,1.0,16,weighted_astar,1,0.04483599332161248,7.242640687119286,1,7
arena2.map,dao,209,0.5860477787805003,1.0,16,improved_astar,1,0.037744001019746065,6.708203932499369,0,7
arena2.map,dao,209,0.5860477787805003,1.0,16,ablation_no_adaptive,1,0.03650000144261867,6.708203932499369,0,7
arena2.map,dao,209,0.5860477787805003,1.0,16,ablation_no_smoothing,1,0.0371570058632642,7.242640687119285,3,7
arena2.map,dao,209,0.5860477787805003,1.0,17,dijkstra,1,0.17429300351068377,4.0,0,45
arena2.map,dao,209,0.5860477787805003,1.0,17,astar,1,0.030427996534854174,4.0,0,5
arena2.map,dao,209,0.5860477787805003,1.0,17,weighted_astar,1,0.025632994947955012,4.0,0,5
arena2.map,dao,209,0.5860477787805003,1.0,17,improved_astar,1,0.025426001229789108,4.0,0,5
arena2.map,dao,209,0.5860477787805003,1.0,17,ablation_no_adaptive,1,0.02596800186438486,4.0,0,5
arena2.map,dao,209,0.5860477787805003,1.0,17,ablation_no_smoothing,1,0.025198001821991056,4.0,0,5
arena2.map,dao,209,0.5860477787805003,1.0,18,dijkstra,1,0.3085549979005009,5.656854249492381,0,91
arena2.map,dao,209,0.5860477787805003,1.0,18,astar,1,0.03168400144204497,5.656854249492381,0,5
arena2.map,dao,209,0.5860477787805003,1.0,18,weighted_astar,1,0.02952499926323071,5.656854249492381,0,5
arena2.map,dao,209,0.5860477787805003,1.0,18,improved_astar,1,0.02954400406451896,5.656854249492381,0,5
arena2.map,dao,209,0.5860477787805003,1.0,18,ablation_no_adaptive,1,0.0298469967674464,5.656854249492381,0,5
arena2.map,dao,209,0.5860477787805003,1.0,18,ablation_no_smoothing,1,0.030686001991853118,5.656854249492381,0,5
arena2.map,dao,209,0.5860477787805003,1.0,19,dijkstra,1,0.20265299826860428,6.414213562373095,1,61
arena2.map,dao,209,0.5860477787805003,1.0,19,astar,1,0.06136999581940472,6.414213562373095,1,7
arena2.map,dao,209,0.5860477787805003,1.0,19,weighted_astar,1,0.037657002394553274,6.414213562373095,1,7
arena2.map,dao,209,0.5860477787805003,1.0,19,improved_astar,1,0.0359599944204092,6.082762530298219,0,7
arena2.map,dao,209,0.5860477787805003,1.0,19,ablation_no_adaptive,1,0.03676699998322874,6.082762530298219,0,7
arena2.map,dao,209,0.5860477787805003,1.0,19,ablation_no_smoothing,1,0.035897995985578746,6.414213562373095,1,7
arena2.map,dao,209,0.5860477787805003,1.0,20,dijkstra,1,2.194458997109905,10.414213562373096,1,295
arena2.map,dao,209,0.5860477787805003,1.0,20,astar,1,0.11066400475101545,10.414213562373096,1,20
arena2.map,dao,209,0.5860477787805003,1.0,20,weighted_astar,1,0.07844199717510492,10.414213562373096,1,11
arena2.map,dao,209,0.5860477787805003,1.0,20,improved_astar,1,0.10236100206384435,10.04987562112089,0,20
arena2.map,dao,209,0.5860477787805003,1.0,20,ablation_no_adaptive,1,0.10170099994866177,10.04987562112089,0,20
arena2.map,dao,209,0.5860477787805003,1.0,20,ablation_no_smoothing,1,0.13618700177175924,10.414213562373096,1,20
arena2.map,dao,209,0.5860477787805003,1.0,21,dijkstra,1,1.0905379967880435,11.313708498984763,0,300
arena2.map,dao,209,0.5860477787805003,1.0,21,astar,1,0.06721100362483412,11.313708498984763,0,9
arena2.map,dao,209,0.5860477787805003,1.0,21,weighted_astar,1,0.057191995438188314,11.313708498984763,0,9
arena2.map,dao,209,0.5860477787805003,1.0,21,improved_astar,1,0.06543200288433582,11.313708498984761,0,9
arena2.map,dao,209,0.5860477787805003,1.0,21,ablation_no_adaptive,1,0.05616700218524784,11.313708498984761,0,9
arena2.map,dao,209,0.5860477787805003,1.0,21,ablation_no_smoothing,1,0.054877004004083574,11.313708498984763,0,9
arena2.map,dao,209,0.5860477787805003,1.0,22,dijkstra,1,0.8490510008414276,11.899494936611667,1,240
arena2.map,dao,209,0.5860477787805003,1.0,22,astar,1,0.06570300320163369,11.899494936611667,2,10
arena2.map,dao,209,0.5860477787805003,1.0,22,weighted_astar,1,0.0594689990975894,11.899494936611667,1,10
arena2.map,dao,209,0.5860477787805003,1.0,22,improved_astar,1,0.06836899410700426,11.40175425099138,0,10
arena2.map,dao,209,0.5860477787805003,1.0,22,ablation_no_adaptive,1,0.061011996876914054,11.40175425099138,0,10
arena2.map,dao,209,0.5860477787805003,1.0,22,ablation_no_smoothing,1,0.05947599856881425,11.899494936611667,2,10
arena2.map,dao,209,0.5860477787805003,1.0,23,dijkstra,1,1.226448999659624,10.899494936611667,1,330
arena2.map,dao,209,0.5860477787805003,1.0,23,astar,1,0.092349000624381,10.899494936611667,1,16
arena2.map,dao,209,0.5860477787805003,1.0,23,weighted_astar,1,0.056990000302903354,10.899494936611667,1,9
arena2.map,dao,209,0.5860477787805003,1.0,23,improved_astar,1,0.08663200424052775,10.63014581273465,0,16
arena2.map,dao,209,0.5860477787805003,1.0,23,ablation_no_adaptive,1,0.08759900083532557,10.63014581273465,0,16
arena2.map,dao,209,0.5860477787805003,1.0,23,ablation_no_smoothing,1,0.08795099711278453,10.899494936611667,1,16
arena2.map,dao,209,0.5860477787805003,1.0,24,dijkstra,1,1.1369389976607636,10.242640687119284,2,297
arena2.map,dao,209,0.5860477787805003,1.0,24,astar,1,0.06347800081130117,10.242640687119284,3,10
arena2.map,dao,209,0.5860477787805003,1.0,24,weighted_astar,1,0.08611100201960653,10.242640687119286,1,10
arena2.map,dao,209,0.5860477787805003,1.0,24,improved_astar,1,0.061726997955702245,9.486832980505138,0,10
arena2.map,dao,209,0.5860477787805003,1.0,24,ablation_no_adaptive,1,0.058969999372493476,9.486832980505138,0,10
arena2.map,dao,209,0.5860477787805003,1.0,24,ablation_no_smoothing,1,0.058953999541699886,10.242640687119284,3,10
arena2.map,dao,209,0.5860477787805003,1.0,25,dijkstra,1,0.5625999983749352,9.82842712474619,4,159
arena2.map,dao,209,0.5860477787805003,1.0,25,astar,1,0.07369599916273728,9.82842712474619,4,16
arena2.map,dao,209,0.5860477787805003,1.0,25,weighted_astar,1,0.05900700489291921,9.82842712474619,4,10
arena2.map,dao,209,0.5860477787805003,1.0,25,improved_astar,1,0.06845600000815466,9.245040190466598,1,16
arena2.map,dao,209,0.5860477787805003,1.0,25,ablation_no_adaptive,1,0.07078800263116136,9.245040190466598,1,16
arena2.map,dao,209,0.5860477787805003,1.0,25,ablation_no_smoothing,1,0.06903599569341168,9.82842712474619,4,16
arena2.map,dao,209,0.5860477787805003,1.0,26,dijkstra,1,1.004781006486155,10.414213562373096,1,276
arena2.map,dao,209,0.5860477787805003,1.0,26,astar,1,0.10107499838341027,10.414213562373096,1,20
arena2.map,dao,209,0.5860477787805003,1.0,26,weighted_astar,1,0.06082300387788564,10.414213562373096,1,11
arena2.map,dao,209,0.5860477787805003,1.0,26,improved_astar,1,0.10852000559680164,10.04987562112089,0,20
arena2.map,dao,209,0.5860477787805003,1.0,26,ablation_no_adaptive,1,0.09523799963062629,10.04987562112089,0,20
arena2.map,dao,209,0.5860477787805003,1.0,26,ablation_no_smoothing,1,0.09467399650020525,10.414213562373096,1,20
arena2.map,dao,209,0.5860477787805003,1.0,27,dijkstra,1,0.8467080042464659,10.0,0,234
arena2.map,dao,209,0.5860477787805003,1.0,27,astar,1,0.06420900172088295,10.0,0,11
arena2.map,dao,209,0.5860477787805003,1.0,27,weighted_astar,1,0.08951799827627838,10.0,0,11
arena2.map,dao,209,0.5860477787805003,1.0,27,improved_astar,1,0.061682003433816135,10.0,0,11
arena2.map,dao,209,0.5860477787805003,1.0,27,ablation_no_adaptive,1,0.06002999725751579,10.0,0,11
arena2.map,dao,209,0.5860477787805003,1.0,27,ablation_no_smoothing,1,0.05981400317978114,10.0,0,11
arena2.map,dao,209,0.5860477787805003,1.0,28,dijkstra,1,1.0620879984344356,10.485281374238571,1,293
arena2.map,dao,209,0.5860477787805003,1.0,28,astar,1,0.11727599485311657,10.485281374238571,1,21
arena2.map,dao,209,0.5860477787805003,1.0,28,weighted_astar,1,0.056785000197123736,10.485281374238571,1,9
arena2.map,dao,209,0.5860477787805003,1.0,28,improved_astar,1,0.11627800267888233,10.0,0,21
arena2.map,dao,209,0.5860477787805003,1.0,28,ablation_no_adaptive,1,0.11369300045771524,10.0,0,21
arena2.map,dao,209,0.5860477787805003,1.0,28,ablation_no_smoothing,1,0.1370190002489835,10.485281374238571,1,21
arena2.map,dao,209,0.5860477787805003,1.0,29,dijkstra,1,0.8765349994064309,9.82842712474619,2,250
arena2.map,dao,209,0.5860477787805003,1.0,29,astar,1,0.11510799959069118,9.82842712474619,4,22
arena2.map,dao,209,0.5860477787805003,1.0,29,weighted_astar,1,0.0835940008983016,9.82842712474619,3,17
arena2.map,dao,209,0.5860477787805003,1.0,29,improved_astar,1,0.10956399637507275,9.261297173761164,2,22
arena2.map,dao,209,0.5860477787805003,1.0,29,ablation_no_adaptive,1,0.11182199523318559,9.261297173761164,2,22
arena2.map,dao,209,0.5860477787805003,1.0,29,ablation_no_smoothing,1,0.11024100240319967,9.82842712474619,4,22
brc000d.map,dao,261,0.5682126511322808,1.0,0,dijkstra,1,0.13721200230065733,2.8284271247461903,0,25
brc000d.map,dao,261,0.5682126511322808,1.0,0,astar,1,0.020268002117518336,2.8284271247461903,0,3
brc000d.map,dao,261,0.5682126511322808,1.0,0,weighted_astar,1,0.016462996427435428,2.8284271247461903,0,3
brc000d.map,dao,261,0.5682126511322808,1.0,0,improved_astar,1,0.01703699672361836,2.8284271247461903,0,3
brc000d.map,dao,261,0.5682126511322808,1.0,0,ablation_no_adaptive,1,0.021209001715760678,2.8284271247461903,0,3
brc000d.map,dao,261,0.5682126511322808,1.0,0,ablation_no_smoothing,1,0.016655998479109257,2.8284271247461903,0,3
brc000d.map,dao,261,0.5682126511322808,1.0,1,dijkstra,1,0.01994700141949579,1.0,0,5
brc000d.map,dao,261,0.5682126511322808,1.0,1,astar,1,0.00896599522093311,1.0,0,2
brc000d.map,dao,261,0.5682126511322808,1.0,1,weighted_astar,1,0.008263996278401464,1.0,0,2
brc000d.map,dao,261,0.5682126511322808,1.0,1,improved_astar,1,0.008347000402864069,1.0,0,2
brc000d.map,dao,261,0.5682126511322808,1.0,1,ablation_no_adaptive,1,0.008818999049253762,1.0,0,2
brc000d.map,dao,261,0.5682126511322808,1.0,1,ablation_no_smoothing,1,0.0089859968284145,1.0,0,2
brc000d.map,dao,261,0.5682126511322808,1.0,2,dijkstra,1,0.03002800076501444,2.0,0,9
brc000d.map,dao,261,0.5682126511322808,1.0,2,astar,1,0.011828000424429774,2.0,0,3
brc000d.map,dao,261,0.5682126511322808,1.0,2,weighted_astar,1,0.010986004781443626,2.0,0,3
brc000d.map,dao,261,0.5682126511322808,1.0,2,improved_astar,1,0.010939002095256,2.0,0,3
brc000d.map,dao,261,0.5682126511322808,1.0,2,ablation_no_adaptive,1,0.01146899739978835,2.0,0,3
brc000d.map,dao,261,0.5682126511322808,1.0,2,ablation_no_smoothing,1,0.011621996236499399,2.0,0,3
brc000d.map,dao,261,0.5682126511322808,1.0,3,dijkstra,1,0.03753999772015959,2.0,0,11
brc000d.map,dao,261,0.5682126511322808,1.0,3,astar,1,0.015416000678669661,2.0,0,3
brc000d.map,dao,261,0.5682126511322808,1.0,3,weighted_astar,1,0.014915996871422976,2.0,0,3
brc000d.map,dao,261,0.5682126511322808,1.0,3,improved_astar,1,0.014181001461111009,2.0,0,3
brc000d.map,dao,261,0.5682126511322808,1.0,3,ablation_no_adaptive,1,0.01467899710405618,2.0,0,3
brc000d.map,dao,261,0.5682126511322808,1.0,3,ablation_no_smoothing,1,0.014365999959409237,2.0,0,3
brc000d.map,dao,261,0.5682126511322808,1.0,4,dijkstra,1,0.09547599620418623,3.414213562373095,1,26
brc000d.map,dao,261,0.5682126511322808,1.0,4,astar,1,0.030076000257395208,3.414213562373095,1,4
brc000d.map,dao,261,0.5682126511322808,1.0,4,weighted_astar,1,0.022505999368149787,3.414213562373095,1,4
brc000d.map,dao,261,0.5682126511322808,1.0,4,improved_astar,1,0.02065199805656448,3.1622776601683795,0,4
brc000d.map,dao,261,0.5682126511322808,1.0,4,ablation_no_adaptive,1,0.022136999177746475,3.1622776601683795,0,4
brc000d.map,dao,261,0.5682126511322808,1.0,4,ablation_no_smoothing,1,0.021287996787577868,3.414213562373095,1,4
brc000d.map,dao,261,0.5682126511322808,1.0,5,dijkstra,1,0.04965499829268083,2.0,0,13
brc000d.map,dao,261,0.5682126511322808,1.0,5,astar,1,0.015845995221752673,2.0,0,3
brc000d.map,dao,261,0.5682126511322808,1.0,5,weighted_astar,1,0.015327997971326113,2.0,0,3
brc000d.map,dao,261,0.5682126511322808,1.0,5,improved_astar,1,0.015505996998399496,2.0,0,3
brc000d.map,dao,261,0.5682126511322808,1.0,5,ablation_no_adaptive,1,0.015523997717536986,2.0,0,3
brc000d.map,dao,261,0.5682126511322808,1.0,5,ablation_no_smoothing,1,0.014170997019391507,2.0,0,3
brc000d.map,dao,261,0.5682126511322808,1.0,6,dijkstra,1,0.1019729970721528,2.8284271247461903,0,23
brc000d.map,dao,261,0.5682126511322808,1.0,6,astar,1,0.01914500171551481,2.8284271247461903,0,3
brc000d.map,dao,261,0.5682126511322808,1.0,6,weighted_astar,1,0.016281999705825,2.8284271247461903,0,3
brc000d.map,dao,261,0.5682126511322808,1.0,6,improved_astar,1,0.016240999684669077,2.8284271247461903,0,3
brc000d.map,dao,261,0.5682126511322808,1.0,6,ablation_no_adaptive,1,0.016236001101788133,2.8284271247461903,0,3
brc000d.map,dao,261,0.5682126511322808,1.0,6,ablation_no_smoothing,1,0.016018006135709584,2.8284271247461903,0,3
brc000d.map,dao,261,0.5682126511322808,1.0,7,dijkstra,1,0.03203400410711765,2.414213562373095,1,10
brc000d.map,dao,261,0.5682126511322808,1.0,7,astar,1,0.018664999515749514,2.414213562373095,1,4
brc000d.map,dao,261,0.5682126511322808,1.0,7,weighted_astar,1,0.0146429956657812,2.414213562373095,1,3
brc000d.map,dao,261,0.5682126511322808,1.0,7,improved_astar,1,0.017811005818657577,2.23606797749979,0,4
brc000d.map,dao,261,0.5682126511322808,1.0,7,ablation_no_adaptive,1,0.018050996004603803,2.23606797749979,0,4
brc000d.map,dao,261,0.5682126511322808,1.0,7,ablation_no_smoothing,1,0.017805003153625876,2.414213562373095,1,4
brc000d.map,dao,261,0.5682126511322808,1.0,8,dijkstra,1,0.026499001251067966,1.4142135623730951,0,7
brc000d.map,dao,261,0.5682126511322808,1.0,8,astar,1,0.009522998880129308,1.4142135623730951,0,2
brc000d.map,dao,261,0.5682126511322808,1.0,8,weighted_astar,1,0.009032002708408982,1.4142135623730951,0,2
brc000d.map,dao,261,0.5682126511322808,1.0,8,improved_astar,1,0.008344999514520168,1.4142135623730951,0,2
brc000d.map,dao,261,0.5682126511322808,1.0,8,ablation_no_adaptive,1,0.00849400385050103,1.4142135623730951,0,2
brc000d.map,dao,261,0.5682126511322808,1.0,8,ablation_no_smoothing,1,0.015529003576375544,1.4142135623730951,0,2
brc000d.map,dao,261,0.5682126511322808,1.0,9,dijkstra,1,0.26839799829758704,3.414213562373095,1,34
brc000d.map,dao,261,0.5682126511322808,1.0,9,astar,1,0.02475600194884464,3.414213562373095,1,4
brc000d.map,dao,261,0.5682126511322808,1.0,9,weighted_astar,1,0.02169700019294396,3.414213562373095,1,4
brc000d.map,dao,261,0.5682126511322808,1.0,9,improved_astar,1,0.020880994270555675,3.1622776601683795,0,4
brc000d.map,dao,261,0.5682126511322808,1.0,9,ablation_no_adaptive,1,0.020756000594701618,3.1622776601683795,0,4
brc000d.map,dao,261,0.5682126511322808,1.0,9,ablation_no_smoothing,1,0.020046005374751985,3.414213562373095,1,4
brc000d.map,dao,261,0.5682126511322808,1.0,10,dijkstra,1,0.1823759957915172,5.0,0,48
brc000d.map,dao,261,0.5682126511322808,1.0,10,astar,1,0.03660799848148599,5.0,0,6
brc000d.map,dao,261,0.5682126511322808,1.0,10,weighted_astar,1,0.030925002647563815,5.0,0,6
brc000d.map,dao,261,0.5682126511322808,1.0,10,improved_astar,1,0.03160600317642093,5.0,0,6
brc000d.map,dao,261,0.5682126511322808,1.0,10,ablation_no_adaptive,1,0.03193099837517366,5.0,0,6
brc000d.map,dao,261,0.5682126511322808,1.0,10,ablation_no_smoothing,1,0.03694200131576508,5.0,0,6
brc000d.map,dao,261,0.5682126511322808,1.0,11,dijkstra,1,0.12372900528134778,4.82842712474619,1,38
brc000d.map,dao,261,0.5682126511322808,1.0,11,astar,1,0.024728004063945264,4.82842712474619,1,5
brc000d.map,dao,261,0.5682126511322808,1.0,11,weighted_astar,1,0.023521999537479132,4.82842712474619,1,5
brc000d.map,dao,261,0.5682126511322808,1.0,11,improved_astar,1,0.02353199670324102,4.47213595499958,0,5
brc000d.map,dao,261,0.5682126511322808,1.0,11,ablation_no_adaptive,1,0.024553999537602067,4.47213595499958,0,5
brc000d.map,dao,261,0.5682126511322808,1.0,11,ablation_no_smoothing,1,0.02432899782434106,4.82842712474619,1,5
brc000d.map,dao,261,0.5682126511322808,1.0,12,dijkstra,1,0.1710190044832416,4.414213562373095,1,47
brc000d.map,dao,261,0.5682126511322808,1.0,12,astar,1,0.042273000872228295,4.414213562373095,1,8
brc000d.map,dao,261,0.5682126511322808,1.0,12,weighted_astar,1,0.026169000193476677,4.414213562373095,1,5
brc000d.map,dao,261,0.5682126511322808,1.0,12,improved_astar,1,0.038393001887016,4.123105625617661,0,8
brc000d.map,dao,261,0.5682126511322808,1.0,12,ablation_no_adaptive,1,0.04019200423499569,4.123105625617661,0,8
brc000d.map,dao,261,0.5682126511322808,1.0,12,ablation_no_smoothing,1,0.06158500036690384,4.414213562373095,1,8
brc000d.map,dao,261,0.5682126511322808,1.0,13,dijkstra,1,0.2367959968978539,4.82842712474619,1,66
brc000d.map,dao,261,0.5682126511322808,1.0,13,astar,1,0.040416001866105944,4.82842712474619,1,7
brc000d.map,dao,261,0.5682126511322808,1.0,13,weighted_astar,1,0.0304810018860735,4.82842712474619,1,5
brc000d.map,dao,261,0.5682126511322808,1.0,13,improved_astar,1,0.03740700049092993,4.47213595499958,0,7
brc000d.map,dao,261,0.5682126511322808,1.0,13,ablation_no_adaptive,1,0.03808199835475534,4.47213595499958,0,7
brc000d.map,dao,261,0.5682126511322808,1.0,13,ablation_no_smoothing,1,0.03838399425148964,4.82842712474619,1,7
brc000d.map,dao,261,0.5682126511322808,1.0,14,dijkstra,1,0.19358500139787793,4.414213562373095,1,53
brc000d.map,dao,261,0.5682126511322808,1.0,14,astar,1,0.04343799810158089,4.414213562373095,1,8
brc000d.map,dao,261,0.5682126511322808,1.0,14,weighted_astar,1,0.026909998268820345,4.414213562373095,1,5
brc000d.map,dao,261,0.5682126511322808,1.0,14,improved_astar,1,0.0410350039601326,4.123105625617661,0,8
brc000d.map,dao,261,0.5682126511322808,1.0,14,ablation_no_adaptive,1,0.04143299884162843,4.123105625617661,0,8
brc000d.map,dao,261,0.5682126511322808,1.0,14,ablation_no_smoothing,1,0.04154500493314117,4.414213562373095,1,8
brc000d.map,dao,261,0.5682126511322808,1.0,15,dijkstra,1,0.4625849978765473,6.82842712474619,1,131
brc000d.map,dao,261,0.5682126511322808,1.0,15,astar,1,0.043020001612603664,6.82842712474619,1,7
brc000d.map,dao,261,0.5682126511322808,1.0,15,weighted_astar,1,0.0399590062443167,6.82842712474619,1,7
brc000d.map,dao,261,0.5682126511322808,1.0,15,improved_astar,1,0.038815996958874166,6.324555320336759,0,7
brc000d.map,dao,261,0.5682126511322808,1.0,15,ablation_no_adaptive,1,0.04637699748855084,6.324555320336759,0,7
brc000d.map,dao,261,0.5682126511322808,1.0,15,ablation_no_smoothing,1,0.03968099917983636,6.82842712474619,1,7
brc000d.map,dao,261,0.5682126511322808,1.0,16,dijkstra,1,0.4371570030343719,6.414213562373095,1,116
brc000d.map,dao,261,0.5682126511322808,1.0,16,astar,1,0.04431400157045573,6.414213562373095,1,7
brc000d.map,dao,261,0.5682126511322808,1.0,16,weighted_astar,1,0.04095499753020704,6.414213562373095,1,7
brc000d.map,dao,261,0.5682126511322808,1.0,16,improved_astar,1,0.039812002796679735,6.082762530298219,0,7
brc000d.map,dao,261,0.5682126511322808,1.0,16,ablation_no_adaptive,1,0.045341999793890864,6.082762530298219,0,7
brc000d.map,dao,261,0.5682126511322808,1.0,16,ablation_no_smoothing,1,0.0404739985242486,6.414213562373095,1,7
brc000d.map,dao,261,0.5682126511322808,1.0,17,dijkstra,1,0.19755399989662692,6.414213562373095,1,51
brc000d.map,dao,261,0.5682126511322808,1.0,17,astar,1,0.044536005589179695,6.414213562373095,1,7
brc000d.map,dao,261,0.5682126511322808,1.0,17,weighted_astar,1,0.03955599822802469,6.414213562373095,1,7
brc000d.map,dao,261,0.5682126511322808,1.0,17,improved_astar,1,0.03734899655682966,6.082762530298219,0,7
brc000d.map,dao,261,0.5682126511322808,1.0,17,ablation_no_adaptive,1,0.03808399924309924,6.082762530298219,0,7
brc000d.map,dao,261,0.5682126511322808,1.0,17,ablation_no_smoothing,1,0.037147998227737844,6.414213562373095,1,7
brc000d.map,dao,261,0.5682126511322808,1.0,18,dijkstra,1,0.6016980041749775,7.82842712474619,1,172
brc000d.map,dao,261,0.5682126511322808,1.0,18,astar,1,0.07986200216691941,7.82842712474619,1,13
brc000d.map,dao,261,0.5682126511322808,1.0,18,weighted_astar,1,0.04726200131699443,7.82842712474619,1,8
brc000d.map,dao,261,0.5682126511322808,1.0,18,improved_astar,1,0.06708600267302245,7.280109889280518,0,13
brc000d.map,dao,261,0.5682126511322808,1.0,18,ablation_no_adaptive,1,0.06895299884490669,7.280109889280518,0,13
brc000d.map,dao,261,0.5682126511322808,1.0,18,ablation_no_smoothing,1,0.09625399979995564,7.82842712474619,1,13
brc000d.map,dao,261,0.5682126511322808,1.0,19,dijkstra,1,0.40268599695991725,7.242640687119285,1,121
brc000d.map,dao,261,0.5682126511322808,1.0,19,astar,1,0.04397799784783274,7.242640687119285,3,7
brc000d.map,dao,261,0.5682126511322808,1.0,19,weighted_astar,1,0.04113400063943118,7.242640687119286,1,7
brc000d.map,dao,261,0.5682126511322808,1.0,19,improved_astar,1,0.04044399975100532,6.708203932499369,0,7
brc000d.map,dao,261,0.5682126511322808,1.0,19,ablation_no_adaptive,1,0.04896499740425497,6.708203932499369,0,7
brc000d.map,dao,261,0.5682126511322808,1.0,19,ablation_no_smoothing,1,0.04150700260652229,7.242640687119285,3,7
brc000d.map,dao,261,0.5682126511322808,1.0,20,dijkstra,1,0.9721859969431534,10.82842712474619,2,268
brc000d.map,dao,261,0.5682126511322808,1.0,20,astar,1,0.06626299727940932,10.82842712474619,2,11
brc000d.map,dao,261,0.5682126511322808,1.0,20,weighted_astar,1,0.06152800051495433,10.82842712474619,1,11
brc000d.map,dao,261,0.5682126511322808,1.0,20,improved_astar,1,0.08881699613993987,10.198039027185569,0,11
brc000d.map,dao,261,0.5682126511322808,1.0,20,ablation_no_adaptive,1,0.06414600647985935,10.198039027185569,0,11
brc000d.map,dao,261,0.5682126511322808,1.0,20,ablation_no_smoothing,1,0.0617260011495091,10.82842712474619,2,11
brc000d.map,dao,261,0.5682126511322808,1.0,21,dijkstra,1,0.6304630005615763,9.242640687119284,2,177
brc000d.map,dao,261,0.5682126511322808,1.0,21,astar,1,0.056436001614201814,9.242640687119284,3,9
brc000d.map,dao,261,0.5682126511322808,1.0,21,weighted_astar,1,0.081800993939396,9.242640687119286,1,9
brc000d.map,dao,261,0.5682126511322808,1.0,21,improved_astar,1,0.05445399438031018,8.54400374531753,0,9
brc000d.map,dao,261,0.5682126511322808,1.0,21,ablation_no_adaptive,1,0.05247600347502157,8.54400374531753,0,9
brc000d.map,dao,261,0.5682126511322808,1.0,21,ablation_no_smoothing,1,0.050908005505334586,9.242640687119284,3,9
brc000d.map,dao,261,0.5682126511322808,1.0,22,dijkstra,1,0.8885299976100214,11.899494936611667,1,254
brc000d.map,dao,261,0.5682126511322808,1.0,22,astar,1,0.06440000288421288,11.899494936611667,2,10
brc000d.map,dao,261,0.5682126511322808,1.0,22,weighted_astar,1,0.06212999869603664,11.899494936611667,1,10
brc000d.map,dao,261,0.5682126511322808,1.0,22,improved_astar,1,0.05798900383524597,11.40175425099138,0,10
brc000d.map,dao,261,0.5682126511322808,1.0,22,ablation_no_adaptive,1,0.08091200288617983,11.40175425099138,0,10
brc000d.map,dao,261,0.5682126511322808,1.0,22,ablation_no_smoothing,1,0.05761400097981095,11.899494936611667,2,10
brc000d.map,dao,261,0.5682126511322808,1.0,23,dijkstra,1,0.9381220006616786,10.414213562373096,1,268
brc000d.map,dao,261,0.5682126511322808,1.0,23,astar,1,0.06818900146754459,10.414213562373096,1,11
brc000d.map,dao,261,0.5682126511322808,1.0,23,weighted_astar,1,0.07430899859173223,10.414213562373096,1,11
brc000d.map,dao,261,0.5682126511322808,1.0,23,improved_astar,1,0.06120200123405084,10.04987562112089,0,11
brc000d.map,dao,261,0.5682126511322808,1.0,23,ablation_no_adaptive,1,0.06283899710979313,10.04987562112089,0,11
brc000d.map,dao,261,0.5682126511322808,1.0,23,ablation_no_smoothing,1,0.06171499990159646,10.414213562373096,1,11
brc000d.map,dao,261,0.5682126511322808,1.0,24,dijkstra,1,0.9380430055898614,10.071067811865476,1,255
brc000d.map,dao,261,0.5682126511322808,1.0,24,astar,1,0.11376499605830759,10.071067811865476,4,21
brc000d.map,dao,261,0.5682126511322808,1.0,24,weighted_astar,1,0.04787099896930158,10.071067811865476,2,9
brc000d.map,dao,261,0.5682126511322808,1.0,24,improved_astar,1,0.10309799836250022,9.433981132056603,0,21
brc000d.map,dao,261,0.5682126511322808,1.0,24,ablation_no_adaptive,1,0.1031500069075264,9.433981132056603,0,21
brc000d.map,dao,261,0.5682126511322808,1.0,24,ablation_no_smoothing,1,0.10299099812982604,10.071067811865476,4,21
brc000d.map,dao,261,0.5682126511322808,1.0,25,dijkstra,1,0.9546989967930131,10.071067811865476,1,264
brc000d.map,dao,261,0.5682126511322808,1.0,25,astar,1,0.05454799975268543,10.071067811865476,3,9
brc000d.map,dao,261,0.5682126511322808,1.0,25,weighted_astar,1,0.05152700032340363,10.071067811865476,3,9
brc000d.map,dao,261,0.5682126511322808,1.0,25,improved_astar,1,0.05781800427939743,9.43650317030929,1,9
brc000d.map,dao,261,0.5682126511322808,1.0,25,ablation_no_adaptive,1,0.05267900269245729,9.43650317030929,1,9
brc000d.map,dao,261,0.5682126511322808,1.0,25,ablation_no_smoothing,1,0.05082200368633494,10.071067811865476,3,9
brc000d.map,dao,261,0.5682126511322808,1.0,26,dijkstra,1,1.1053240014007315,10.82842712474619,2,295
brc000d.map,dao,261,0.5682126511322808,1.0,26,astar,1,0.0732749977032654,10.82842712474619,2,13
brc000d.map,dao,261,0.5682126511322808,1.0,26,weighted_astar,1,0.08210200030589476,10.82842712474619,2,16
brc000d.map,dao,261,0.5682126511322808,1.0,26,improved_astar,1,0.06711300375172868,10.47213595499958,1,13
brc000d.map,dao,261,0.5682126511322808,1.0,26,ablation_no_adaptive,1,0.06736400246154517,10.47213595499958,1,13
brc000d.map,dao,261,0.5682126511322808,1.0,26,ablation_no_smoothing,1,0.06712100002914667,10.82842712474619,2,13
brc000d.map,dao,261,0.5682126511322808,1.0,27,dijkstra,1,0.8186769991880283,10.242640687119284,2,223
brc000d.map,dao,261,0.5682126511322808,1.0,27,astar,1,0.053463998483493924,10.242640687119284,3,10
brc000d.map,dao,261,0.5682126511322808,1.0,27,weighted_astar,1,0.04851900303037837,10.242640687119284,3,10
brc000d.map,dao,261,0.5682126511322808,1.0,27,improved_astar,1,0.049845002649817616,9.508270432752164,1,10
brc000d.map,dao,261,0.5682126511322808,1.0,27,ablation_no_adaptive,1,0.04999900556867942,9.508270432752164,1,10
brc000d.map,dao,261,0.5682126511322808,1.0,27,ablation_no_smoothing,1,0.04920900391880423,10.242640687119284,3,10
brc000d.map,dao,261,0.5682126511322808,1.0,28,dijkstra,1,1.2373170029604807,10.899494936611667,1,334
brc000d.map,dao,261,0.5682126511322808,1.0,28,astar,1,0.08931299817049876,10.899494936611667,1,9
brc000d.map,dao,261,0.5682126511322808,1.0,28,weighted_astar,1,0.0597789985476993,10.899494936611667,1,9
brc000d.map,dao,261,0.5682126511322808,1.0,28,improved_astar,1,0.05695500294677913,10.63014581273465,0,9
brc000d.map,dao,261,0.5682126511322808,1.0,28,ablation_no_adaptive,1,0.05535400123335421,10.63014581273465,0,9
brc000d.map,dao,261,0.5682126511322808,1.0,28,ablation_no_smoothing,1,0.05436200444819406,10.899494936611667,1,9
brc000d.map,dao,261,0.5682126511322808,1.0,29,dijkstra,1,1.1373770030331798,10.65685424949238,3,309
brc000d.map,dao,261,0.5682126511322808,1.0,29,astar,1,0.0638390047242865,10.65685424949238,2,10
brc000d.map,dao,261,0.5682126511322808,1.0,29,weighted_astar,1,0.05815999611513689,10.65685424949238,1,10
brc000d.map,dao,261,0.5682126511322808,1.0,29,improved_astar,1,0.10300600115442649,9.848857801796104,0,10
brc000d.map,dao,261,0.5682126511322808,1.0,29,ablation_no_adaptive,1,0.06061800377210602,9.848857801796104,0,10
brc000d.map,dao,261,0.5682126511322808,1.0,29,ablation_no_smoothing,1,0.0580060004722327,10.65685424949238,2,10
brc100d.map,dao,492,0.8768459413109756,1.0,0,dijkstra,1,0.027506001060828567,1.4142135623730951,0,6
brc100d.map,dao,492,0.8768459413109756,1.0,0,astar,1,0.011634998372755945,1.4142135623730951,0,2
brc100d.map,dao,492,0.8768459413109756,1.0,0,weighted_astar,1,0.00872999953571707,1.4142135623730951,0,2
brc100d.map,dao,492,0.8768459413109756,1.0,0,improved_astar,1,0.008761002391111106,1.4142135623730951,0,2
brc100d.map,dao,492,0.8768459413109756,1.0,0,ablation_no_adaptive,1,0.008344999514520168,1.4142135623730951,0,2
brc100d.map,dao,492,0.8768459413109756,1.0,0,ablation_no_smoothing,1,0.008325005182996392,1.4142135623730951,0,2
brc100d.map,dao,492,0.8768459413109756,1.0,1,dijkstra,1,0.036187004297971725,1.4142135623730951,0,9
brc100d.map,dao,492,0.8768459413109756,1.0,1,astar,1,0.009646995749790221,1.4142135623730951,0,2
brc100d.map,dao,492,0.8768459413109756,1.0,1,weighted_astar,1,0.009076000424101949,1.4142135623730951,0,2
brc100d.map,dao,492,0.8768459413109756,1.0,1,improved_astar,1,0.00873200042406097,1.4142135623730951,0,2
brc100d.map,dao,492,0.8768459413109756,1.0,1,ablation_no_adaptive,1,0.008558003173675388,1.4142135623730951,0,2
brc100d.map,dao,492,0.8768459413109756,1.0,1,ablation_no_smoothing,1,0.008137001714203507,1.4142135623730951,0,2
brc100d.map,dao,492,0.8768459413109756,1.0,2,dijkstra,1,0.1384880015393719,3.0,0,29
brc100d.map,dao,492,0.8768459413109756,1.0,2,astar,1,0.023053005861584097,3.0,0,4
brc100d.map,dao,492,0.8768459413109756,1.0,2,weighted_astar,1,0.020238003344275057,3.0,0,4
brc100d.map,dao,492,0.8768459413109756,1.0,2,improved_astar,1,0.02042800042545423,3.0,0,4
brc100d.map,dao,492,0.8768459413109756,1.0,2,ablation_no_adaptive,1,0.019708997569978237,3.0,0,4
brc100d.map,dao,492,0.8768459413109756,1.0,2,ablation_no_smoothing,1,0.020257997675798833,3.0,0,4
brc100d.map,dao,492,0.8768459413109756,1.0,3,dijkstra,1,0.1065640026354231,3.414213562373095,1,30
brc100d.map,dao,492,0.8768459413109756,1.0,3,astar,1,0.02190400118706748,3.414213562373095,1,4
brc100d.map,dao,492,0.8768459413109756,1.0,3,weighted_astar,1,0.020392995793372393,3.414213562373095,1,4
brc100d.map,dao,492,0.8768459413109756,1.0,3,improved_astar,1,0.02056299854302779,3.1622776601683795,0,4
brc100d.map,dao,492,0.8768459413109756,1.0,3,ablation_no_adaptive,1,0.02046099689323455,3.1622776601683795,0,4
brc100d.map,dao,492,0.8768459413109756,1.0,3,ablation_no_smoothing,1,0.021323001419659704,3.414213562373095,1,4
brc100d.map,dao,492,0.8768459413109756,1.0,4,dijkstra,1,0.12842399883084,3.414213562373095,1,35
brc100d.map,dao,492,0.8768459413109756,1.0,4,astar,1,0.029950999305583537,3.414213562373095,1,6
brc100d.map,dao,492,0.8768459413109756,1.0,4,weighted_astar,1,0.021325999114196748,3.414213562373095,1,4
brc100d.map,dao,492,0.8768459413109756,1.0,4,improved_astar,1,0.0375929957954213,3.1622776601683795,0,6
brc100d.map,dao,492,0.8768459413109756,1.0,4,ablation_no_adaptive,1,0.030165996577125043,3.1622776601683795,0,6
brc100d.map,dao,492,0.8768459413109756,1.0,4,ablation_no_smoothing,1,0.029089002055115998,3.414213562373095,1,6
brc100d.map,dao,492,0.8768459413109756,1.0,5,dijkstra,1,0.04214600630803034,2.414213562373095,1,13
brc100d.map,dao,492,0.8768459413109756,1.0,5,astar,1,0.017177000700030476,2.414213562373095,1,4
brc100d.map,dao,492,0.8768459413109756,1.0,5,weighted_astar,1,0.01477300247643143,2.414213562373095,1,3
brc100d.map,dao,492,0.8768459413109756,1.0,5,improved_astar,1,0.016582998796366155,2.23606797749979,0,4
brc100d.map,dao,492,0.8768459413109756,1.0,5,ablation_no_adaptive,1,0.016482998034916818,2.23606797749979,0,4
brc100d.map,dao,492,0.8768459413109756,1.0,5,ablation_no_smoothing,1,0.01677300315350294,2.414213562373095,1,4
brc100d.map,dao,492,0.8768459413109756,1.0,6,dijkstra,1,0.12792699999408796,3.0,0,28
brc100d.map,dao,492,0.8768459413109756,1.0,6,astar,1,0.02418000076431781,3.0,0,4
brc100d.map,dao,492,0.8768459413109756,1.0,6,weighted_astar,1,0.020899999071843922,3.0,0,4
brc100d.map,dao,492,0.8768459413109756,1.0,6,improved_astar,1,0.01946999691426754,3.0,0,4
brc100d.map,dao,492,0.8768459413109756,1.0,6,ablation_no_adaptive,1,0.02546099858591333,3.0,0,4
brc100d.map,dao,492,0.8768459413109756,1.0,6,ablation_no_smoothing,1,0.020151994249317795,3.0,0,4
brc100d.map,dao,492,0.8768459413109756,1.0,7,dijkstra,1,0.037450001400429755,2.414213562373095,1,11
brc100d.map,dao,492,0.8768459413109756,1.0,7,astar,1,0.013507000403478742,2.414213562373095,1,3
brc100d.map,dao,492,0.8768459413109756,1.0,7,weighted_astar,1,0.013662996934726834,2.414213562373095,1,3
brc100d.map,dao,492,0.8768459413109756,1.0,7,improved_astar,1,0.013584998669102788,2.23606797749979,0,3
brc100d.map,dao,492,0.8768459413109756,1.0,7,ablation_no_adaptive,1,0.013064003724139184,2.23606797749979,0,3
brc100d.map,dao,492,0.8768459413109756,1.0,7,ablation_no_smoothing,1,0.013711003703065217,2.414213562373095,1,3
brc100d.map,dao,492,0.8768459413109756,1.0,8,dijkstra,1,0.03927299985662103,2.8284271247461903,0,12
brc100d.map,dao,492,0.8768459413109756,1.0,8,astar,1,0.012937998690176755,2.8284271247461903,0,3
brc100d.map,dao,492,0.8768459413109756,1.0,8,weighted_astar,1,0.013052995200268924,2.8284271247461903,0,3
brc100d.map,dao,492,0.8768459413109756,1.0,8,improved_astar,1,0.012204996892251074,2.8284271247461903,0,3
brc100d.map,dao,492,0.8768459413109756,1.0,8,ablation_no_adaptive,1,0.012550997780635953,2.8284271247461903,0,3
brc100d.map,dao,492,0.8768459413109756,1.0,8,ablation_no_smoothing,1,0.012349002645350993,2.8284271247461903,0,3
brc100d.map,dao,492,0.8768459413109756,1.0,9,dijkstra,1,0.006879003194626421,1.0,0,2
brc100d.map,dao,492,0.8768459413109756,1.0,9,astar,1,0.008600000001024455,1.0,0,2
brc100d.map,dao,492,0.8768459413109756,1.0,9,weighted_astar,1,0.007981005182955414,1.0,0,2
brc100d.map,dao,492,0.8768459413109756,1.0,9,improved_astar,1,0.008413000614382327,1.0,0,2
brc100d.map,dao,492,0.8768459413109756,1.0,9,ablation_no_adaptive,1,0.008565002644900233,1.0,0,2
brc100d.map,dao,492,0.8768459413109756,1.0,9,ablation_no_smoothing,1,0.008757997420616448,1.0,0,2
brc100d.map,dao,492,0.8768459413109756,1.0,10,dijkstra,1,0.17807199765229598,4.242640687119286,0,36
brc100d.map,dao,492,0.8768459413109756,1.0,10,astar,1,0.024774999474175274,4.242640687119286,0,4
brc100d.map,dao,492,0.8768459413109756,1.0,10,weighted_astar,1,0.02191200474044308,4.242640687119286,0,4
brc100d.map,dao,492,0.8768459413109756,1.0,10,improved_astar,1,0.021020998246967793,4.242640687119285,0,4
brc100d.map,dao,492,0.8768459413109756,1.0,10,ablation_no_adaptive,1,0.022815002012066543,4.242640687119285,0,4
brc100d.map,dao,492,0.8768459413109756,1.0,10,ablation_no_smoothing,1,0.02031700569204986,4.242640687119286,0,4
brc100d.map,dao,492,0.8768459413109756,1.0,11,dijkstra,1,0.5221079991315491,7.242640687119285,1,137
brc100d.map,dao,492,0.8768459413109756,1.0,11,astar,1,0.052041999879293144,7.242640687119285,4,9
brc100d.map,dao,492,0.8768459413109756,1.0,11,weighted_astar,1,0.04064899985678494,7.242640687119286,1,7
brc100d.map,dao,492,0.8768459413109756,1.0,11,improved_astar,1,0.04679799894802272,6.708203932499369,0,9
brc100d.map,dao,492,0.8768459413109756,1.0,11,ablation_no_adaptive,1,0.05665400385623798,6.708203932499369,0,9
brc100d.map,dao,492,0.8768459413109756,1.0,11,ablation_no_smoothing,1,0.04732300294563174,7.242640687119285,4,9
brc100d.map,dao,492,0.8768459413109756,1.0,12,dijkstra,1,0.1616059962543659,5.82842712474619,1,49
brc100d.map,dao,492,0.8768459413109756,1.0,12,astar,1,0.04577100480673835,5.82842712474619,1,6
brc100d.map,dao,492,0.8768459413109756,1.0,12,weighted_astar,1,0.04389999958220869,5.82842712474619,1,6
brc100d.map,dao,492,0.8768459413109756,1.0,12,improved_astar,1,0.031809002393856645,5.385164807134504,0,6
brc100d.map,dao,492,0.8768459413109756,1.0,12,ablation_no_adaptive,1,0.03234899486415088,5.385164807134504,0,6
brc100d.map,dao,492,0.8768459413109756,1.0,12,ablation_no_smoothing,1,0.030955998227000237,5.82842712474619,1,6
brc100d.map,dao,492,0.8768459413109756,1.0,13,dijkstra,1,0.5668569938279688,7.414213562373095,1,159
brc100d.map,dao,492,0.8768459413109756,1.0,13,astar,1,0.07008200191194192,7.414213562373095,1,14
brc100d.map,dao,492,0.8768459413109756,1.0,13,weighted_astar,1,0.04534999607130885,7.414213562373095,1,8
brc100d.map,dao,492,0.8768459413109756,1.0,13,improved_astar,1,0.08889799937605858,7.0710678118654755,0,14
brc100d.map,dao,492,0.8768459413109756,1.0,13,ablation_no_adaptive,1,0.06701800157316029,7.0710678118654755,0,14
brc100d.map,dao,492,0.8768459413109756,1.0,13,ablation_no_smoothing,1,0.0648869972792454,7.414213562373095,1,14
brc100d.map,dao,492,0.8768459413109756,1.0,14,dijkstra,1,0.276933002169244,5.242640687119285,1,75
brc100d.map,dao,492,0.8768459413109756,1.0,14,astar,1,0.03097000444540754,5.242640687119285,1,5
brc100d.map,dao,492,0.8768459413109756,1.0,14,weighted_astar,1,0.029385002562776208,5.242640687119286,1,5
brc100d.map,dao,492,0.8768459413109756,1.0,14,improved_astar,1,0.028770999051630497,5.0,0,5
brc100d.map,dao,492,0.8768459413109756,1.0,14,ablation_no_adaptive,1,0.02875399513868615,5.0,0,5
brc100d.map,dao,492,0.8768459413109756,1.0,14,ablation_no_smoothing,1,0.03700600063893944,5.242640687119285,1,5
brc100d.map,dao,492,0.8768459413109756,1.0,15,dijkstra,1,0.2051010014838539,4.414213562373095,1,60
brc100d.map,dao,492,0.8768459413109756,1.0,15,astar,1,0.06728799780830741,4.414213562373095,1,8
brc100d.map,dao,492,0.8768459413109756,1.0,15,weighted_astar,1,0.03327499871375039,4.414213562373095,1,5
brc100d.map,dao,492,0.8768459413109756,1.0,15,improved_astar,1,0.04313100362196565,4.123105625617661,0,8
brc100d.map,dao,492,0.8768459413109756,1.0,15,ablation_no_adaptive,1,0.04364799679024145,4.123105625617661,0,8
brc100d.map,dao,492,0.8768459413109756,1.0,15,ablation_no_smoothing,1,0.040994003938976675,4.414213562373095,1,8
brc100d.map,dao,492,0.8768459413109756,1.0,16,dijkstra,1,0.6727859945385717,7.82842712474619,1,171
brc100d.map,dao,492,0.8768459413109756,1.0,16,astar,1,0.07501000072807074,7.82842712474619,1,8
brc100d.map,dao,492,0.8768459413109756,1.0,16,weighted_astar,1,0.05272600537864491,7.82842712474619,1,8
brc100d.map,dao,492,0.8768459413109756,1.0,16,improved_astar,1,0.045159002183936536,7.280109889280518,0,8
brc100d.map,dao,492,0.8768459413109756,1.0,16,ablation_no_adaptive,1,0.04728200292447582,7.280109889280518,0,8
brc100d.map,dao,492,0.8768459413109756,1.0,16,ablation_no_smoothing,1,0.04581399844028056,7.82842712474619,1,8
brc100d.map,dao,492,0.8768459413109756,1.0,17,dijkstra,1,0.21964500047033653,4.414213562373095,1,60
brc100d.map,dao,492,0.8768459413109756,1.0,17,astar,1,0.04218399408273399,4.414213562373095,1,8
brc100d.map,dao,492,0.8768459413109756,1.0,17,weighted_astar,1,0.027435002266429365,4.414213562373095,1,5
brc100d.map,dao,492,0.8768459413109756,1.0,17,improved_astar,1,0.04063000233145431,4.123105625617661,0,8
brc100d.map,dao,492,0.8768459413109756,1.0,17,ablation_no_adaptive,1,0.0499580055475235,4.123105625617661,0,8
brc100d.map,dao,492,0.8768459413109756,1.0,17,ablation_no_smoothing,1,0.041765997593756765,4.414213562373095,1,8
brc100d.map,dao,492,0.8768459413109756,1.0,18,dijkstra,1,0.5225150016485713,7.82842712474619,1,140
brc100d.map,dao,492,0.8768459413109756,1.0,18,astar,1,0.04849099786952138,7.82842712474619,1,8
brc100d.map,dao,492,0.8768459413109756,1.0,18,weighted_astar,1,0.04474399611353874,7.82842712474619,1,8
brc100d.map,dao,492,0.8768459413109756,1.0,18,improved_astar,1,0.06490100349765271,7.280109889280518,0,8
brc100d.map,dao,492,0.8768459413109756,1.0,18,ablation_no_adaptive,1,0.0448119972134009,7.280109889280518,0,8
brc100d.map,dao,492,0.8768459413109756,1.0,18,ablation_no_smoothing,1,0.04367400106275454,7.82842712474619,1,8
brc100d.map,dao,492,0.8768459413109756,1.0,19,dijkstra,1,0.4064539971295744,6.0,0,102
brc100d.map,dao,492,0.8768459413109756,1.0,19,astar,1,0.0424940008088015,6.0,0,7
brc100d.map,dao,492,0.8768459413109756,1.0,19,weighted_astar,1,0.0377060059690848,6.0,0,7
brc100d.map,dao,492,0.8768459413109756,1.0,19,improved_astar,1,0.03685899719130248,6.0,0,7
brc100d.map,dao,492,0.8768459413109756,1.0,19,ablation_no_adaptive,1,0.038106998545117676,6.0,0,7
brc100d.map,dao,492,0.8768459413109756,1.0,19,ablation_no_smoothing,1,0.036252000427339226,6.0,0,7
brc100d.map,dao,492,0.8768459413109756,1.0,20,dijkstra,1,0.7407610028167255,8.82842712474619,1,200
brc100d.map,dao,492,0.8768459413109756,1.0,20,astar,1,0.05428499571280554,8.82842712474619,1,9
brc100d.map,dao,492,0.8768459413109756,1.0,20,weighted_astar,1,0.05151100049261004,8.82842712474619,1,9
brc100d.map,dao,492,0.8768459413109756,1.0,20,improved_astar,1,0.04839999746764079,8.246211251235321,0,9
brc100d.map,dao,492,0.8768459413109756,1.0,20,ablation_no_adaptive,1,0.05010599852539599,8.246211251235321,0,9
brc100d.map,dao,492,0.8768459413109756,1.0,20,ablation_no_smoothing,1,0.04886399983661249,8.82842712474619,1,9
brc100d.map,dao,492,0.8768459413109756,1.0,21,dijkstra,1,1.3602389954030514,11.242640687119284,2,326
brc100d.map,dao,492,0.8768459413109756,1.0,21,astar,1,0.07023999933153391,11.242640687119284,3,11
brc100d.map,dao,492,0.8768459413109756,1.0,21,weighted_astar,1,0.06237600609892979,11.242640687119286,1,11
brc100d.map,dao,492,0.8768459413109756,1.0,21,improved_astar,1,0.0898609941941686,10.44030650891055,0,11
brc100d.map,dao,492,0.8768459413109756,1.0,21,ablation_no_adaptive,1,0.06538099842146039,10.44030650891055,0,11
brc100d.map,dao,492,0.8768459413109756,1.0,21,ablation_no_smoothing,1,0.06367199966916814,11.242640687119284,3,11
brc100d.map,dao,492,0.8768459413109756,1.0,22,dijkstra,1,0.40529199759475887,10.071067811865476,1,114
brc100d.map,dao,492,0.8768459413109756,1.0,22,astar,1,0.12079800217179582,10.071067811865476,1,24
brc100d.map,dao,492,0.8768459413109756,1.0,22,weighted_astar,1,0.05204799526836723,10.071067811865476,1,9
brc100d.map,dao,492,0.8768459413109756,1.0,22,improved_astar,1,0.1470219940529205,9.433981132056603,0,24
brc100d.map,dao,492,0.8768459413109756,1.0,22,ablation_no_adaptive,1,0.1162309999926947,9.433981132056603,0,24
brc100d.map,dao,492,0.8768459413109756,1.0,22,ablation_no_smoothing,1,0.11355599417584017,10.071067811865476,1,24
brc100d.map,dao,492,0.8768459413109756,1.0,23,dijkstra,1,1.0307350021321326,11.899494936611667,1,279
brc100d.map,dao,492,0.8768459413109756,1.0,23,astar,1,0.06670299626421183,11.899494936611667,1,10
brc100d.map,dao,492,0.8768459413109756,1.0,23,weighted_astar,1,0.062395003624260426,11.899494936611667,1,10
brc100d.map,dao,492,0.8768459413109756,1.0,23,improved_astar,1,0.061662001826334745,11.40175425099138,0,10
brc100d.map,dao,492,0.8768459413109756,1.0,23,ablation_no_adaptive,1,0.06778499664505944,11.40175425099138,0,10
brc100d.map,dao,492,0.8768459413109756,1.0,23,ablation_no_smoothing,1,0.06118099554441869,11.899494936611667,1,10
brc100d.map,dao,492,0.8768459413109756,1.0,24,dijkstra,1,0.5341139985830523,9.242640687119284,2,145
brc100d.map,dao,492,0.8768459413109756,1.0,24,astar,1,0.05202100146561861,9.242640687119284,3,9
brc100d.map,dao,492,0.8768459413109756,1.0,24,weighted_astar,1,0.049210997531190515,9.242640687119286,1,9
brc100d.map,dao,492,0.8768459413109756,1.0,24,improved_astar,1,0.04844499926548451,8.54400374531753,0,9
brc100d.map,dao,492,0.8768459413109756,1.0,24,ablation_no_adaptive,1,0.05496900121215731,8.54400374531753,0,9
brc100d.map,dao,492,0.8768459413109756,1.0,24,ablation_no_smoothing,1,0.05545400199480355,9.242640687119284,3,9
brc100d.map,dao,492,0.8768459413109756,1.0,25,dijkstra,1,0.7358590009971522,8.485281374238571,0,199
brc100d.map,dao,492,0.8768459413109756,1.0,25,astar,1,0.04798299778485671,8.485281374238571,0,7
brc100d.map,dao,492,0.8768459413109756,1.0,25,weighted_astar,1,0.04210600309306756,8.485281374238571,0,7
brc100d.map,dao,492,0.8768459413109756,1.0,25,improved_astar,1,0.04992100002709776,8.48528137423857,0,7
brc100d.map,dao,492,0.8768459413109756,1.0,25,ablation_no_adaptive,1,0.04485400131670758,8.48528137423857,0,7
brc100d.map,dao,492,0.8768459413109756,1.0,25,ablation_no_smoothing,1,0.04722099401988089,8.485281374238571,0,7
brc100d.map,dao,492,0.8768459413109756,1.0,26,dijkstra,1,1.3251519994810224,11.65685424949238,3,355
brc100d.map,dao,492,0.8768459413109756,1.0,26,astar,1,0.1238209952134639,11.65685424949238,2,22
brc100d.map,dao,492,0.8768459413109756,1.0,26,weighted_astar,1,0.07194199861260131,11.65685424949238,1,11
brc100d.map,dao,492,0.8768459413109756,1.0,26,improved_astar,1,0.11900900426553562,10.770329614269007,0,22
brc100d.map,dao,492,0.8768459413109756,1.0,26,ablation_no_adaptive,1,0.16012000560294837,10.770329614269007,0,22
brc100d.map,dao,492,0.8768459413109756,1.0,26,ablation_no_smoothing,1,0.11918199743377045,11.65685424949238,2,22
brc100d.map,dao,492,0.8768459413109756,1.0,27,dijkstra,1,0.422795994381886,8.071067811865476,1,124
brc100d.map,dao,492,0.8768459413109756,1.0,27,astar,1,0.06728299922542647,8.071067811865476,1,12
brc100d.map,dao,492,0.8768459413109756,1.0,27,weighted_astar,1,0.043507003283593804,8.071067811865476,1,7
brc100d.map,dao,492,0.8768459413109756,1.0,27,improved_astar,1,0.06331899930955842,7.810249675906654,0,12
brc100d.map,dao,492,0.8768459413109756,1.0,27,ablation_no_adaptive,1,0.07036999886622652,7.810249675906654,0,12
brc100d.map,dao,492,0.8768459413109756,1.0,27,ablation_no_smoothing,1,0.0628179986961186,8.071067811865476,1,12
brc100d.map,dao,492,0.8768459413109756,1.0,28,dijkstra,1,0.7657660025870427,9.071067811865476,1,207
brc100d.map,dao,492,0.8768459413109756,1.0,28,astar,1,0.05244599742582068,9.071067811865476,1,8
brc100d.map,dao,492,0.8768459413109756,1.0,28,weighted_astar,1,0.04955999611411244,9.071067811865476,1,8
brc100d.map,dao,492,0.8768459413109756,1.0,28,improved_astar,1,0.04793100379174575,8.602325267042627,0,8
brc100d.map,dao,492,0.8768459413109756,1.0,28,ablation_no_adaptive,1,0.04841099871555343,8.602325267042627,0,8
brc100d.map,dao,492,0.8768459413109756,1.0,28,ablation_no_smoothing,1,0.04795099812326953,9.071067811865476,1,8
brc100d.map,dao,492,0.8768459413109756,1.0,29,dijkstra,1,1.2512450048234314,10.82842712474619,2,318
brc100d.map,dao,492,0.8768459413109756,1.0,29,astar,1,0.06929500523256138,10.82842712474619,2,11
brc100d.map,dao,492,0.8768459413109756,1.0,29,weighted_astar,1,0.06422399746952578,10.82842712474619,1,11
brc100d.map,dao,492,0.8768459413109756,1.0,29,improved_astar,1,0.06271000165725127,10.198039027185569,0,11
brc100d.map,dao,492,0.8768459413109756,1.0,29,ablation_no_adaptive,1,0.06301699613686651,10.198039027185569,0,11
brc100d.map,dao,492,0.8768459413109756,1.0,29,ablation_no_smoothing,1,0.06214200402610004,10.82842712474619,2,11
brc101d.map,dao,639,0.8782195487741262,1.0,0,dijkstra,1,0.1607349986443296,3.82842712474619,1,38
brc101d.map,dao,639,0.8782195487741262,1.0,0,astar,1,0.023685002815909684,3.82842712474619,2,4
brc101d.map,dao,639,0.8782195487741262,1.0,0,weighted_astar,1,0.02261199551867321,3.8284271247461903,1,4
brc101d.map,dao,639,0.8782195487741262,1.0,0,improved_astar,1,0.021583000489044935,3.605551275463989,0,4
brc101d.map,dao,639,0.8782195487741262,1.0,0,ablation_no_adaptive,1,0.023212000087369233,3.605551275463989,0,4
brc101d.map,dao,639,0.8782195487741262,1.0,0,ablation_no_smoothing,1,0.02082699938910082,3.82842712474619,2,4
brc101d.map,dao,639,0.8782195487741262,1.0,1,dijkstra,1,0.17397099873051047,3.82842712474619,1,44
brc101d.map,dao,639,0.8782195487741262,1.0,1,astar,1,0.023991997295524925,3.82842712474619,2,4
brc101d.map,dao,639,0.8782195487741262,1.0,1,weighted_astar,1,0.023226006305776536,3.8284271247461903,1,4
brc101d.map,dao,639,0.8782195487741262,1.0,1,improved_astar,1,0.022019004973117262,3.605551275463989,0,4
brc101d.map,dao,639,0.8782195487741262,1.0,1,ablation_no_adaptive,1,0.02216099528595805,3.605551275463989,0,4
brc101d.map,dao,639,0.8782195487741262,1.0,1,ablation_no_smoothing,1,0.021271000150591135,3.82842712474619,2,4
brc101d.map,dao,639,0.8782195487741262,1.0,2,dijkstra,1,0.03905199992004782,2.0,0,11
brc101d.map,dao,639,0.8782195487741262,1.0,2,astar,1,0.01473500014981255,2.0,0,3
brc101d.map,dao,639,0.8782195487741262,1.0,2,weighted_astar,1,0.014493001799564809,2.0,0,3
brc101d.map,dao,639,0.8782195487741262,1.0,2,improved_astar,1,0.014985002053435892,2.0,0,3
brc101d.map,dao,639,0.8782195487741262,1.0,2,ablation_no_adaptive,1,0.015026002074591815,2.0,0,3
brc101d.map,dao,639,0.8782195487741262,1.0,2,ablation_no_smoothing,1,0.014530000044032931,2.0,0,3
brc101d.map,dao,639,0.8782195487741262,1.0,3,dijkstra,1,0.02444799611112103,1.4142135623730951,0,6
brc101d.map,dao,639,0.8782195487741262,1.0,3,astar,1,0.009725998097565025,1.4142135623730951,0,2
brc101d.map,dao,639,0.8782195487741262,1.0,3,weighted_astar,1,0.008890994649846107,1.4142135623730951,0,2
brc101d.map,dao,639,0.8782195487741262,1.0,3,improved_astar,1,0.008126000466290861,1.4142135623730951,0,2
brc101d.map,dao,639,0.8782195487741262,1.0,3,ablation_no_adaptive,1,0.008641000022180378,1.4142135623730951,0,2
brc101d.map,dao,639,0.8782195487741262,1.0,3,ablation_no_smoothing,1,0.008648006769362837,1.4142135623730951,0,2
brc101d.map,dao,639,0.8782195487741262,1.0,4,dijkstra,1,0.0275249985861592,1.4142135623730951,0,7
brc101d.map,dao,639,0.8782195487741262,1.0,4,astar,1,0.00949500099522993,1.4142135623730951,0,2
brc101d.map,dao,639,0.8782195487741262,1.0,4,weighted_astar,1,0.009609997505322099,1.4142135623730951,0,2
brc101d.map,dao,639,0.8782195487741262,1.0,4,improved_astar,1,0.009069997759070247,1.4142135623730951,0,2
brc101d.map,dao,639,0.8782195487741262,1.0,4,ablation_no_adaptive,1,0.008502996934112161,1.4142135623730951,0,2
brc101d.map,dao,639,0.8782195487741262,1.0,4,ablation_no_smoothing,1,0.008638002327643335,1.4142135623730951,0,2
brc101d.map,dao,639,0.8782195487741262,1.0,5,dijkstra,1,0.06777900125598535,2.414213562373095,1,18
brc101d.map,dao,639,0.8782195487741262,1.0,5,astar,1,0.01546400017105043,2.414213562373095,1,3
brc101d.map,dao,639,0.8782195487741262,1.0,5,weighted_astar,1,0.01579099625814706,2.414213562373095,1,3
brc101d.map,dao,639,0.8782195487741262,1.0,5,improved_astar,1,0.01381099718855694,2.23606797749979,0,3
brc101d.map,dao,639,0.8782195487741262,1.0,5,ablation_no_adaptive,1,0.01552899630041793,2.23606797749979,0,3
brc101d.map,dao,639,0.8782195487741262,1.0,5,ablation_no_smoothing,1,0.014063996786717325,2.414213562373095,1,3
brc101d.map,dao,639,0.8782195487741262,1.0,6,dijkstra,1,0.0537450032425113,2.414213562373095,1,14
brc101d.map,dao,639,0.8782195487741262,1.0,6,astar,1,0.016259000403806567,2.414213562373095,1,3
brc101d.map,dao,639,0.8782195487741262,1.0,6,weighted_astar,1,0.015835998055990785,2.414213562373095,1,3
brc101d.map,dao,639,0.8782195487741262,1.0,6,improved_astar,1,0.015066994819790125,2.23606797749979,0,3
brc101d.map,dao,639,0.8782195487741262,1.0,6,ablation_no_adaptive,1,0.01601799885975197,2.23606797749979,0,3
brc101d.map,dao,639,0.8782195487741262,1.0,6,ablation_no_smoothing,1,0.01574199995957315,2.414213562373095,1,3
brc101d.map,dao,639,0.8782195487741262,1.0,7,dijkstra,1,0.05580300057772547,2.414213562373095,1,16
brc101d.map,dao,639,0.8782195487741262,1.0,7,astar,1,0.019315993995405734,2.414213562373095,1,4
brc101d.map,dao,639,0.8782195487741262,1.0,7,weighted_astar,1,0.014960001863073558,2.414213562373095,1,3
brc101d.map,dao,639,0.8782195487741262,1.0,7,improved_astar,1,0.02646999928401783,2.23606797749979,0,4
brc101d.map,dao,639,0.8782195487741262,1.0,7,ablation_no_adaptive,1,0.01990899909287691,2.23606797749979,0,4
brc101d.map,dao,639,0.8782195487741262,1.0,7,ablation_no_smoothing,1,0.01886599784484133,2.414213562373095,1,4
brc101d.map,dao,639,0.8782195487741262,1.0,8,dijkstra,1,0.10292299702996388,3.0,0,28
brc101d.map,dao,639,0.8782195487741262,1.0,8,astar,1,0.02141900040442124,3.0,0,4
brc101d.map,dao,639,0.8782195487741262,1.0,8,weighted_astar,1,0.020106999727431685,3.0,0,4
brc101d.map,dao,639,0.8782195487741262,1.0,8,improved_astar,1,0.020401996152941138,3.0,0,4
brc101d.map,dao,639,0.8782195487741262,1.0,8,ablation_no_adaptive,1,0.02107899490511045,3.0,0,4
brc101d.map,dao,639,0.8782195487741262,1.0,8,ablation_no_smoothing,1,0.04199799877824262,3.0,0,4
brc101d.map,dao,639,0.8782195487741262,1.0,9,dijkstra,1,0.06127099914010614,2.414213562373095,1,15
brc101d.map,dao,639,0.8782195487741262,1.0,9,astar,1,0.02097999822581187,2.414213562373095,1,3
brc101d.map,dao,639,0.8782195487741262,1.0,9,weighted_astar,1,0.01654500374570489,2.414213562373095,1,3
brc101d.map,dao,639,0.8782195487741262,1.0,9,improved_astar,1,0.01430800330126658,2.23606797749979,0,3
brc101d.map,dao,639,0.8782195487741262,1.0,9,ablation_no_adaptive,1,0.01542999962111935,2.23606797749979,0,3
brc101d.map,dao,639,0.8782195487741262,1.0,9,ablation_no_smoothing,1,0.014619996363762766,2.414213562373095,1,3
brc101d.map,dao,639,0.8782195487741262,1.0,10,dijkstra,1,0.3010889995493926,6.82842712474619,1,86
brc101d.map,dao,639,0.8782195487741262,1.0,10,astar,1,0.07329000072786584,6.82842712474619,1,15
brc101d.map,dao,639,0.8782195487741262,1.0,10,weighted_astar,1,0.10479200136614963,6.82842712474619,1,7
brc101d.map,dao,639,0.8782195487741262,1.0,10,improved_astar,1,0.07200800610007718,6.324555320336759,0,15
brc101d.map,dao,639,0.8782195487741262,1.0,10,ablation_no_adaptive,1,0.07030700362520292,6.324555320336759,0,15
brc101d.map,dao,639,0.8782195487741262,1.0,10,ablation_no_smoothing,1,0.10010900587076321,6.82842712474619,1,15
brc101d.map,dao,639,0.8782195487741262,1.0,11,dijkstra,1,0.576704005652573,7.65685424949238,1,157
brc101d.map,dao,639,0.8782195487741262,1.0,11,astar,1,0.05307299579726532,7.656854249492381,1,7
brc101d.map,dao,639,0.8782195487741262,1.0,11,weighted_astar,1,0.042102001316379756,7.656854249492381,1,7
brc101d.map,dao,639,0.8782195487741262,1.0,11,improved_astar,1,0.041566003346815705,7.211102550927978,0,7
brc101d.map,dao,639,0.8782195487741262,1.0,11,ablation_no_adaptive,1,0.04451700078789145,7.211102550927978,0,7
brc101d.map,dao,639,0.8782195487741262,1.0,11,ablation_no_smoothing,1,0.042011000914499164,7.656854249492381,1,7
brc101d.map,dao,639,0.8782195487741262,1.0,12,dijkstra,1,0.4404950013849884,6.414213562373095,1,114
brc101d.map,dao,639,0.8782195487741262,1.0,12,astar,1,0.058270998124498874,6.414213562373095,1,7
brc101d.map,dao,639,0.8782195487741262,1.0,12,weighted_astar,1,0.041683000745251775,6.414213562373095,1,7
brc101d.map,dao,639,0.8782195487741262,1.0,12,improved_astar,1,0.038040001527406275,6.082762530298219,0,7
brc101d.map,dao,639,0.8782195487741262,1.0,12,ablation_no_adaptive,1,0.039464001019950956,6.082762530298219,0,7
brc101d.map,dao,639,0.8782195487741262,1.0,12,ablation_no_smoothing,1,0.03665099939098582,6.414213562373095,1,7
brc101d.map,dao,639,0.8782195487741262,1.0,13,dijkstra,1,0.22161099332151935,4.414213562373095,1,60
brc101d.map,dao,639,0.8782195487741262,1.0,13,astar,1,0.041425002564210445,4.414213562373095,1,8
brc101d.map,dao,639,0.8782195487741262,1.0,13,weighted_astar,1,0.035780998587142676,4.414213562373095,1,5
brc101d.map,dao,639,0.8782195487741262,1.0,13,improved_astar,1,0.03973200364271179,4.123105625617661,0,8
brc101d.map,dao,639,0.8782195487741262,1.0,13,ablation_no_adaptive,1,0.040398001146968454,4.123105625617661,0,8
brc101d.map,dao,639,0.8782195487741262,1.0,13,ablation_no_smoothing,1,0.038805002986919135,4.414213562373095,1,8
brc101d.map,dao,639,0.8782195487741262,1.0,14,dijkstra,1,0.1663389994064346,4.0,0,46
brc101d.map,dao,639,0.8782195487741262,1.0,14,astar,1,0.027041001885663718,4.0,0,5
brc101d.map,dao,639,0.8782195487741262,1.0,14,weighted_astar,1,0.024455002858303487,4.0,0,5
brc101d.map,dao,639,0.8782195487741262,1.0,14,improved_astar,1,0.02545899769756943,4.0,0,5
brc101d.map,dao,639,0.8782195487741262,1.0,14,ablation_no_adaptive,1,0.025859000743366778,4.0,0,5
brc101d.map,dao,639,0.8782195487741262,1.0,14,ablation_no_smoothing,1,0.025291999918408692,4.0,0,5
brc101d.map,dao,639,0.8782195487741262,1.0,15,dijkstra,1,0.3032790045836009,7.0710678118654755,0,84
brc101d.map,dao,639,0.8782195487741262,1.0,15,astar,1,0.038555997889488935,7.0710678118654755,0,6
brc101d.map,dao,639,0.8782195487741262,1.0,15,weighted_astar,1,0.03548799577401951,7.0710678118654755,0,6
brc101d.map,dao,639,0.8782195487741262,1.0,15,improved_astar,1,0.05863700062036514,7.0710678118654755,0,6
brc101d.map,dao,639,0.8782195487741262,1.0,15,ablation_no_adaptive,1,0.03924799966625869,7.0710678118654755,0,6
brc101d.map,dao,639,0.8782195487741262,1.0,15,ablation_no_smoothing,1,0.034527998650446534,7.0710678118654755,0,6
brc101d.map,dao,639,0.8782195487741262,1.0,16,dijkstra,1,0.2305129964952357,4.414213562373095,1,61
brc101d.map,dao,639,0.8782195487741262,1.0,16,astar,1,0.040942002669908106,4.414213562373095,1,8
brc101d.map,dao,639,0.8782195487741262,1.0,16,weighted_astar,1,0.02793100429698825,4.414213562373095,1,5
brc101d.map,dao,639,0.8782195487741262,1.0,16,improved_astar,1,0.03897900023730472,4.123105625617661,0,8
brc101d.map,dao,639,0.8782195487741262,1.0,16,ablation_no_adaptive,1,0.0397830008296296,4.123105625617661,0,8
brc101d.map,dao,639,0.8782195487741262,1.0,16,ablation_no_smoothing,1,0.03924300108337775,4.414213562373095,1,8
brc101d.map,dao,639,0.8782195487741262,1.0,17,dijkstra,1,0.3371359998709522,6.82842712474619,1,88
brc101d.map,dao,639,0.8782195487741262,1.0,17,astar,1,0.08438099757768214,6.82842712474619,3,15
brc101d.map,dao,639,0.8782195487741262,1.0,17,weighted_astar,1,0.04097900091437623,6.82842712474619,1,7
brc101d.map,dao,639,0.8782195487741262,1.0,17,improved_astar,1,0.0762390045565553,6.324555320336759,0,15
brc101d.map,dao,639,0.8782195487741262,1.0,17,ablation_no_adaptive,1,0.07843799539841712,6.324555320336759,0,15
brc101d.map,dao,639,0.8782195487741262,1.0,17,ablation_no_smoothing,1,0.07694099622312933,6.82842712474619,3,15
brc101d.map,dao,639,0.8782195487741262,1.0,18,dijkstra,1,0.24501400184817612,4.82842712474619,1,67
brc101d.map,dao,639,0.8782195487741262,1.0,18,astar,1,0.05205799971008673,4.82842712474619,3,9
brc101d.map,dao,639,0.8782195487741262,1.0,18,weighted_astar,1,0.029151000489946455,4.82842712474619,1,5
brc101d.map,dao,639,0.8782195487741262,1.0,18,improved_astar,1,0.04756300040753558,4.47213595499958,0,9
brc101d.map,dao,639,0.8782195487741262,1.0,18,ablation_no_adaptive,1,0.04893999721389264,4.47213595499958,0,9
brc101d.map,dao,639,0.8782195487741262,1.0,18,ablation_no_smoothing,1,0.0771730046835728,4.82842712474619,3,9
brc101d.map,dao,639,0.8782195487741262,1.0,19,dijkstra,1,0.5242210027063265,7.414213562373095,1,146
brc101d.map,dao,639,0.8782195487741262,1.0,19,astar,1,0.04602999979397282,7.414213562373095,1,8
brc101d.map,dao,639,0.8782195487741262,1.0,19,weighted_astar,1,0.049982001655735075,7.414213562373095,1,8
brc101d.map,dao,639,0.8782195487741262,1.0,19,improved_astar,1,0.04325900226831436,7.0710678118654755,0,8
brc101d.map,dao,639,0.8782195487741262,1.0,19,ablation_no_adaptive,1,0.04467699909582734,7.0710678118654755,0,8
brc101d.map,dao,639,0.8782195487741262,1.0,19,ablation_no_smoothing,1,0.043600004573818296,7.414213562373095,1,8
brc101d.map,dao,639,0.8782195487741262,1.0,20,dijkstra,1,0.6210470019141212,9.242640687119284,2,169
brc101d.map,dao,639,0.8782195487741262,1.0,20,astar,1,0.07447900134138763,9.242640687119284,4,14
brc101d.map,dao,639,0.8782195487741262,1.0,20,weighted_astar,1,0.0582550055696629,9.242640687119286,1,9
brc101d.map,dao,639,0.8782195487741262,1.0,20,improved_astar,1,0.07074700261000544,8.54400374531753,0,14
brc101d.map,dao,639,0.8782195487741262,1.0,20,ablation_no_adaptive,1,0.0706490027369,8.54400374531753,0,14
brc101d.map,dao,639,0.8782195487741262,1.0,20,ablation_no_smoothing,1,0.06988600216573104,9.242640687119284,4,14
brc101d.map,dao,639,0.8782195487741262,1.0,21,dijkstra,1,0.567975002923049,9.65685424949238,3,165
brc101d.map,dao,639,0.8782195487741262,1.0,21,astar,1,0.11105500016128644,9.65685424949238,3,12
brc101d.map,dao,639,0.8782195487741262,1.0,21,weighted_astar,1,0.054349999118130654,9.65685424949238,1,9
brc101d.map,dao,639,0.8782195487741262,1.0,21,improved_astar,1,0.06803200085414574,8.94427190999916,0,12
brc101d.map,dao,639,0.8782195487741262,1.0,21,ablation_no_adaptive,1,0.06798499816795811,8.94427190999916,0,12
brc101d.map,dao,639,0.8782195487741262,1.0,21,ablation_no_smoothing,1,0.0905720007722266,9.65685424949238,3,12
brc101d.map,dao,639,0.8782195487741262,1.0,22,dijkstra,1,1.3356960043893196,11.071067811865476,3,347
brc101d.map,dao,639,0.8782195487741262,1.0,22,astar,1,0.06876199768157676,11.071067811865476,1,10
brc101d.map,dao,639,0.8782195487741262,1.0,22,weighted_astar,1,0.06014000246068463,11.071067811865476,1,10
brc101d.map,dao,639,0.8782195487741262,1.0,22,improved_astar,1,0.06911299715284258,10.295630140987,0,10
brc101d.map,dao,639,0.8782195487741262,1.0,22,ablation_no_adaptive,1,0.0613430020166561,10.295630140987,0,10
brc101d.map,dao,639,0.8782195487741262,1.0,22,ablation_no_smoothing,1,0.06059100269339979,11.071067811865476,1,10
brc101d.map,dao,639,0.8782195487741262,1.0,23,dijkstra,1,0.8796469992375933,10.485281374238571,1,241
brc101d.map,dao,639,0.8782195487741262,1.0,23,astar,1,0.10969600407406688,10.485281374238571,3,21
brc101d.map,dao,639,0.8782195487741262,1.0,23,weighted_astar,1,0.09329699969384819,10.485281374238571,1,9
brc101d.map,dao,639,0.8782195487741262,1.0,23,improved_astar,1,0.10697400284698233,10.0,0,21
brc101d.map,dao,639,0.8782195487741262,1.0,23,ablation_no_adaptive,1,0.10566999844741076,10.0,0,21
brc101d.map,dao,639,0.8782195487741262,1.0,23,ablation_no_smoothing,1,0.10276900138705969,10.485281374238571,3,21
brc101d.map,dao,639,0.8782195487741262,1.0,24,dijkstra,1,0.3877840063069016,8.485281374238571,0,102
brc101d.map,dao,639,0.8782195487741262,1.0,24,astar,1,0.0471419989480637,8.485281374238571,0,7
brc101d.map,dao,639,0.8782195487741262,1.0,24,weighted_astar,1,0.04328499926486984,8.485281374238571,0,7
brc101d.map,dao,639,0.8782195487741262,1.0,24,improved_astar,1,0.06774700159439817,8.48528137423857,0,7
brc101d.map,dao,639,0.8782195487741262,1.0,24,ablation_no_adaptive,1,0.04479999915929511,8.48528137423857,0,7
brc101d.map,dao,639,0.8782195487741262,1.0,24,ablation_no_smoothing,1,0.042202998884022236,8.485281374238571,0,7
brc101d.map,dao,639,0.8782195487741262,1.0,25,dijkstra,1,0.7726350013399497,10.071067811865476,1,216
brc101d.map,dao,639,0.8782195487741262,1.0,25,astar,1,0.13213300553616136,10.071067811865476,1,24
brc101d.map,dao,639,0.8782195487741262,1.0,25,weighted_astar,1,0.0554329963051714,10.071067811865476,1,9
brc101d.map,dao,639,0.8782195487741262,1.0,25,improved_astar,1,0.12547299411380664,9.433981132056603,0,24
brc101d.map,dao,639,0.8782195487741262,1.0,25,ablation_no_adaptive,1,0.12339399836491793,9.433981132056603,0,24
brc101d.map,dao,639,0.8782195487741262,1.0,25,ablation_no_smoothing,1,0.12308599980315194,10.071067811865476,1,24
brc101d.map,dao,639,0.8782195487741262,1.0,26,dijkstra,1,0.753904998418875,9.242640687119284,2,209
brc101d.map,dao,639,0.8782195487741262,1.0,26,astar,1,0.055741998949088156,9.242640687119284,3,9
brc101d.map,dao,639,0.8782195487741262,1.0,26,weighted_astar,1,0.05121399590279907,9.242640687119286,1,9
brc101d.map,dao,639,0.8782195487741262,1.0,26,improved_astar,1,0.05146100011188537,8.54400374531753,0,9
brc101d.map,dao,639,0.8782195487741262,1.0,26,ablation_no_adaptive,1,0.06062200554879382,8.54400374531753,0,9
brc101d.map,dao,639,0.8782195487741262,1.0,26,ablation_no_smoothing,1,0.05298000178299844,9.242640687119284,3,9
brc101d.map,dao,639,0.8782195487741262,1.0,27,dijkstra,1,0.9156009982689284,9.414213562373096,1,240
brc101d.map,dao,639,0.8782195487741262,1.0,27,astar,1,0.05984699964756146,9.414213562373096,1,10
brc101d.map,dao,639,0.8782195487741262,1.0,27,weighted_astar,1,0.05766400136053562,9.414213562373096,1,10
brc101d.map,dao,639,0.8782195487741262,1.0,27,improved_astar,1,0.05699999746866524,9.055385138137417,0,10
brc101d.map,dao,639,0.8782195487741262,1.0,27,ablation_no_adaptive,1,0.0812579964986071,9.055385138137417,0,10
brc101d.map,dao,639,0.8782195487741262,1.0,27,ablation_no_smoothing,1,0.05603300087386742,9.414213562373096,1,10
brc101d.map,dao,639,0.8782195487741262,1.0,28,dijkstra,1,0.6993340066401288,8.242640687119284,2,196
brc101d.map,dao,639,0.8782195487741262,1.0,28,astar,1,0.06371500057866797,8.242640687119284,3,11
brc101d.map,dao,639,0.8782195487741262,1.0,28,weighted_astar,1,0.07180900138337165,8.242640687119286,1,8
brc101d.map,dao,639,0.8782195487741262,1.0,28,improved_astar,1,0.06152199784992263,7.615773105863909,0,11
brc101d.map,dao,639,0.8782195487741262,1.0,28,ablation_no_adaptive,1,0.061380000261124223,7.615773105863909,0,11
brc101d.map,dao,639,0.8782195487741262,1.0,28,ablation_no_smoothing,1,0.06099700112827122,8.242640687119284,3,11
brc101d.map,dao,639,0.8782195487741262,1.0,29,dijkstra,1,1.2476259944378398,10.65685424949238,3,324
brc101d.map,dao,639,0.8782195487741262,1.0,29,astar,1,0.13954000314697623,10.65685424949238,2,26
brc101d.map,dao,639,0.8782195487741262,1.0,29,weighted_astar,1,0.058641002397052944,10.65685424949238,1,10
brc101d.map,dao,639,0.8782195487741262,1.0,29,improved_astar,1,0.16126799891935661,9.848857801796104,0,26
brc101d.map,dao,639,0.8782195487741262,1.0,29,ablation_no_adaptive,1,0.1341660026810132,9.848857801796104,0,26
brc101d.map,dao,639,0.8782195487741262,1.0,29,ablation_no_smoothing,1,0.13133700122125447,10.65685424949238,2,26
