algorithm,success,path_length,turn_count,runtime_ms,expanded_nodes,size,ratio,run_id,attempt_id
dijkstra,1,7.65685424949238,4,0.19589999283198267,56,20,0.3,0,0
astar,1,7.65685424949238,4,0.03860000288113952,8,20,0.3,0,0
weighted_astar,1,7.65685424949238,3,0.027000001864507794,7,20,0.3,0,0
jps_like,1,7.65685424949238,4,0.05319999763742089,7,20,0.3,0,0
improved_astar,1,7.0710678118654755,1,0.03640000068116933,5,20,0.3,0,0
dijkstra,1,4.82842712474619,2,0.05319999763742089,19,20,0.3,1,1
astar,1,4.82842712474619,2,0.026399997295811772,7,20,0.3,1,1
weighted_astar,1,4.82842712474619,1,0.01920000067912042,5,20,0.3,1,1
jps_like,1,4.82842712474619,2,0.050700007705017924,7,20,0.3,1,1
improved_astar,1,4.82842712474619,1,0.021800005924887955,3,20,0.3,1,1
dijkstra,1,10.242640687119286,4,0.3632000007200986,125,20,0.3,2,2
astar,1,10.242640687119286,4,0.08600000001024455,23,20,0.3,2,2
weighted_astar,1,10.242640687119286,4,0.05080000846646726,12,20,0.3,2,2
jps_like,1,10.242640687119286,4,0.18089999502990395,23,20,0.3,2,2
improved_astar,1,9.23606797749979,2,0.06350000330712646,7,20,0.3,2,2
dijkstra,1,7.82842712474619,4,0.45959999260958284,110,20,0.3,3,3
astar,1,7.82842712474619,4,0.07389999518636614,16,20,0.3,3,3
weighted_astar,1,7.82842712474619,4,0.048000001697801054,11,20,0.3,3,3
jps_like,1,7.82842712474619,4,0.18570000247564167,16,20,0.3,3,3
improved_astar,1,7.47213595499958,3,0.11119998816866428,11,20,0.3,3,3
dijkstra,1,8.65685424949238,4,0.3251000016462058,111,20,0.3,4,4
astar,1,8.65685424949238,4,0.050000002374872565,12,20,0.3,4,4
weighted_astar,1,8.65685424949238,5,0.032500000088475645,8,20,0.3,4,4
jps_like,1,8.65685424949238,3,0.09329999738838524,12,20,0.3,4,4
improved_astar,1,7.576491222541474,2,0.05189998773857951,6,20,0.3,4,4
dijkstra,1,12.242640687119286,5,0.2589000068837777,75,20,0.3,5,5
astar,1,12.242640687119286,5,0.08269998943433166,23,20,0.3,5,5
weighted_astar,1,12.242640687119287,5,0.04610000178217888,12,20,0.3,5,5
jps_like,1,12.242640687119286,6,0.14899999951012433,23,20,0.3,5,5
improved_astar,1,11.082762530298218,2,0.0813999940874055,11,20,0.3,5,5
dijkstra,1,17.65685424949238,5,0.5911999905947596,203,20,0.3,6,6
astar,1,17.65685424949238,3,0.10150000161956996,24,20,0.3,6,6
weighted_astar,1,18.48528137423857,7,0.10059999476652592,25,20,0.3,6,6
jps_like,1,17.65685424949238,4,0.16090000281110406,15,20,0.3,6,6
improved_astar,1,15.95896893550472,3,0.15130000247154385,15,20,0.3,6,6
dijkstra,1,4.414213562373095,2,0.11959999392274767,29,20,0.3,7,7
astar,1,4.414213562373095,2,0.02540000423323363,5,20,0.3,7,7
weighted_astar,1,4.414213562373095,1,0.02160000440198928,5,20,0.3,7,7
jps_like,1,4.414213562373095,2,0.04199999966658652,4,20,0.3,7,7
improved_astar,1,4.23606797749979,1,0.027900008717551827,3,20,0.3,7,7
dijkstra,1,2.414213562373095,1,0.047599998652003706,11,20,0.3,8,8
astar,1,2.414213562373095,1,0.018399994587525725,3,20,0.3,8,8
weighted_astar,1,2.414213562373095,1,0.01200000406242907,3,20,0.3,8,8
jps_like,1,2.414213562373095,1,0.028299997211433947,3,20,0.3,8,8
improved_astar,1,2.23606797749979,0,0.027699992642737925,3,20,0.3,8,8
dijkstra,1,6.242640687119285,4,0.2043999993475154,62,20,0.3,9,9
astar,1,6.242640687119285,4,0.027300004148855805,7,20,0.3,9,9
weighted_astar,1,6.242640687119285,3,0.021800005924887955,6,20,0.3,9,9
jps_like,1,6.242640687119285,4,0.05459999374579638,7,20,0.3,9,9
improved_astar,1,5.656854249492381,1,0.038300000596791506,5,20,0.3,9,9
dijkstra,1,18.72792206135786,7,0.5766999965999275,205,20,0.3,10,10
astar,1,18.72792206135786,7,0.1799000019673258,44,20,0.3,10,10
weighted_astar,1,19.55634918610405,8,0.0943000050028786,24,20,0.3,10,10
jps_like,1,18.727922061357855,5,0.3288000007160008,41,20,0.3,10,10
improved_astar,1,17.51419040077286,3,0.1635000080568716,21,20,0.3,10,10
dijkstra,1,10.65685424949238,5,0.26929999876301736,97,20,0.3,11,11
astar,1,10.65685424949238,5,0.04579999949783087,13,20,0.3,11,11
weighted_astar,1,10.65685424949238,5,0.04149999585933983,12,20,0.3,11,11
jps_like,1,10.65685424949238,5,0.08279999019578099,12,20,0.3,11,11
improved_astar,1,9.640986324787455,3,0.07899999036453664,11,20,0.3,11,11
dijkstra,1,5.414213562373095,1,0.16689999029040337,57,20,0.3,12,12
astar,1,5.414213562373095,1,0.022899999748915434,6,20,0.3,12,12
weighted_astar,1,5.414213562373095,2,0.02570000651758164,7,20,0.3,12,12
jps_like,1,5.414213562373095,2,0.0526000076206401,6,20,0.3,12,12
improved_astar,1,5.23606797749979,1,0.03919999289792031,4,20,0.3,12,12
dijkstra,1,3.414213562373095,2,0.07949999417178333,24,20,0.3,13,13
astar,1,3.414213562373095,2,0.01780000457074493,4,20,0.3,13,13
weighted_astar,1,3.414213562373095,2,0.016699996194802225,4,20,0.3,13,13
jps_like,1,3.414213562373095,2,0.03429999924264848,4,20,0.3,13,13
improved_astar,1,3.1622776601683795,0,0.030199997127056122,4,20,0.3,13,13
dijkstra,1,16.48528137423857,6,0.6989999965298921,226,20,0.3,14,14
astar,1,16.48528137423857,6,0.1568000006955117,37,20,0.3,14,14
weighted_astar,1,17.313708498984763,8,0.08469999011140317,20,20,0.3,14,14
jps_like,1,16.485281374238568,6,0.31689999741502106,30,20,0.3,14,14
improved_astar,1,15.07768723046357,5,0.11819999781437218,14,20,0.3,14,14
dijkstra,1,15.313708498984763,8,0.7220999978017062,258,20,0.3,15,15
astar,1,15.313708498984763,9,0.16799999866634607,29,20,0.3,15,15
weighted_astar,1,15.313708498984763,8,0.10320000001229346,13,20,0.3,15,15
jps_like,1,15.31370849898476,8,0.17299999308306724,22,20,0.3,15,15
improved_astar,1,12.867956800420359,2,0.08379999781027436,11,20,0.3,15,15
dijkstra,1,6.82842712474619,2,0.2386999985901639,75,20,0.3,16,16
astar,1,6.82842712474619,2,0.044200001866556704,10,20,0.3,16,16
weighted_astar,1,6.82842712474619,3,0.03509999078232795,8,20,0.3,16,16
jps_like,1,6.82842712474619,2,0.12419999984558672,10,20,0.3,16,16
improved_astar,1,6.324555320336759,0,0.03779999678954482,4,20,0.3,16,16
dijkstra,1,11.485281374238571,4,0.7342000026255846,216,20,0.3,17,17
astar,1,11.485281374238571,3,0.09610000415705144,21,20,0.3,17,17
weighted_astar,1,11.485281374238571,3,0.042799991206265986,10,20,0.3,17,17
jps_like,1,11.48528137423857,4,0.112599998828955,12,20,0.3,17,17
improved_astar,1,10.676619087329463,2,0.06079999729990959,6,20,0.3,17,17
dijkstra,1,5.242640687119285,1,0.2514999941922724,63,20,0.3,18,18
astar,1,5.242640687119285,1,0.023600005079060793,5,20,0.3,18,18
weighted_astar,1,5.242640687119286,1,0.021400002879090607,5,20,0.3,18,18
jps_like,1,5.242640687119285,1,0.028399997972883284,3,20,0.3,18,18
improved_astar,1,5.0,0,0.028000009479001164,3,20,0.3,18,18
dijkstra,1,15.313708498984763,3,0.7055000023683533,258,20,0.3,19,19
astar,1,15.313708498984763,4,0.10469999688211828,26,20,0.3,19,19
weighted_astar,1,15.313708498984763,4,0.06800000846851617,17,20,0.3,19,19
jps_like,1,15.31370849898476,6,0.15190000704023987,17,20,0.3,19,19
improved_astar,1,14.480811467896418,2,0.11679998715408146,13,20,0.3,19,19
dijkstra,1,3.0,0,0.06810000922996551,14,20,0.3,20,20
astar,1,3.0,0,0.022599997464567423,4,20,0.3,20,20
weighted_astar,1,3.0,0,0.02099999983329326,4,20,0.3,20,20
jps_like,1,3.0,0,0.015099998563528061,2,20,0.3,20,20
improved_astar,1,3.0,0,0.04159999662078917,2,20,0.3,20,20
dijkstra,1,6.242640687119285,3,0.265499998931773,60,20,0.3,21,21
astar,1,6.242640687119285,3,0.028700000257231295,6,20,0.3,21,21
weighted_astar,1,6.242640687119285,2,0.030199997127056122,6,20,0.3,21,21
jps_like,1,6.242640687119285,2,0.04190001345705241,4,20,0.3,21,21
improved_astar,1,5.656854249492381,2,0.036900004488416016,4,20,0.3,21,21
dijkstra,1,3.414213562373095,2,0.06219999340828508,18,20,0.3,22,22
astar,1,3.414213562373095,2,0.022499996703118086,5,20,0.3,22,22
weighted_astar,1,3.414213562373095,2,0.020099992980249226,5,20,0.3,22,22
jps_like,1,3.414213562373095,2,0.04429998807609081,5,20,0.3,22,22
improved_astar,1,3.23606797749979,1,0.042799991206265986,5,20,0.3,22,22
dijkstra,1,19.55634918610405,6,0.6432000081986189,218,20,0.3,23,23
astar,1,19.55634918610405,7,0.14340000052470714,36,20,0.3,23,23
weighted_astar,1,19.55634918610405,5,0.07650000043213367,18,20,0.3,23,23
jps_like,1,19.556349186104043,5,0.21640000340994447,27,20,0.3,23,23
improved_astar,1,18.95741732923815,4,0.10740000288933516,13,20,0.3,23,23
dijkstra,1,6.242640687119285,1,0.19589999283198267,65,20,0.3,24,24
astar,1,6.242640687119285,3,0.03480000304989517,8,20,0.3,24,24
weighted_astar,1,6.242640687119285,2,0.024299995857290924,6,20,0.3,24,24
jps_like,1,6.242640687119285,2,0.047900000936351717,5,20,0.3,24,24
improved_astar,1,5.841619252963779,1,0.024299995857290924,3,20,0.3,24,24
dijkstra,1,19.48528137423857,9,0.7694999949308112,269,20,0.3,25,25
astar,1,19.48528137423857,11,0.32970000756904483,67,20,0.3,25,25
weighted_astar,1,19.48528137423857,9,0.1680999994277954,39,20,0.3,25,25
jps_like,1,19.48528137423857,11,0.5678000015905127,66,20,0.3,25,25
improved_astar,1,17.325792276007146,4,0.23130000045057386,30,20,0.3,25,25
dijkstra,1,5.82842712474619,2,0.18899999849963933,53,20,0.3,26,26
astar,1,5.82842712474619,3,0.05119999696034938,9,20,0.3,26,26
weighted_astar,1,5.82842712474619,1,0.0320999970426783,6,20,0.3,26,26
jps_like,1,5.82842712474619,1,0.10010000551119447,9,20,0.3,26,26
improved_astar,1,5.39834563766817,1,0.02819999644998461,3,20,0.3,26,26
dijkstra,1,15.071067811865477,4,0.5184000037843361,190,20,0.3,27,27
astar,1,15.071067811865477,4,0.08000001253094524,21,20,0.3,27,27
weighted_astar,1,15.899494936611667,7,0.05539999983739108,14,20,0.3,27,27
jps_like,1,15.071067811865476,4,0.12060000153724104,17,20,0.3,27,27
improved_astar,1,14.34987838803202,4,0.05529999907594174,7,20,0.3,27,27
dijkstra,1,10.899494936611667,2,0.38309999217744917,132,20,0.3,28,28
astar,1,10.899494936611667,2,0.03959999594371766,9,20,0.3,28,28
weighted_astar,1,10.899494936611667,2,0.04780000017490238,9,20,0.3,28,28
jps_like,1,10.899494936611665,3,0.05470000905916095,5,20,0.3,28,28
improved_astar,1,10.721349351738361,2,0.051399998483248055,5,20,0.3,28,28
dijkstra,1,5.82842712474619,1,0.1976999919861555,36,20,0.3,29,29
astar,1,5.82842712474619,1,0.06679999933112413,12,20,0.3,29,29
weighted_astar,1,5.82842712474619,1,0.145500001963228,6,20,0.3,29,29
jps_like,1,5.82842712474619,1,0.1218999968841672,12,20,0.3,29,29
improved_astar,1,5.385164807134504,0,0.03599999763537198,3,20,0.3,29,29
dijkstra,1,5.242640687119286,2,0.016399993910454214,6,20,0.7,0,0
astar,1,5.242640687119286,2,0.014500008546747267,6,20,0.7,0,0
weighted_astar,1,5.242640687119286,2,0.012799995602108538,6,20,0.7,0,0
jps_like,1,5.242640687119286,2,0.019800005247816443,6,20,0.7,0,0
improved_astar,1,4.23606797749979,1,0.020400009816512465,6,20,0.7,0,0
dijkstra,1,28.384776310850242,17,0.1804999919841066,59,20,0.7,1,1
astar,1,28.384776310850242,17,0.21320000814739615,47,20,0.7,1,1
weighted_astar,1,28.384776310850242,17,0.1289999927394092,43,20,0.7,1,1
jps_like,1,28.384776310850242,17,0.20709999080281705,47,20,0.7,1,1
improved_astar,1,24.015339721864635,11,0.2108000044245273,52,20,0.7,1,1
dijkstra,1,10.071067811865476,5,0.08939999679569155,27,20,0.7,2,2
astar,1,10.071067811865476,5,0.03999999898951501,9,20,0.7,2,2
weighted_astar,1,10.071067811865476,5,0.03670000296551734,9,20,0.7,2,2
jps_like,1,10.071067811865476,5,0.04739999712910503,7,20,0.7,2,2
improved_astar,1,9.59625606037856,3,0.07720000576227903,13,20,0.7,2,2
dijkstra,1,9.071067811865476,4,0.0768999889260158,22,20,0.7,3,3
astar,1,9.071067811865476,4,0.04440000338945538,9,20,0.7,3,3
weighted_astar,1,9.071067811865476,4,0.029799994081258774,8,20,0.7,3,3
jps_like,1,9.071067811865476,5,0.051099996198900044,9,20,0.7,3,3
improved_astar,1,7.8863495173726745,3,0.10520000068936497,13,20,0.7,3,3
dijkstra,1,2.414213562373095,1,0.01829999382607639,4,20,0.7,4,4
astar,1,2.414213562373095,1,0.011099997209385037,3,20,0.7,4,4
weighted_astar,1,2.414213562373095,1,0.008300004992634058,3,20,0.7,4,4
jps_like,1,2.414213562373095,1,0.014599994756281376,3,20,0.7,4,4
improved_astar,1,2.414213562373095,1,0.015000012353993952,3,20,0.7,4,4
dijkstra,1,11.485281374238571,6,0.13559999933931977,40,20,0.7,5,5
astar,1,11.485281374238571,6,0.05669999518431723,14,20,0.7,5,5
weighted_astar,1,11.485281374238571,5,0.04549999721348286,11,20,0.7,5,5
jps_like,1,11.48528137423857,6,0.0678999931551516,11,20,0.7,5,5
improved_astar,1,9.47213595499958,2,0.112599998828955,20,20,0.7,5,5
dijkstra,1,10.071067811865476,6,0.08800000068731606,27,20,0.7,6,6
astar,1,10.071067811865476,7,0.050399990868754685,13,20,0.7,6,6
weighted_astar,1,10.071067811865476,7,0.03460000152699649,9,20,0.7,6,6
jps_like,1,10.071067811865476,6,0.1053000014508143,13,20,0.7,6,6
improved_astar,1,8.70820393249937,4,0.07650000043213367,14,20,0.7,6,6
dijkstra,1,4.414213562373095,1,0.04089999129064381,8,20,0.7,7,7
astar,1,4.414213562373095,1,0.023999993572942913,5,20,0.7,7,7
weighted_astar,1,4.414213562373095,1,0.020699997548945248,5,20,0.7,7,7
jps_like,1,4.414213562373095,1,0.03290000313427299,5,20,0.7,7,7
improved_astar,1,4.414213562373095,1,0.02780000795610249,5,20,0.7,7,7
dijkstra,1,2.414213562373095,1,0.010400006431154907,3,20,0.7,8,8
astar,1,2.414213562373095,1,0.009099996532313526,3,20,0.7,8,8
weighted_astar,1,2.414213562373095,1,0.007700000423938036,3,20,0.7,8,8
jps_like,1,2.414213562373095,1,0.010100004146806896,3,20,0.7,8,8
improved_astar,1,2.23606797749979,0,0.010499992640689015,3,20,0.7,8,8
dijkstra,1,5.656854249492381,2,0.039099992136470973,12,20,0.7,9,9
astar,1,5.656854249492381,2,0.01889999839477241,5,20,0.7,9,9
weighted_astar,1,5.656854249492381,2,0.016999998479150236,5,20,0.7,9,9
jps_like,1,5.656854249492381,2,0.027000001864507794,5,20,0.7,9,9
improved_astar,1,4.650281539872885,2,0.030300012440420687,6,20,0.7,9,9
dijkstra,1,2.8284271247461903,0,0.040700004319660366,11,20,0.7,10,10
astar,1,2.8284271247461903,0,0.014899997040629387,3,20,0.7,10,10
weighted_astar,1,2.8284271247461903,0,0.012500007869675756,3,20,0.7,10,10
jps_like,1,2.8284271247461903,0,0.022899999748915434,3,20,0.7,10,10
improved_astar,1,2.8284271247461903,0,0.022100008209235966,3,20,0.7,10,10
dijkstra,1,2.414213562373095,1,0.02580000727903098,5,20,0.7,11,11
astar,1,2.414213562373095,1,0.010099989594891667,3,20,0.7,11,11
weighted_astar,1,2.414213562373095,1,0.00829999044071883,3,20,0.7,11,11
jps_like,1,2.414213562373095,1,0.013700002455152571,3,20,0.7,11,11
improved_astar,1,2.23606797749979,0,0.013700002455152571,3,20,0.7,11,11
dijkstra,1,1.0,0,0.007700000423938036,2,20,0.7,12,12
astar,1,1.0,0,0.006400005077011883,2,20,0.7,12,12
weighted_astar,1,1.0,0,0.0050000089686363935,2,20,0.7,12,12
jps_like,1,1.0,0,0.007700000423938036,2,20,0.7,12,12
improved_astar,1,1.0,0,0.007299997378140688,2,20,0.7,12,12
dijkstra,1,5.242640687119286,2,0.038300000596791506,10,20,0.7,13,13
astar,1,5.242640687119286,2,0.024199995095841587,6,20,0.7,13,13
weighted_astar,1,5.242640687119286,2,0.022200008970685303,6,20,0.7,13,13
jps_like,1,5.242640687119286,2,0.03670000296551734,6,20,0.7,13,13
improved_astar,1,4.414213562373095,2,0.03480000304989517,6,20,0.7,13,13
dijkstra,1,8.242640687119284,6,0.0678000069456175,19,20,0.7,14,14
astar,1,8.242640687119284,6,0.037299992982298136,9,20,0.7,14,14
weighted_astar,1,8.242640687119284,6,0.035500008380040526,9,20,0.7,14,14
jps_like,1,8.242640687119284,6,0.05400000372901559,9,20,0.7,14,14
improved_astar,1,7.63441361516796,2,0.06150000263005495,10,20,0.7,14,14
dijkstra,1,16.48528137423857,10,0.20640000002458692,65,20,0.7,15,15
astar,1,16.48528137423857,10,0.08019999950192869,19,20,0.7,15,15
weighted_astar,1,16.48528137423857,8,0.07359999290201813,18,20,0.7,15,15
jps_like,1,16.485281374238568,10,0.11520000407472253,18,20,0.7,15,15
improved_astar,1,15.476032868131739,4,0.18370000179857016,32,20,0.7,15,15
dijkstra,1,2.414213562373095,1,0.018799997633323073,6,20,0.7,16,16
astar,1,2.414213562373095,1,0.00960000033956021,3,20,0.7,16,16
weighted_astar,1,2.414213562373095,1,0.008399991202168167,3,20,0.7,16,16
jps_like,1,2.414213562373095,1,0.013299999409355223,3,20,0.7,16,16
improved_astar,1,2.414213562373095,1,0.012999997125007212,3,20,0.7,16,16
dijkstra,1,1.4142135623730951,0,0.012500007869675756,3,20,0.7,17,17
astar,1,1.4142135623730951,0,0.005599998985417187,2,20,0.7,17,17
weighted_astar,1,1.4142135623730951,0,0.0047000066842883825,2,20,0.7,17,17
jps_like,1,1.4142135623730951,0,0.005999987479299307,2,20,0.7,17,17
improved_astar,1,1.4142135623730951,0,0.005900001269765198,2,20,0.7,17,17
dijkstra,1,5.242640687119285,2,0.023899992811493576,9,20,0.7,18,18
astar,1,5.242640687119285,2,0.01479999627918005,5,20,0.7,18,18
weighted_astar,1,5.242640687119285,2,0.01309999788645655,5,20,0.7,18,18
jps_like,1,5.242640687119285,2,0.020099992980249226,5,20,0.7,18,18
improved_astar,1,5.06449510224598,2,0.027300004148855805,5,20,0.7,18,18
dijkstra,1,1.4142135623730951,0,0.007700000423938036,3,20,0.7,19,19
astar,1,1.4142135623730951,0,0.004899993655271828,2,20,0.7,19,19
weighted_astar,1,1.4142135623730951,0,0.0041000021155923605,2,20,0.7,19,19
jps_like,1,1.4142135623730951,0,0.0052000104915350676,2,20,0.7,19,19
improved_astar,1,1.4142135623730951,0,0.0053000112529844046,2,20,0.7,19,19
dijkstra,1,5.242640687119285,2,0.025600005756132305,9,20,0.7,20,20
astar,1,5.242640687119285,2,0.016999998479150236,6,20,0.7,20,20
weighted_astar,1,5.242640687119285,2,0.01619999238755554,6,20,0.7,20,20
jps_like,1,5.242640687119285,2,0.025899993488565087,6,20,0.7,20,20
improved_astar,1,3.6502815398728847,1,0.027999994927085936,7,20,0.7,20,20
dijkstra,1,6.656854249492381,2,0.043199994252063334,16,20,0.7,21,21
astar,1,6.656854249492381,2,0.01990000600926578,6,20,0.7,21,21
weighted_astar,1,6.656854249492381,2,0.019500002963468432,6,20,0.7,21,21
jps_like,1,6.65685424949238,2,0.030700000934302807,6,20,0.7,21,21
improved_astar,1,5.60555127546399,1,0.11690000246744603,10,20,0.7,21,21
dijkstra,1,10.485281374238571,7,0.0509000092279166,12,20,0.7,22,22
astar,1,10.485281374238571,7,0.03709999145939946,10,20,0.7,22,22
weighted_astar,1,10.485281374238571,7,0.032500000088475645,10,20,0.7,22,22
jps_like,1,10.485281374238571,7,0.03789999755099416,10,20,0.7,22,22
improved_astar,1,8.06449510224598,3,0.03920000744983554,10,20,0.7,22,22
dijkstra,1,3.8284271247461903,2,0.029099988751113415,9,20,0.7,23,23
astar,1,3.8284271247461903,2,0.012999997125007212,4,20,0.7,23,23
weighted_astar,1,3.8284271247461903,2,0.010499992640689015,4,20,0.7,23,23
jps_like,1,3.8284271247461903,2,0.017999991541728377,4,20,0.7,23,23
improved_astar,1,3.0,0,0.01720000000204891,4,20,0.7,23,23
dijkstra,1,8.65685424949238,6,0.04410000110510737,18,20,0.7,24,24
astar,1,8.65685424949238,6,0.029199989512562752,11,20,0.7,24,24
weighted_astar,1,8.65685424949238,6,0.022499996703118086,8,20,0.7,24,24
jps_like,1,8.65685424949238,6,0.043499996536411345,11,20,0.7,24,24
improved_astar,1,7.0,2,0.04810000245925039,12,20,0.7,24,24
dijkstra,1,2.414213562373095,1,0.017700003809295595,6,20,0.7,25,25
astar,1,2.414213562373095,1,0.0092999980552122,3,20,0.7,25,25
weighted_astar,1,2.414213562373095,1,0.008099988917820156,3,20,0.7,25,25
jps_like,1,2.414213562373095,1,0.014000004739500582,3,20,0.7,25,25
improved_astar,1,2.23606797749979,0,0.014000004739500582,3,20,0.7,25,25
dijkstra,1,11.242640687119286,4,0.06539998867083341,26,20,0.7,26,26
astar,1,11.242640687119286,4,0.04890000855084509,16,20,0.7,26,26
weighted_astar,1,11.242640687119286,4,0.04129999433644116,14,20,0.7,26,26
jps_like,1,11.242640687119286,4,0.0703999976394698,16,20,0.7,26,26
improved_astar,1,10.886349517372675,3,0.09040000441018492,19,20,0.7,26,26
dijkstra,1,1.4142135623730951,0,0.007199996616691351,3,20,0.7,27,27
astar,1,1.4142135623730951,0,0.0050000089686363935,2,20,0.7,27,27
weighted_astar,1,1.4142135623730951,0,0.0037999998312443495,2,20,0.7,27,27
jps_like,1,1.4142135623730951,0,0.005900001269765198,2,20,0.7,27,27
improved_astar,1,1.4142135623730951,0,0.006099988240748644,2,20,0.7,27,27
dijkstra,1,2.414213562373095,1,0.01960000372491777,7,20,0.7,28,28
astar,1,2.414213562373095,1,0.011299998732283711,3,20,0.7,28,28
weighted_astar,1,2.414213562373095,1,0.008300004992634058,3,20,0.7,28,28
jps_like,1,2.414213562373095,1,0.011400014045648277,3,20,0.7,28,28
improved_astar,1,2.23606797749979,0,0.011100011761300266,3,20,0.7,28,28
dijkstra,1,5.242640687119285,2,0.04339999577496201,17,20,0.7,29,29
astar,1,5.242640687119285,2,0.01619999238755554,5,20,0.7,29,29
weighted_astar,1,5.242640687119285,2,0.015199999324977398,5,20,0.7,29,29
jps_like,1,5.242640687119285,2,0.024499997380189598,5,20,0.7,29,29
improved_astar,1,5.06449510224598,2,0.027000001864507794,6,20,0.7,29,29
dijkstra,1,41.4558441227157,11,3.300300013506785,972,40,0.3,0,0
astar,1,41.4558441227157,19,0.5445999995572492,105,40,0.3,0,0
weighted_astar,1,41.45584412271572,12,0.1908999984152615,39,40,0.3,0,0
jps_like,1,41.4558441227157,14,0.8225000055972487,98,40,0.3,0,0
improved_astar,1,39.19965773961284,9,0.18579998868517578,20,40,0.3,0,0
dijkstra,1,15.727922061357859,2,1.115799997933209,378,40,0.3,1,1
astar,1,15.727922061357859,2,0.09730001329444349,22,40,0.3,1,1
weighted_astar,1,15.727922061357859,2,0.05849999433849007,13,40,0.3,1,1
jps_like,1,15.727922061357855,5,0.15580000763293356,16,40,0.3,1,1
improved_astar,1,15.148755042329045,2,0.08710000838618726,8,40,0.3,1,1
dijkstra,1,33.55634918610404,14,2.3530000034952536,805,40,0.3,2,2
astar,1,33.55634918610405,14,0.5486000009113923,154,40,0.3,2,2
weighted_astar,1,34.97056274847714,16,0.2023999986704439,47,40,0.3,2,2
jps_like,1,33.55634918610404,10,1.2732000031974167,154,40,0.3,2,2
improved_astar,1,31.764544125530783,5,0.8388999995077029,59,40,0.3,2,2
dijkstra,1,1.0,0,0.019899991457350552,3,40,0.3,3,3
astar,1,1.0,0,0.01170000177808106,2,40,0.3,3,3
weighted_astar,1,1.0,0,0.008999995770864189,2,40,0.3,3,3
jps_like,1,1.0,0,0.026000008801929653,2,40,0.3,3,3
improved_astar,1,1.0,0,0.02479999966453761,2,40,0.3,3,3
dijkstra,1,40.38477631085023,19,4.068900001584552,1058,40,0.3,4,4
astar,1,40.38477631085023,17,0.7957000052556396,190,40,0.3,4,4
weighted_astar,1,41.21320343559641,19,0.2263999922433868,51,40,0.3,4,4
jps_like,1,40.38477631085023,17,1.5454000094905496,190,40,0.3,4,4
improved_astar,1,37.030275757927555,11,0.3912999964086339,42,40,0.3,4,4
dijkstra,1,26.899494936611667,12,1.5631999995093793,471,40,0.3,5,5
astar,1,26.899494936611667,13,0.22479999461211264,52,40,0.3,5,5
weighted_astar,1,26.899494936611667,13,0.14829999417997897,33,40,0.3,5,5
jps_like,1,26.899494936611667,14,0.41390000842511654,49,40,0.3,5,5
improved_astar,1,25.171732803158715,6,0.19370000518392771,19,40,0.3,5,5
dijkstra,1,16.899494936611667,7,1.7010000010486692,489,40,0.3,6,6
astar,1,16.899494936611667,7,0.08060000254772604,17,40,0.3,6,6
weighted_astar,1,17.72792206135786,5,0.0782000133767724,16,40,0.3,6,6
jps_like,1,16.899494936611664,8,0.15430001076310873,15,40,0.3,6,6
improved_astar,1,16.090832649702563,4,0.09029998909682035,9,40,0.3,6,6
dijkstra,1,45.11269837220807,17,3.218200014089234,1016,40,0.3,7,7
astar,1,45.11269837220809,14,0.606999994488433,143,40,0.3,7,7
weighted_astar,1,45.11269837220809,16,0.22709999757353216,47,40,0.3,7,7
jps_like,1,45.11269837220808,14,1.35420000879094,142,40,0.3,7,7
improved_astar,1,42.92171784676396,10,0.2482999989297241,26,40,0.3,7,7
dijkstra,1,25.48528137423857,7,2.009199990425259,562,40,0.3,8,8
astar,1,25.48528137423857,7,0.3121999907307327,72,40,0.3,8,8
weighted_astar,1,26.313708498984766,11,0.15809999604243785,33,40,0.3,8,8
jps_like,1,25.48528137423857,8,0.6202999938977882,69,40,0.3,8,8
improved_astar,1,23.68372892345421,7,0.3159000043524429,30,40,0.3,8,8
dijkstra,1,15.899494936611667,6,1.6878000024007633,442,40,0.3,9,9
astar,1,15.899494936611667,5,0.156299996888265,35,40,0.3,9,9
weighted_astar,1,15.899494936611669,7,0.07559999357908964,15,40,0.3,9,9
jps_like,1,15.899494936611665,5,0.2238000015495345,23,40,0.3,9,9
improved_astar,1,15.36505818199175,6,0.11419999646022916,11,40,0.3,9,9
dijkstra,1,28.041630560342625,9,2.8156000043964013,833,40,0.3,10,10
astar,1,28.041630560342625,8,0.225800002226606,51,40,0.3,10,10
weighted_astar,1,28.041630560342625,8,0.119399992399849,23,40,0.3,10,10
jps_like,1,28.041630560342615,10,0.41090000013355166,47,40,0.3,10,10
improved_astar,1,26.990327586314223,6,0.21109999215696007,23,40,0.3,10,10
dijkstra,1,18.899494936611667,6,1.7832000012276694,529,40,0.3,11,11
astar,1,18.899494936611667,6,0.24420001136604697,59,40,0.3,11,11
weighted_astar,1,18.899494936611667,6,0.13270000636111945,30,40,0.3,11,11
jps_like,1,18.899494936611667,7,0.4676000098697841,59,40,0.3,11,11
improved_astar,1,17.50393786088045,4,0.2199000009568408,26,40,0.3,11,11
dijkstra,1,16.899494936611667,9,1.26530000125058,386,40,0.3,12,12
astar,1,16.899494936611667,9,0.21240000205580145,50,40,0.3,12,12
weighted_astar,1,16.899494936611667,7,0.1412999990861863,34,40,0.3,12,12
jps_like,1,16.899494936611667,8,0.411900007748045,49,40,0.3,12,12
improved_astar,1,14.404918347287666,3,0.33150000672321767,40,40,0.3,12,12
dijkstra,1,27.72792206135786,11,2.243299997644499,721,40,0.3,13,13
astar,1,27.72792206135786,9,0.2753000007942319,69,40,0.3,13,13
weighted_astar,1,29.384776310850242,10,0.2972999936901033,39,40,0.3,13,13
jps_like,1,27.727922061357855,8,0.5755999882239848,69,40,0.3,13,13
improved_astar,1,26.853152202478313,5,0.3079000016441569,33,40,0.3,13,13
dijkstra,1,31.48528137423857,12,3.2574999931966886,1009,40,0.3,14,14
astar,1,31.48528137423857,12,0.5747999966843054,148,40,0.3,14,14
weighted_astar,1,32.31370849898477,14,0.37310000334400684,92,40,0.3,14,14
jps_like,1,31.48528137423857,13,1.2442000006558374,147,40,0.3,14,14
improved_astar,1,30.435974767734304,7,0.7012999994913116,80,40,0.3,14,14
dijkstra,1,33.55634918610405,13,2.7926000038860366,919,40,0.3,15,15
astar,1,33.55634918610405,14,0.483600000734441,120,40,0.3,15,15
weighted_astar,1,34.14213562373095,17,0.17090000619646162,37,40,0.3,15,15
jps_like,1,33.55634918610404,16,1.0153000039281324,120,40,0.3,15,15
improved_astar,1,29.821920471597714,8,0.526999996509403,41,40,0.3,15,15
dijkstra,1,29.48528137423857,7,3.254800001741387,972,40,0.3,16,16
astar,1,29.48528137423857,9,0.3173000004608184,69,40,0.3,16,16
weighted_astar,1,30.313708498984766,13,0.17800000205170363,39,40,0.3,16,16
jps_like,1,29.48528137423857,8,0.6759999960195273,69,40,0.3,16,16
improved_astar,1,27.848320567058455,6,0.239099987084046,23,40,0.3,16,16
dijkstra,1,19.48528137423857,7,1.2648999982047826,380,40,0.3,17,17
astar,1,19.48528137423857,7,0.22780000290367752,56,40,0.3,17,17
weighted_astar,1,19.48528137423857,8,0.15580000763293356,35,40,0.3,17,17
jps_like,1,19.48528137423857,7,0.4994999908376485,56,40,0.3,17,17
improved_astar,1,17.744338410251956,4,0.3139000036753714,32,40,0.3,17,17
dijkstra,1,28.970562748477146,10,2.047699992544949,641,40,0.3,18,18
astar,1,28.970562748477146,12,0.2806999982567504,64,40,0.3,18,18
weighted_astar,1,28.970562748477146,12,0.1294999965466559,25,40,0.3,18,18
jps_like,1,28.97056274847714,12,0.21889999334234744,20,40,0.3,18,18
improved_astar,1,26.925968895979977,3,0.14429999282583594,12,40,0.3,18,18
dijkstra,1,26.727922061357862,9,1.7208000062964857,541,40,0.3,19,19
astar,1,26.727922061357862,8,0.5283999926177785,134,40,0.3,19,19
weighted_astar,1,27.556349186104054,8,0.46999999904073775,119,40,0.3,19,19
jps_like,1,26.727922061357855,10,0.9774000063771382,125,40,0.3,19,19
improved_astar,1,24.66870889583003,7,0.9004000021377578,113,40,0.3,19,19
dijkstra,1,28.72792206135786,13,2.598899998702109,818,40,0.3,20,20
astar,1,28.72792206135786,16,0.23320000036619604,55,40,0.3,20,20
weighted_astar,1,28.72792206135786,16,0.13669999316334724,32,40,0.3,20,20
jps_like,1,28.72792206135786,14,0.42019999818876386,50,40,0.3,20,20
improved_astar,1,26.490729893637297,7,0.1849999971454963,19,40,0.3,20,20
dijkstra,1,32.798989873223334,19,3.45730000117328,1069,40,0.3,21,21
astar,1,32.798989873223334,14,0.32309998641721904,71,40,0.3,21,21
weighted_astar,1,32.798989873223334,14,0.14430000737775117,31,40,0.3,21,21
jps_like,1,32.798989873223334,14,0.6017999985488132,69,40,0.3,21,21
improved_astar,1,30.964196675741146,9,0.17490000755060464,19,40,0.3,21,21
dijkstra,1,26.899494936611667,11,2.3938999947858974,726,40,0.3,22,22
astar,1,26.899494936611667,10,0.42810000013560057,104,40,0.3,22,22
weighted_astar,1,26.899494936611667,9,0.1360000023851171,28,40,0.3,22,22
jps_like,1,26.899494936611664,9,0.6886000046506524,71,40,0.3,22,22
improved_astar,1,24.84220685749942,5,0.19279999833088368,16,40,0.3,22,22
dijkstra,1,39.970562748477136,19,3.2733999978518113,1034,40,0.3,23,23
astar,1,39.970562748477136,17,0.5214999982854351,124,40,0.3,23,23
weighted_astar,1,41.62741699796952,21,0.21209999977145344,49,40,0.3,23,23
jps_like,1,39.970562748477136,20,1.025699995807372,124,40,0.3,23,23
improved_astar,1,36.74000583838024,10,0.35259999276604503,39,40,0.3,23,23
dijkstra,1,25.798989873223338,7,3.1095000013010576,954,40,0.3,24,24
astar,1,25.798989873223338,8,0.4259999986970797,107,40,0.3,24,24
weighted_astar,1,26.384776310850242,6,0.1976000057766214,46,40,0.3,24,24
jps_like,1,25.79898987322333,10,0.8884999988367781,104,40,0.3,24,24
improved_astar,1,23.870228162831882,3,0.44469999556895345,50,40,0.3,24,24
dijkstra,1,20.313708498984763,7,1.7494999920018017,554,40,0.3,25,25
astar,1,20.313708498984763,8,0.27709999994840473,70,40,0.3,25,25
weighted_astar,1,20.313708498984763,7,0.24959999427665025,62,40,0.3,25,25
jps_like,1,20.313708498984763,9,0.5866999999852851,72,40,0.3,25,25
improved_astar,1,19.05808232053139,5,0.45989999489393085,55,40,0.3,25,25
dijkstra,1,12.485281374238571,7,0.8565000025555491,263,40,0.3,26,26
astar,1,12.485281374238571,7,0.0644999963697046,14,40,0.3,26,26
weighted_astar,1,12.485281374238571,8,0.0501000031363219,11,40,0.3,26,26
jps_like,1,12.48528137423857,7,0.10280001151841134,12,40,0.3,26,26
improved_astar,1,11.453743238047263,1,0.09509999654255807,11,40,0.3,26,26
dijkstra,1,40.04163056034262,14,2.345199987757951,758,40,0.3,27,27
astar,1,40.04163056034262,16,0.3333000058773905,57,40,0.3,27,27
weighted_astar,1,40.87005768508881,11,0.1644000003580004,35,40,0.3,27,27
jps_like,1,40.04163056034261,13,0.4757999995490536,53,40,0.3,27,27
improved_astar,1,38.20127913300226,11,0.18139999883715063,17,40,0.3,27,27
dijkstra,1,39.798989873223334,15,2.6286000065738335,848,40,0.3,28,28
astar,1,39.798989873223334,16,0.6128000095486641,167,40,0.3,28,28
weighted_astar,1,40.62741699796952,13,0.2077999961329624,47,40,0.3,28,28
jps_like,1,39.79898987322333,16,1.0996000055456534,143,40,0.3,28,28
improved_astar,1,38.54902576641279,8,0.2769999991869554,30,40,0.3,28,28
dijkstra,1,29.071067811865476,7,2.0186000037938356,706,40,0.3,29,29
astar,1,29.071067811865476,7,0.35689999640453607,100,40,0.3,29,29
weighted_astar,1,29.899494936611667,8,0.1429999974789098,36,40,0.3,29,29
jps_like,1,29.071067811865476,7,0.7724999886704609,100,40,0.3,29,29
improved_astar,1,27.832825753088922,5,0.20229999790899456,21,40,0.3,29,29
dijkstra,1,6.82842712474619,3,0.05539999983739108,22,40,0.7,0,0
astar,1,6.82842712474619,3,0.022799998987466097,7,40,0.7,0,0
weighted_astar,1,6.82842712474619,3,0.019700004486367106,7,40,0.7,0,0
jps_like,1,6.82842712474619,3,0.029800008633174002,7,40,0.7,0,0
improved_astar,1,6.650281539872885,3,0.032400013878941536,8,40,0.7,0,0
dijkstra,1,16.313708498984763,7,0.12889999197795987,52,40,0.7,1,1
astar,1,16.313708498984763,7,0.07759999425616115,23,40,0.7,1,1
weighted_astar,1,16.313708498984763,7,0.04990000161342323,14,40,0.7,1,1
jps_like,1,16.31370849898476,8,0.12989999959245324,23,40,0.7,1,1
improved_astar,1,15.233345472033854,4,0.17549999756738544,34,40,0.7,1,1
dijkstra,1,5.656854249492381,2,0.05570000212173909,21,40,0.7,2,2
astar,1,5.656854249492381,2,0.017099999240599573,5,40,0.7,2,2
weighted_astar,1,5.656854249492381,2,0.015300000086426735,5,40,0.7,2,2
jps_like,1,5.656854249492381,2,0.02370000584051013,5,40,0.7,2,2
improved_astar,1,4.650281539872885,2,0.02819999644998461,6,40,0.7,2,2
dijkstra,1,9.071067811865476,4,0.09050000517163426,38,40,0.7,3,3
astar,1,9.071067811865476,4,0.039700011257082224,13,40,0.7,3,3
weighted_astar,1,9.071067811865476,4,0.034500000765547156,12,40,0.7,3,3
jps_like,1,9.071067811865476,4,0.05990000499878079,13,40,0.7,3,3
improved_astar,1,6.82842712474619,4,0.0720999960321933,16,40,0.7,3,3
dijkstra,1,5.656854249492381,1,0.04410000110510737,16,40,0.7,4,4
astar,1,5.656854249492381,1,0.01930000144056976,6,40,0.7,4,4
weighted_astar,1,5.656854249492381,1,0.01649999467190355,6,40,0.7,4,4
jps_like,1,5.65685424949238,1,0.02780000795610249,6,40,0.7,4,4
improved_astar,1,4.60555127546399,1,0.026299996534362435,6,40,0.7,4,4
dijkstra,1,4.242640687119286,1,0.032100011594593525,12,40,0.7,5,5
astar,1,4.242640687119286,2,0.01589999010320753,5,40,0.7,5,5
weighted_astar,1,4.242640687119286,2,0.012499993317760527,4,40,0.7,5,5
jps_like,1,4.242640687119286,1,0.02060001133941114,5,40,0.7,5,5
improved_astar,1,3.23606797749979,1,0.02649999805726111,6,40,0.7,5,5
dijkstra,1,1.0,0,0.005800000508315861,2,40,0.7,6,6
astar,1,1.0,0,0.0046000059228390455,2,40,0.7,6,6
weighted_astar,1,1.0,0,0.003500012098811567,2,40,0.7,6,6
jps_like,1,1.0,0,0.0046000059228390455,2,40,0.7,6,6
improved_astar,1,1.0,0,0.0044000043999403715,2,40,0.7,6,6
dijkstra,1,1.4142135623730951,0,0.014500008546747267,3,40,0.7,7,9
astar,1,1.4142135623730951,0,0.006399990525096655,2,40,0.7,7,9
weighted_astar,1,1.4142135623730951,0,0.0041000021155923605,2,40,0.7,7,9
jps_like,1,1.4142135623730951,0,0.007700000423938036,2,40,0.7,7,9
improved_astar,1,1.4142135623730951,0,0.007299997378140688,2,40,0.7,7,9
dijkstra,1,3.414213562373095,2,0.016000005416572094,5,40,0.7,8,10
astar,1,3.414213562373095,2,0.012799995602108538,4,40,0.7,8,10
weighted_astar,1,3.414213562373095,2,0.010500007192604244,4,40,0.7,8,10
jps_like,1,3.414213562373095,2,0.016300007700920105,4,40,0.7,8,10
improved_astar,1,3.1622776601683795,0,0.018499995348975062,5,40,0.7,8,10
dijkstra,1,4.82842712474619,3,0.03929999365936965,14,40,0.7,9,11
astar,1,4.82842712474619,3,0.016200006939470768,5,40,0.7,9,11
weighted_astar,1,4.82842712474619,3,0.014600009308196604,5,40,0.7,9,11
jps_like,1,4.82842712474619,3,0.025500004994682968,5,40,0.7,9,11
improved_astar,1,4.47213595499958,0,0.02649999805726111,6,40,0.7,9,11
dijkstra,1,29.798989873223338,14,0.15160000475589186,59,40,0.7,10,12
astar,1,29.798989873223338,16,0.1446999958716333,52,40,0.7,10,12
weighted_astar,1,29.798989873223338,18,0.1412999990861863,50,40,0.7,10,12
jps_like,1,29.798989873223334,15,0.23020000662654638,52,40,0.7,10,12
improved_astar,1,22.717659075489706,10,0.21749999723397195,53,40,0.7,10,12
dijkstra,1,2.414213562373095,1,0.019400002202019095,5,40,0.7,11,14
astar,1,2.414213562373095,1,0.011500000255182385,3,40,0.7,11,14
weighted_astar,1,2.414213562373095,1,0.009199997293762863,3,40,0.7,11,14
jps_like,1,2.414213562373095,1,0.017700003809295595,3,40,0.7,11,14
improved_astar,1,2.414213562373095,1,0.01780000457074493,3,40,0.7,11,14
dijkstra,1,3.8284271247461903,1,0.03229999856557697,7,40,0.7,12,15
astar,1,3.8284271247461903,1,0.01580000389367342,4,40,0.7,12,15
weighted_astar,1,3.8284271247461903,1,0.011800002539530396,4,40,0.7,12,15
jps_like,1,3.8284271247461903,1,0.019099999917671084,4,40,0.7,12,15
improved_astar,1,3.6502815398728847,1,0.02300000051036477,5,40,0.7,12,15
dijkstra,1,8.242640687119284,4,0.09169999975711107,26,40,0.7,13,16
astar,1,8.242640687119284,4,0.05819999205414206,15,40,0.7,13,16
weighted_astar,1,8.242640687119284,4,0.053800002206116915,14,40,0.7,13,16
jps_like,1,8.242640687119284,4,0.09819999104365706,15,40,0.7,13,16
improved_astar,1,6.650281539872885,3,0.10649999603629112,17,40,0.7,13,16
dijkstra,1,4.242640687119286,0,0.031400006264448166,9,40,0.7,14,17
astar,1,4.242640687119286,0,0.014299992471933365,4,40,0.7,14,17
weighted_astar,1,4.242640687119286,0,0.012400007108226418,4,40,0.7,14,17
jps_like,1,4.242640687119285,0,0.01930000144056976,4,40,0.7,14,17
improved_astar,1,4.242640687119285,0,0.01889999839477241,4,40,0.7,14,17
dijkstra,1,2.8284271247461903,1,0.03269998705945909,7,40,0.7,15,19
astar,1,2.8284271247461903,1,0.013999990187585354,3,40,0.7,15,19
weighted_astar,1,2.8284271247461903,1,0.010000003385357559,3,40,0.7,15,19
jps_like,1,2.8284271247461903,1,0.01510001311544329,3,40,0.7,15,19
improved_astar,1,2.8284271247461903,1,0.014399993233382702,3,40,0.7,15,19
dijkstra,1,19.142135623730955,12,0.16060000052675605,56,40,0.7,16,20
astar,1,19.142135623730955,12,0.10540000221226364,35,40,0.7,16,20
weighted_astar,1,19.142135623730955,12,0.09590000263415277,33,40,0.7,16,20
jps_like,1,19.14213562373095,12,0.15549999079667032,35,40,0.7,16,20
improved_astar,1,13.892922226992171,7,0.1677999971434474,36,40,0.7,16,20
dijkstra,1,11.485281374238571,6,0.0447999918833375,14,40,0.7,17,21
astar,1,11.485281374238571,6,0.033899996196851134,10,40,0.7,17,21
weighted_astar,1,11.485281374238571,6,0.08019999950192869,10,40,0.7,17,21
jps_like,1,11.485281374238571,6,0.1846999948611483,10,40,0.7,17,21
improved_astar,1,9.60555127546399,3,0.046900007873773575,10,40,0.7,17,21
dijkstra,1,12.656854249492381,8,0.10580000525806099,37,40,0.7,18,22
astar,1,12.656854249492381,8,0.07280000136233866,23,40,0.7,18,22
weighted_astar,1,12.656854249492381,8,0.05079999391455203,16,40,0.7,18,22
jps_like,1,12.656854249492381,8,0.11029999586753547,23,40,0.7,18,22
improved_astar,1,11.47213595499958,4,0.13270000636111945,28,40,0.7,18,22
dijkstra,1,7.65685424949238,2,0.0526000076206401,16,40,0.7,19,23
astar,1,7.65685424949238,2,0.03809999907389283,7,40,0.7,19,23
weighted_astar,1,7.65685424949238,2,0.05119999696034938,7,40,0.7,19,23
jps_like,1,7.65685424949238,3,0.0295999925583601,5,40,0.7,19,23
improved_astar,1,7.0710678118654755,1,0.11969999468419701,11,40,0.7,19,23
dijkstra,1,1.4142135623730951,0,0.012599994079209864,3,40,0.7,20,24
astar,1,1.4142135623730951,0,0.007000009645707905,2,40,0.7,20,24
weighted_astar,1,1.4142135623730951,0,0.005399997462518513,2,40,0.7,20,24
jps_like,1,1.4142135623730951,0,0.009499999578110874,2,40,0.7,20,24
improved_astar,1,1.4142135623730951,0,0.010099989594891667,2,40,0.7,20,24
dijkstra,1,1.4142135623730951,0,0.012600008631125093,4,40,0.7,21,25
astar,1,1.4142135623730951,0,0.005900001269765198,2,40,0.7,21,25
weighted_astar,1,1.4142135623730951,0,0.0045000051613897085,2,40,0.7,21,25
jps_like,1,1.4142135623730951,0,0.007199996616691351,2,40,0.7,21,25
improved_astar,1,1.4142135623730951,0,0.007100010407157242,2,40,0.7,21,25
dijkstra,1,5.656854249492381,0,0.04199999966658652,14,40,0.7,22,26
astar,1,5.656854249492381,0,0.01850000990089029,5,40,0.7,22,26
weighted_astar,1,5.656854249492381,0,0.033499993151053786,5,40,0.7,22,26
jps_like,1,5.65685424949238,1,0.03099998866673559,5,40,0.7,22,26
improved_astar,1,5.656854249492381,0,0.035599994589574635,7,40,0.7,22,26
dijkstra,1,38.04163056034262,24,0.21249998826533556,84,40,0.7,23,27
astar,1,38.04163056034262,23,0.19440001051407307,68,40,0.7,23,27
weighted_astar,1,38.04163056034262,23,0.18099999579135329,64,40,0.7,23,27
jps_like,1,38.04163056034262,23,0.30339999648276716,68,40,0.7,23,27
improved_astar,1,33.77489333737099,10,0.334700001985766,74,40,0.7,23,27
dijkstra,1,10.65685424949238,4,0.11829999857582152,42,40,0.7,24,28
astar,1,10.65685424949238,4,0.04290000651963055,14,40,0.7,24,28
weighted_astar,1,10.65685424949238,4,0.03929999365936965,13,40,0.7,24,28
jps_like,1,10.65685424949238,4,0.07350000669248402,14,40,0.7,24,28
improved_astar,1,9.650281539872886,4,0.0909000082174316,18,40,0.7,24,28
dijkstra,1,11.485281374238571,5,0.0636000040685758,26,40,0.7,25,29
astar,1,11.485281374238571,5,0.0543000060133636,20,40,0.7,25,29
weighted_astar,1,11.485281374238571,5,0.047299996367655694,18,40,0.7,25,29
jps_like,1,11.485281374238571,6,0.07929999264888465,20,40,0.7,25,29
improved_astar,1,8.478708664619075,4,0.08620000153314322,22,40,0.7,25,29
dijkstra,1,4.242640687119286,1,0.024499997380189598,9,40,0.7,26,30
astar,1,4.242640687119286,2,0.015099998563528061,5,40,0.7,26,30
weighted_astar,1,4.242640687119286,2,0.011399999493733048,4,40,0.7,26,30
jps_like,1,4.242640687119286,1,0.020399995264597237,5,40,0.7,26,30
improved_astar,1,3.23606797749979,1,0.019500002963468432,5,40,0.7,26,30
dijkstra,1,4.82842712474619,3,0.05889999738428742,21,40,0.7,27,31
astar,1,4.82842712474619,3,0.022299995180219412,6,40,0.7,27,31
weighted_astar,1,4.82842712474619,3,0.01720000000204891,5,40,0.7,27,31
jps_like,1,4.82842712474619,3,0.035299992305226624,6,40,0.7,27,31
improved_astar,1,4.47213595499958,0,0.04949999856762588,9,40,0.7,27,31
dijkstra,1,32.627416997969526,16,0.17059998936019838,69,40,0.7,28,32
astar,1,32.627416997969526,14,0.12149999383836985,40,40,0.7,28,32
weighted_astar,1,32.627416997969526,14,0.11619999713730067,39,40,0.7,28,32
jps_like,1,32.627416997969526,16,0.18899999849963933,42,40,0.7,28,32
improved_astar,1,30.500621096103206,10,0.25510000705253333,58,40,0.7,28,32
dijkstra,1,15.313708498984763,7,0.09900001168716699,36,40,0.7,29,34
astar,1,15.313708498984763,7,0.07280000136233866,24,40,0.7,29,34
weighted_astar,1,15.313708498984763,7,0.061700004152953625,21,40,0.7,29,34
jps_like,1,15.313708498984761,7,0.09919999865815043,22,40,0.7,29,34
improved_astar,1,13.77269903474535,5,0.11490000179037452,26,40,0.7,29,34
dijkstra,1,72.87005768508878,21,12.014000007184222,3850,80,0.3,0,0
astar,1,72.87005768508878,23,1.6092000005301088,391,80,0.3,0,0
weighted_astar,1,73.69848480983498,25,0.39230000402312726,86,80,0.3,0,0
jps_like,1,72.87005768508878,22,3.219999998691492,386,80,0.3,0,0
improved_astar,1,68.31612261365771,15,0.5241000035312027,52,80,0.3,0,0
dijkstra,1,27.313708498984763,9,3.110500008915551,955,80,0.3,1,1
astar,1,27.313708498984763,11,0.48600000445730984,119,80,0.3,1,1
weighted_astar,1,28.142135623730958,12,0.159399991389364,34,80,0.3,1,1
jps_like,1,27.31370849898476,7,0.9921000018948689,111,80,0.3,1,1
improved_astar,1,24.591032963050385,6,0.16909999249037355,18,80,0.3,1,1
dijkstra,1,39.8700576850888,12,5.473600002005696,1705,80,0.3,2,2
astar,1,39.8700576850888,12,0.5305999948177487,126,80,0.3,2,2
weighted_astar,1,40.698484809834994,16,0.17780000052880496,38,80,0.3,2,2
jps_like,1,39.870057685088796,14,1.0864000068977475,125,80,0.3,2,2
improved_astar,1,37.04966880880407,9,0.3833999944617972,39,80,0.3,2,2
dijkstra,1,42.79898987322332,17,8.832300009089522,2658,80,0.3,3,3
astar,1,42.79898987322332,16,0.6543000054080039,159,80,0.3,3,3
weighted_astar,1,43.8700576850888,20,0.2302999928360805,54,80,0.3,3,3
jps_like,1,42.79898987322332,17,1.3011000119149685,158,80,0.3,3,3
improved_astar,1,39.953886980894396,13,0.4459999909158796,50,80,0.3,3,3
dijkstra,1,86.56854249492373,27,13.001600003917702,4338,80,0.3,4,4
astar,1,86.56854249492375,29,2.0020000083604828,469,80,0.3,4,4
weighted_astar,1,88.81118318204301,26,0.48719999904278666,110,80,0.3,4,4
jps_like,1,86.56854249492378,30,3.9853999915067106,443,80,0.3,4,4
improved_astar,1,83.51349163621572,23,0.9978000016417354,105,80,0.3,4,4
dijkstra,1,88.56854249492376,30,14.14999998814892,3928,80,0.3,5,5
astar,1,88.56854249492376,29,2.6566000015009195,697,80,0.3,5,5
weighted_astar,1,89.15432893255064,39,0.37930000689812005,89,80,0.3,5,5
jps_like,1,88.56854249492375,35,5.5493000108981505,698,80,0.3,5,5
improved_astar,1,84.28310293267678,21,0.5630000086966902,64,80,0.3,5,5
dijkstra,1,45.55634918610404,17,9.259000013116747,2980,80,0.3,6,6
astar,1,45.55634918610404,17,0.7040000054985285,174,80,0.3,6,6
weighted_astar,1,48.04163056034261,20,0.24930000654421747,58,80,0.3,6,6
jps_like,1,45.55634918610404,19,1.5725999983260408,184,80,0.3,6,6
improved_astar,1,44.02038926206285,9,0.5225999921094626,30,80,0.3,6,6
dijkstra,1,54.79898987322332,17,8.493100001942366,2569,80,0.3,7,7
astar,1,54.79898987322332,17,1.3955000031273812,318,80,0.3,7,7
weighted_astar,1,54.79898987322333,18,0.3496999997878447,70,80,0.3,7,7
jps_like,1,54.79898987322331,21,3.185300010954961,316,80,0.3,7,7
improved_astar,1,50.63553794370099,11,0.5002000107197091,45,80,0.3,7,7
dijkstra,1,67.254833995939,23,10.750300003564917,3237,80,0.3,8,8
astar,1,67.254833995939,23,1.3583999971160665,349,80,0.3,8,8
weighted_astar,1,67.59797974644663,28,0.3257000062149018,72,80,0.3,8,8
jps_like,1,67.254833995939,23,3.1239999952958897,350,80,0.3,8,8
improved_astar,1,63.8726026765368,19,0.4050000134157017,42,80,0.3,8,8
dijkstra,1,47.14213562373095,15,11.889700006577186,3167,80,0.3,9,9
astar,1,47.14213562373095,11,0.7623999990755692,170,80,0.3,9,9
weighted_astar,1,47.970562748477136,16,0.27779999072663486,47,80,0.3,9,9
jps_like,1,47.14213562373095,18,1.4823999954387546,162,80,0.3,9,9
improved_astar,1,43.937891663527786,8,0.31689999741502106,31,80,0.3,9,9
dijkstra,1,8.242640687119284,4,0.34819998836610466,103,80,0.3,10,10
astar,1,8.242640687119284,4,0.03949999518226832,8,80,0.3,10,10
weighted_astar,1,8.242640687119284,4,0.03460000152699649,8,80,0.3,10,10
jps_like,1,8.242640687119284,4,0.058599995099939406,7,80,0.3,10,10
improved_astar,1,7.3005630797457695,1,0.05259999306872487,6,80,0.3,10,10
dijkstra,1,28.142135623730955,10,4.3569000117713585,1286,80,0.3,11,11
astar,1,28.142135623730955,10,0.33999999868683517,81,80,0.3,11,11
weighted_astar,1,28.142135623730955,10,0.20560000848490745,50,80,0.3,11,11
jps_like,1,28.14213562373095,10,0.7291999936569482,88,80,0.3,11,11
improved_astar,1,26.600375449419786,7,0.2717000024858862,29,80,0.3,11,11
dijkstra,1,69.45584412271567,29,12.391800002660602,3714,80,0.3,12,12
astar,1,69.45584412271567,26,2.8040000033797696,482,80,0.3,12,12
weighted_astar,1,71.94112549695427,24,0.4622999986167997,72,80,0.3,12,12
jps_like,1,69.45584412271567,24,4.649299997254275,482,80,0.3,12,12
improved_astar,1,66.63292806537241,15,0.5379999929573387,44,80,0.3,12,12
dijkstra,1,17.48528137423857,7,1.5883000014582649,462,80,0.3,13,13
astar,1,17.48528137423857,8,0.16739999409765005,37,80,0.3,13,13
weighted_astar,1,17.48528137423857,8,0.08349999552592635,18,80,0.3,13,13
jps_like,1,17.48528137423857,5,0.3558000025805086,37,80,0.3,13,13
improved_astar,1,15.32455532033676,4,0.12739999510813504,12,80,0.3,13,13
dijkstra,1,38.31370849898476,9,3.088400000706315,948,80,0.3,14,14
astar,1,38.31370849898476,9,0.4675000091083348,107,80,0.3,14,14
weighted_astar,1,42.21320343559643,20,0.2294000005349517,52,80,0.3,14,14
jps_like,1,38.31370849898476,12,0.989699998172,109,80,0.3,14,14
improved_astar,1,36.64538495313018,11,0.3873000096064061,41,80,0.3,14,14
dijkstra,1,43.35533905932736,11,7.656699992367066,2333,80,0.3,15,15
astar,1,43.35533905932736,11,0.3285999991931021,76,80,0.3,15,15
weighted_astar,1,43.35533905932737,13,0.17880000814329833,35,80,0.3,15,15
jps_like,1,43.355339059327356,15,0.8340000058524311,82,80,0.3,15,15
improved_astar,1,42.09512975560555,9,0.258100000792183,22,80,0.3,15,15
dijkstra,1,16.142135623730955,3,0.818000000435859,261,80,0.3,16,16
astar,1,16.142135623730955,4,0.0720999960321933,15,80,0.3,16,16
weighted_astar,1,16.142135623730955,4,0.05830000736750662,13,80,0.3,16,16
jps_like,1,16.14213562373095,5,0.07509998977184296,8,80,0.3,16,16
improved_astar,1,15.676619087329465,2,0.10869999823626131,8,80,0.3,16,16
dijkstra,1,23.656854249492383,7,3.4417000133544207,1038,80,0.3,17,17
astar,1,23.656854249492383,6,0.18679999629966915,46,80,0.3,17,17
weighted_astar,1,24.485281374238575,9,0.12499999138526618,30,80,0.3,17,17
jps_like,1,23.656854249492383,6,0.3777000092668459,46,80,0.3,17,17
improved_astar,1,22.643385828134765,4,0.1996000064536929,15,80,0.3,17,17
dijkstra,1,78.63961030678921,25,13.86260001163464,4152,80,0.3,18,18
astar,1,78.63961030678922,27,1.2963000044692308,294,80,0.3,18,18
weighted_astar,1,79.81118318204304,26,0.3679999936139211,75,80,0.3,18,18
jps_like,1,78.6396103067892,25,2.563200003351085,290,80,0.3,18,18
improved_astar,1,74.73483886409352,14,0.5635000125039369,53,80,0.3,18,18
dijkstra,1,23.313708498984766,11,3.162299995892681,906,80,0.3,19,19
astar,1,23.313708498984766,12,0.3659000067273155,88,80,0.3,19,19
weighted_astar,1,23.313708498984766,9,0.15150000399444252,36,80,0.3,19,19
jps_like,1,23.31370849898476,12,0.7528999994974583,88,80,0.3,19,19
improved_astar,1,20.94812211415272,7,0.3167999966535717,35,80,0.3,19,19
dijkstra,1,25.142135623730955,10,4.00249999074731,1187,80,0.3,20,20
astar,1,25.142135623730955,11,0.4428999964147806,113,80,0.3,20,20
weighted_astar,1,25.72792206135786,9,0.19350000366102904,46,80,0.3,20,20
jps_like,1,25.142135623730947,11,0.8282000053441152,93,80,0.3,20,20
improved_astar,1,22.718673555251023,6,0.32190000638365746,35,80,0.3,20,20
dijkstra,1,14.313708498984763,5,1.1656999995466322,364,80,0.3,21,21
astar,1,14.313708498984763,3,0.0965999934123829,22,80,0.3,21,21
weighted_astar,1,14.313708498984763,5,0.058999998145736754,12,80,0.3,21,21
jps_like,1,14.31370849898476,3,0.07789999654050916,8,80,0.3,21,21
improved_astar,1,13.641201570751955,1,0.07140000525396317,7,80,0.3,21,21
dijkstra,1,21.071067811865476,6,2.140600001439452,682,80,0.3,22,22
astar,1,21.071067811865476,6,0.2221999893663451,51,80,0.3,22,22
weighted_astar,1,21.899494936611667,8,0.12179999612271786,26,80,0.3,22,22
jps_like,1,21.071067811865476,6,0.7862999918870628,51,80,0.3,22,22
improved_astar,1,19.554898485297798,3,0.255300008575432,21,80,0.3,22,22
dijkstra,1,39.142135623730944,15,6.142999991425313,1726,80,0.3,23,23
astar,1,39.142135623730944,16,1.4121999993221834,370,80,0.3,23,23
weighted_astar,1,39.142135623730944,16,1.2436000106390566,302,80,0.3,23,23
jps_like,1,39.142135623730944,15,2.854899998055771,370,80,0.3,23,23
improved_astar,1,34.0037963869226,10,2.410999994026497,301,80,0.3,23,23
dijkstra,1,51.01219330881974,8,12.871200000518002,3710,80,0.3,24,24
astar,1,51.01219330881974,13,0.9105999924940988,214,80,0.3,24,24
weighted_astar,1,55.11269837220808,21,0.3667999990284443,82,80,0.3,24,24
jps_like,1,51.012193308819725,14,1.6451999981654808,180,80,0.3,24,24
improved_astar,1,50.75661383934499,15,0.6775000074412674,72,80,0.3,24,24
dijkstra,1,42.21320343559641,13,2.9309999954421073,936,80,0.3,25,25
astar,1,42.21320343559641,15,0.9907000057864934,229,80,0.3,25,25
weighted_astar,1,43.04163056034262,16,0.2082999999402091,43,80,0.3,25,25
jps_like,1,42.21320343559642,16,1.425599999492988,176,80,0.3,25,25
improved_astar,1,39.21564964792233,8,0.327900008414872,32,80,0.3,25,25
dijkstra,1,33.45584412271572,10,6.107699999120086,1867,80,0.3,26,26
astar,1,33.45584412271572,12,0.8554999949410558,150,80,0.3,26,26
weighted_astar,1,33.45584412271572,9,0.24559999292250723,36,80,0.3,26,26
jps_like,1,33.45584412271571,14,1.3116999907651916,141,80,0.3,26,26
improved_astar,1,30.78151859958103,5,0.32529998861718923,34,80,0.3,26,26
dijkstra,1,46.42640687119284,6,9.536799989291467,2732,80,0.3,27,27
astar,1,46.42640687119284,5,0.6360999977914616,79,80,0.3,27,27
weighted_astar,1,46.42640687119284,5,0.30259999039117247,35,80,0.3,27,27
jps_like,1,46.426406871192846,6,0.7141999958548695,55,80,0.3,27,27
improved_astar,1,45.522706451447704,5,0.2582000015536323,23,80,0.3,27,27
dijkstra,1,16.48528137423857,8,1.1132000072393566,350,80,0.3,28,28
astar,1,16.48528137423857,5,0.08939999679569155,18,80,0.3,28,28
weighted_astar,1,16.48528137423857,5,0.08170001092366874,18,80,0.3,28,28
jps_like,1,16.48528137423857,6,0.1512000017100945,15,80,0.3,28,28
improved_astar,1,15.472399724689142,2,0.08379999781027436,8,80,0.3,28,28
dijkstra,1,24.313708498984763,8,3.3121000014944,1021,80,0.3,29,29
astar,1,24.313708498984763,9,0.17519999528303742,34,80,0.3,29,29
weighted_astar,1,24.313708498984763,9,0.1331000094069168,30,80,0.3,29,29
jps_like,1,24.31370849898476,10,0.21630000264849514,23,80,0.3,29,29
improved_astar,1,23.23066967554652,6,0.19609999435488135,22,80,0.3,29,29
dijkstra,1,6.656854249492381,3,0.04030000127386302,13,80,0.7,0,0
astar,1,6.656854249492381,3,0.02139998832717538,6,80,0.7,0,0
weighted_astar,1,6.656854249492381,3,0.018400009139440954,6,80,0.7,0,0
jps_like,1,6.656854249492381,3,0.030399998649954796,6,80,0.7,0,0
improved_astar,1,5.650281539872885,2,0.04099999205209315,9,80,0.7,0,0
dijkstra,1,15.313708498984763,10,0.0931999966269359,31,80,0.7,1,3
astar,1,15.313708498984763,10,0.051399998483248055,16,80,0.7,1,3
weighted_astar,1,15.313708498984763,10,0.04359999729786068,15,80,0.7,1,3
jps_like,1,15.313708498984763,10,0.0720999960321933,16,80,0.7,1,3
improved_astar,1,11.773387165490545,5,0.08519999391864985,20,80,0.7,1,3
dijkstra,1,5.242640687119285,2,0.033899996196851134,9,80,0.7,2,5
astar,1,5.242640687119285,2,0.027000001864507794,7,80,0.7,2,5
weighted_astar,1,5.242640687119285,2,0.021499989088624716,6,80,0.7,2,5
jps_like,1,5.242640687119285,2,0.043099993490614,7,80,0.7,2,5
improved_astar,1,4.23606797749979,1,0.04810000245925039,9,80,0.7,2,5
dijkstra,1,1.4142135623730951,0,0.019700004486367106,4,80,0.7,3,6
astar,1,1.4142135623730951,0,0.007300011930055916,2,80,0.7,3,6
weighted_astar,1,1.4142135623730951,0,0.005199995939619839,2,80,0.7,3,6
jps_like,1,1.4142135623730951,0,0.009000010322779417,2,80,0.7,3,6
improved_astar,1,1.4142135623730951,0,0.008200004231184721,2,80,0.7,3,6
dijkstra,1,21.55634918610405,8,0.254700004006736,89,80,0.7,4,7
astar,1,21.55634918610405,8,0.13259999104775488,43,80,0.7,4,7
weighted_astar,1,21.55634918610405,8,0.12319999223109335,39,80,0.7,4,7
jps_like,1,21.556349186104043,9,0.19040000915993005,41,80,0.7,4,7
improved_astar,1,17.83232403787835,7,0.2344999957131222,50,80,0.7,4,7
dijkstra,1,7.0710678118654755,3,0.05400000372901559,18,80,0.7,5,8
astar,1,7.0710678118654755,3,0.021100000594742596,6,80,0.7,5,8
weighted_astar,1,7.0710678118654755,3,0.01829999382607639,6,80,0.7,5,8
jps_like,1,7.0710678118654755,3,0.03090000245720148,6,80,0.7,5,8
improved_astar,1,5.23606797749979,1,0.04089999129064381,8,80,0.7,5,8
dijkstra,1,5.414213562373095,2,0.05700001202058047,16,80,0.7,6,12
astar,1,5.414213562373095,2,0.02649999805726111,6,80,0.7,6,12
weighted_astar,1,5.414213562373095,2,0.022099993657320738,6,80,0.7,6,12
jps_like,1,5.414213562373095,2,0.036600002204068005,6,80,0.7,6,12
improved_astar,1,5.23606797749979,1,0.04289999196771532,8,80,0.7,6,12
dijkstra,1,5.242640687119286,2,0.06420000863727182,20,80,0.7,7,14
astar,1,5.242640687119286,2,0.0247000134550035,6,80,0.7,7,14
weighted_astar,1,5.242640687119286,2,0.018999999156221747,5,80,0.7,7,14
jps_like,1,5.242640687119286,2,0.03809999907389283,6,80,0.7,7,14
improved_astar,1,4.23606797749979,1,0.043199994252063334,7,80,0.7,7,14
dijkstra,1,6.656854249492381,4,0.025200002710334957,8,80,0.7,8,15
astar,1,6.656854249492381,4,0.023100001271814108,8,80,0.7,8,15
weighted_astar,1,6.656854249492381,4,0.01889999839477241,7,80,0.7,8,15
jps_like,1,6.656854249492381,3,0.02950000634882599,8,80,0.7,8,15
improved_astar,1,5.47213595499958,1,0.029499991796910763,8,80,0.7,8,15
dijkstra,1,4.242640687119286,0,0.019800005247816443,6,80,0.7,9,16
astar,1,4.242640687119286,0,0.012500007869675756,4,80,0.7,9,16
weighted_astar,1,4.242640687119286,0,0.011199997970834374,4,80,0.7,9,16
jps_like,1,4.242640687119285,0,0.010000003385357559,2,80,0.7,9,16
improved_astar,1,4.242640687119285,0,0.01829999382607639,4,80,0.7,9,16
dijkstra,1,2.8284271247461903,1,0.020000006770715117,4,80,0.7,10,17
astar,1,2.8284271247461903,1,0.010599993402138352,3,80,0.7,10,17
weighted_astar,1,2.8284271247461903,1,0.007599999662488699,3,80,0.7,10,17
jps_like,1,2.8284271247461903,1,0.014899997040629387,3,80,0.7,10,17
improved_astar,1,2.0,0,0.013500000932253897,3,80,0.7,10,17
dijkstra,1,7.65685424949238,3,0.053499999921768904,14,80,0.7,11,18
astar,1,7.65685424949238,3,0.024900000425986946,7,80,0.7,11,18
weighted_astar,1,7.65685424949238,3,0.022200008970685303,7,80,0.7,11,18
jps_like,1,7.65685424949238,3,0.03239999932702631,6,80,0.7,11,18
improved_astar,1,6.82842712474619,2,0.04320000880397856,9,80,0.7,11,18
dijkstra,1,14.071067811865477,5,0.15439999697264284,51,80,0.7,12,20
astar,1,14.071067811865477,5,0.08329999400302768,23,80,0.7,12,20
weighted_astar,1,14.071067811865477,5,0.05509999755304307,15,80,0.7,12,20
jps_like,1,14.071067811865477,6,0.1286999904550612,23,80,0.7,12,20
improved_astar,1,12.414213562373096,4,0.14930000179447234,28,80,0.7,12,20
dijkstra,1,14.313708498984763,9,0.20850000146310776,73,80,0.7,13,22
astar,1,14.313708498984763,9,0.0940000027185306,29,80,0.7,13,22
weighted_astar,1,14.313708498984763,9,0.07770000956952572,25,80,0.7,13,22
jps_like,1,14.313708498984761,8,0.14699999883305281,29,80,0.7,13,22
improved_astar,1,10.23606797749979,4,0.17070000467356294,33,80,0.7,13,22
dijkstra,1,4.82842712474619,3,0.037300007534213364,13,80,0.7,14,23
astar,1,4.82842712474619,3,0.01829999382607639,5,80,0.7,14,23
weighted_astar,1,4.82842712474619,3,0.015700003132224083,5,80,0.7,14,23
jps_like,1,4.82842712474619,3,0.02750000567175448,5,80,0.7,14,23
improved_astar,1,4.0,1,0.026399997295811772,5,80,0.7,14,23
dijkstra,1,13.071067811865477,7,0.1260999997612089,49,80,0.7,15,24
astar,1,13.071067811865477,7,0.05669999518431723,17,80,0.7,15,24
weighted_astar,1,13.071067811865477,7,0.04199999966658652,14,80,0.7,15,24
jps_like,1,13.071067811865476,7,0.08349999552592635,17,80,0.7,15,24
improved_astar,1,11.70820393249937,4,0.12159999459981918,25,80,0.7,15,24
dijkstra,1,10.65685424949238,5,0.059999991208314896,21,80,0.7,16,25
astar,1,10.65685424949238,5,0.03789999755099416,13,80,0.7,16,25
weighted_astar,1,10.65685424949238,5,0.03429999924264848,13,80,0.7,16,25
jps_like,1,10.65685424949238,5,0.05440000677481294,13,80,0.7,16,25
improved_astar,1,8.30056307974577,4,0.05420000525191426,13,80,0.7,16,25
dijkstra,1,23.55634918610405,11,0.14439999358728528,61,80,0.7,17,26
astar,1,23.55634918610405,11,0.10800000745803118,40,80,0.7,17,26
weighted_astar,1,23.55634918610405,11,0.10039999324362725,38,80,0.7,17,26
jps_like,1,23.556349186104047,11,0.15799999528098851,39,80,0.7,17,26
improved_astar,1,20.307135789365265,8,0.1762000028975308,44,80,0.7,17,26
dijkstra,1,5.242640687119285,1,0.033500007702969015,9,80,0.7,18,29
astar,1,5.242640687119285,1,0.01850000990089029,5,80,0.7,18,29
weighted_astar,1,5.242640687119285,1,0.01479999627918005,5,80,0.7,18,29
jps_like,1,5.242640687119285,1,0.01069999416358769,3,80,0.7,18,29
improved_astar,1,5.06449510224598,1,0.02479999966453761,5,80,0.7,18,29
dijkstra,1,38.112698372208094,20,0.24360000679735094,96,80,0.7,19,31
astar,1,38.112698372208094,20,0.30499999411404133,80,80,0.7,19,31
weighted_astar,1,38.112698372208094,20,0.21960001322440803,80,80,0.7,19,31
jps_like,1,38.11269837220809,22,0.36199999158270657,80,80,0.7,19,31
improved_astar,1,31.36233567652582,13,0.3687999997055158,84,80,0.7,19,31
dijkstra,1,1.4142135623730951,0,0.006200003554113209,2,80,0.7,20,32
astar,1,1.4142135623730951,0,0.0048000074457377195,2,80,0.7,20,32
weighted_astar,1,1.4142135623730951,0,0.0039000005926936865,2,80,0.7,20,32
jps_like,1,1.4142135623730951,0,0.004999994416721165,2,80,0.7,20,32
improved_astar,1,1.4142135623730951,0,0.004899993655271828,2,80,0.7,20,32
dijkstra,1,3.8284271247461903,2,0.0168999977177009,6,80,0.7,21,33
astar,1,3.8284271247461903,2,0.011500000255182385,4,80,0.7,21,33
weighted_astar,1,3.8284271247461903,2,0.009700001101009548,4,80,0.7,21,33
jps_like,1,3.8284271247461903,2,0.014699995517730713,4,80,0.7,21,33
improved_astar,1,3.8284271247461903,2,0.02130000211764127,6,80,0.7,21,33
dijkstra,1,4.242640687119286,1,0.036999990697950125,10,80,0.7,22,35
astar,1,4.242640687119286,1,0.014500008546747267,4,80,0.7,22,35
weighted_astar,1,4.242640687119286,1,0.010499992640689015,4,80,0.7,22,35
jps_like,1,4.242640687119286,1,0.14050000754650682,4,80,0.7,22,35
improved_astar,1,3.23606797749979,1,0.01679999695625156,4,80,0.7,22,35
dijkstra,1,2.414213562373095,1,0.015900004655122757,3,80,0.7,23,36
astar,1,2.414213562373095,1,0.010800009476952255,3,80,0.7,23,36
weighted_astar,1,2.414213562373095,1,0.007800001185387373,3,80,0.7,23,36
jps_like,1,2.414213562373095,1,0.014599994756281376,3,80,0.7,23,36
improved_astar,1,2.414213562373095,1,0.013800003216601908,3,80,0.7,23,36
dijkstra,1,3.82842712474619,2,0.023100001271814108,8,80,0.7,24,37
astar,1,3.82842712474619,2,0.01200000406242907,4,80,0.7,24,37
weighted_astar,1,3.82842712474619,2,0.010399991879239678,4,80,0.7,24,37
jps_like,1,3.82842712474619,2,0.014499993994832039,4,80,0.7,24,37
improved_astar,1,3.6502815398728847,1,0.014600009308196604,4,80,0.7,24,37
dijkstra,1,8.242640687119286,2,0.05360000068321824,19,80,0.7,25,38
astar,1,8.242640687119286,2,0.032199997804127634,10,80,0.7,25,38
weighted_astar,1,8.242640687119286,2,0.02920000406447798,10,80,0.7,25,38
jps_like,1,8.242640687119286,3,0.042100000428035855,9,80,0.7,25,38
improved_astar,1,7.63441361516796,2,0.059600002714432776,14,80,0.7,25,38
dijkstra,1,13.899494936611667,9,0.15159999020397663,57,80,0.7,26,39
astar,1,13.899494936611667,8,0.07619999814778566,25,80,0.7,26,39
weighted_astar,1,13.899494936611667,8,0.04669999179895967,14,80,0.7,26,39
jps_like,1,13.899494936611667,8,0.12369999603834003,25,80,0.7,26,39
improved_astar,1,11.23606797749979,3,0.1604999997653067,34,80,0.7,26,39
dijkstra,1,13.899494936611667,5,0.1306000049225986,40,80,0.7,27,41
astar,1,13.899494936611667,5,0.0627999979769811,17,80,0.7,27,41
weighted_astar,1,13.899494936611667,7,0.04849999095313251,13,80,0.7,27,41
jps_like,1,13.899494936611664,5,0.09240000508725643,17,80,0.7,27,41
improved_astar,1,11.877054302287245,4,0.12159999459981918,23,80,0.7,27,41
dijkstra,1,10.071067811865476,7,0.046599991037510335,15,80,0.7,28,43
astar,1,10.071067811865476,7,0.03440000000409782,11,80,0.7,28,43
weighted_astar,1,10.071067811865476,7,0.02680000034160912,9,80,0.7,28,43
jps_like,1,10.071067811865476,7,0.04709999484475702,11,80,0.7,28,43
improved_astar,1,9.53663105724556,4,0.04709999484475702,11,80,0.7,28,43
dijkstra,1,2.414213562373095,1,0.028700000257231295,6,80,0.7,29,48
astar,1,2.414213562373095,1,0.01069999416358769,3,80,0.7,29,48
weighted_astar,1,2.414213562373095,1,0.007200011168606579,3,80,0.7,29,48
jps_like,1,2.414213562373095,1,0.01479999627918005,3,80,0.7,29,48
improved_astar,1,2.23606797749979,0,0.013199998647905886,3,80,0.7,29,48
dijkstra,1,10.071067811865476,6,0.35289999505039304,128,100,0.3,0,0
astar,1,10.071067811865476,6,0.0467000063508749,13,100,0.3,0,0
weighted_astar,1,10.071067811865476,6,0.03779999678954482,11,100,0.3,0,0
jps_like,1,10.071067811865476,6,0.07189999450929463,12,100,0.3,0,0
improved_astar,1,8.812559200041266,3,0.061400001868605614,10,100,0.3,0,0
dijkstra,1,45.52691193458118,15,11.537600003066473,3657,100,0.3,1,1
astar,1,45.526911934581186,7,0.7540999940829352,148,100,0.3,1,1
weighted_astar,1,45.526911934581186,12,0.189200000022538,41,100,0.3,1,1
jps_like,1,45.52691193458117,11,0.7373999978881329,81,100,0.3,1,1
improved_astar,1,43.15733561689128,7,0.229199999012053,18,100,0.3,1,1
dijkstra,1,61.84062043356592,24,12.976099998923019,4256,100,0.3,2,2
astar,1,61.84062043356592,19,0.9811000054469332,238,100,0.3,2,2
weighted_astar,1,62.426406871192825,25,0.2734000008786097,65,100,0.3,2,2
jps_like,1,61.84062043356593,23,1.808300003176555,217,100,0.3,2,2
improved_astar,1,58.92645339520684,10,0.3580000047804788,39,100,0.3,2,2
dijkstra,1,17.142135623730955,5,1.4648000069428235,504,100,0.3,3,3
astar,1,17.142135623730955,5,0.10029999248217791,27,100,0.3,3,3
weighted_astar,1,17.142135623730955,5,0.060300008044578135,14,100,0.3,3,3
jps_like,1,17.14213562373095,5,0.20030001178383827,27,100,0.3,3,3
improved_astar,1,16.741114189575445,4,0.08100000559352338,9,100,0.3,3,3
dijkstra,1,36.31370849898476,10,7.814099997631274,2447,100,0.3,4,4
astar,1,36.31370849898476,15,0.3555000002961606,91,100,0.3,4,4
weighted_astar,1,37.970562748477136,15,0.1441000058548525,35,100,0.3,4,4
jps_like,1,36.31370849898475,10,0.8125000022118911,108,100,0.3,4,4
improved_astar,1,35.12781930529259,6,0.2432000037515536,25,100,0.3,4,4
dijkstra,1,93.69848480983497,29,16.600400005700067,5585,100,0.3,5,5
astar,1,93.69848480983497,31,2.43499998759944,663,100,0.3,5,5
weighted_astar,1,98.66904755831209,45,0.6868000054964796,151,100,0.3,5,5
jps_like,1,93.69848480983497,33,5.297199997585267,663,100,0.3,5,5
improved_astar,1,89.92388419234226,26,0.9028999920701608,111,100,0.3,5,5
dijkstra,1,88.98275605729681,22,20.690199991804548,6727,100,0.3,6,6
astar,1,88.98275605729681,24,0.6326000002445653,124,100,0.3,6,6
weighted_astar,1,89.56854249492375,30,0.37029999657534063,87,100,0.3,6,6
jps_like,1,88.98275605729683,28,1.0836000001290813,115,100,0.3,6,6
improved_astar,1,83.21423805273287,14,0.3328000020701438,37,100,0.3,6,6
dijkstra,1,120.75230867899724,38,22.115599989774637,6654,100,0.3,7,7
astar,1,120.75230867899724,39,3.395100007764995,843,100,0.3,7,7
weighted_astar,1,123.09545442950487,41,0.6760999967809767,164,100,0.3,7,7
jps_like,1,120.75230867899732,43,6.7688000126509,843,100,0.3,7,7
improved_astar,1,117.1398862425091,24,1.2563999916892499,136,100,0.3,7,7
dijkstra,1,76.49747468305829,22,22.34310000494588,6328,100,0.3,8,8
astar,1,76.49747468305829,26,1.9650000031106174,474,100,0.3,8,8
weighted_astar,1,78.254833995939,36,0.556500002858229,129,100,0.3,8,8
jps_like,1,76.49747468305826,26,3.9498999976785854,459,100,0.3,8,8
improved_astar,1,74.00665530031046,21,1.0197000083280727,113,100,0.3,8,8
dijkstra,1,83.08326112068515,21,21.58350001263898,6536,100,0.3,9,9
astar,1,83.08326112068515,21,3.4384000027785078,864,100,0.3,9,9
weighted_astar,1,83.91168824543138,30,0.4082999948877841,94,100,0.3,9,9
jps_like,1,83.08326112068521,27,8.181600001989864,865,100,0.3,9,9
improved_astar,1,78.82891163243148,17,0.6033000099705532,57,100,0.3,9,9
dijkstra,1,88.81118318204301,30,21.486599987838417,6828,100,0.3,10,10
astar,1,88.81118318204301,32,1.5595000004395843,357,100,0.3,10,10
weighted_astar,1,90.46803743153541,29,0.4025999951409176,82,100,0.3,10,10
jps_like,1,88.81118318204301,32,3.220400001737289,355,100,0.3,10,10
improved_astar,1,85.35267216435673,17,0.5122000002302229,47,100,0.3,10,10
dijkstra,1,53.254833995939016,14,9.692299994640052,3235,100,0.3,11,11
astar,1,53.254833995939016,16,0.40780000563245267,108,100,0.3,11,11
weighted_astar,1,53.254833995939016,16,0.18950000230688602,42,100,0.3,11,11
jps_like,1,53.25483399593901,19,0.8836000051815063,105,100,0.3,11,11
improved_astar,1,51.14113872294201,9,0.27650000993162394,27,100,0.3,11,11
dijkstra,1,53.18376618407354,17,9.708199999295175,3194,100,0.3,12,12
astar,1,53.18376618407355,19,0.7561000093119219,227,100,0.3,12,12
weighted_astar,1,54.01219330881974,21,0.19979999342467636,53,100,0.3,12,12
jps_like,1,53.183766184073534,23,1.844600003096275,222,100,0.3,12,12
improved_astar,1,50.53237175166383,10,0.31970000418368727,29,100,0.3,12,12
dijkstra,1,44.38477631085024,20,7.094100001268089,2336,100,0.3,13,13
astar,1,44.38477631085024,12,0.571900003706105,131,100,0.3,13,13
weighted_astar,1,45.21320343559643,17,0.1998000079765916,47,100,0.3,13,13
jps_like,1,44.384776310850235,15,0.9633000008761883,117,100,0.3,13,13
improved_astar,1,41.92380176700431,8,0.3205999964848161,31,100,0.3,13,13
dijkstra,1,40.38477631085023,19,7.673299987800419,2608,100,0.3,14,14
astar,1,40.38477631085023,21,0.5707999953301623,144,100,0.3,14,14
weighted_astar,1,42.62741699796952,17,0.18820000695995986,43,100,0.3,14,14
jps_like,1,40.38477631085023,18,0.9962000040104613,130,100,0.3,14,14
improved_astar,1,37.71867355525102,10,0.3070999955525622,34,100,0.3,14,14
dijkstra,1,66.45584412271567,19,13.621699996292591,4501,100,0.3,15,15
astar,1,66.45584412271567,20,1.6839000018080696,440,100,0.3,15,15
weighted_astar,1,68.11269837220807,24,0.407300001825206,86,100,0.3,15,15
jps_like,1,66.45584412271567,18,3.3027000026777387,439,100,0.3,15,15
improved_astar,1,63.26804526436732,12,0.6478000141214579,63,100,0.3,15,15
dijkstra,1,77.28427124746187,30,15.469299993128516,5144,100,0.3,16,16
astar,1,77.28427124746187,32,1.7232999962288886,497,100,0.3,16,16
weighted_astar,1,81.42640687119281,36,0.4290000069886446,105,100,0.3,16,16
jps_like,1,77.28427124746187,29,3.7383000017143786,497,100,0.3,16,16
improved_astar,1,73.39235639197868,24,0.7980000082170591,91,100,0.3,16,16
dijkstra,1,66.87005768508878,30,15.102299992577173,4528,100,0.3,17,17
astar,1,66.87005768508878,24,1.4525999868055806,382,100,0.3,17,17
weighted_astar,1,70.42640687119282,25,0.3316999936942011,77,100,0.3,17,17
jps_like,1,66.87005768508878,28,3.2823000074131414,383,100,0.3,17,17
improved_astar,1,64.07827886188556,18,0.5165999900782481,59,100,0.3,17,17
dijkstra,1,58.79898987322332,20,16.656599997077137,4941,100,0.3,18,18
astar,1,58.79898987322332,22,0.9180000051856041,228,100,0.3,18,18
weighted_astar,1,58.79898987322332,22,0.34250000317115337,70,100,0.3,18,18
jps_like,1,58.79898987322331,27,2.466600009938702,228,100,0.3,18,18
improved_astar,1,54.072550184029815,14,0.4450999986147508,44,100,0.3,18,18
dijkstra,1,77.0416305603426,25,16.258100004051812,4919,100,0.3,19,19
astar,1,77.0416305603426,27,1.7397999909007922,413,100,0.3,19,19
weighted_astar,1,78.69848480983497,34,0.441100011812523,103,100,0.3,19,19
jps_like,1,77.0416305603426,25,3.487399997538887,390,100,0.3,19,19
improved_astar,1,73.40871473421026,19,0.6412000075215474,73,100,0.3,19,19
dijkstra,1,74.04163056034258,18,15.457599991350435,4946,100,0.3,20,20
astar,1,74.04163056034258,22,1.684000002569519,468,100,0.3,20,20
weighted_astar,1,77.35533905932735,30,0.3296000068075955,78,100,0.3,20,20
jps_like,1,74.04163056034258,24,3.9714000013191253,462,100,0.3,20,20
improved_astar,1,70.68823462358834,12,0.4490999999688938,45,100,0.3,20,20
dijkstra,1,49.0416305603426,16,11.100299991085194,3535,100,0.3,21,21
astar,1,49.0416305603426,18,0.5321000062394887,115,100,0.3,21,21
weighted_astar,1,53.52691193458118,22,0.2660999889485538,56,100,0.3,21,21
jps_like,1,49.0416305603426,19,1.2534999987110496,133,100,0.3,21,21
improved_astar,1,46.68865161403161,9,0.3882000019075349,27,100,0.3,21,21
dijkstra,1,27.899494936611667,9,4.615400001057424,1403,100,0.3,22,22
astar,1,27.899494936611667,9,0.28220000967849046,71,100,0.3,22,22
weighted_astar,1,27.899494936611667,9,0.11989999620709568,26,100,0.3,22,22
jps_like,1,27.899494936611667,10,0.9031000081449747,69,100,0.3,22,22
improved_astar,1,25.508270432752163,6,0.32360000477638096,18,100,0.3,22,22
dijkstra,1,72.11269837220806,28,6.819100002758205,2347,100,0.3,23,23
astar,1,72.11269837220806,22,1.6328999918187037,458,100,0.3,23,23
weighted_astar,1,75.42640687119282,29,0.39600000309292227,84,100,0.3,23,23
jps_like,1,72.11269837220806,25,4.904000001261011,458,100,0.3,23,23
improved_astar,1,68.7193640359478,13,0.646399988909252,63,100,0.3,23,23
dijkstra,1,93.95331880577396,29,20.024800003739074,5547,100,0.3,24,24
astar,1,93.95331880577396,27,1.702100009424612,420,100,0.3,24,24
weighted_astar,1,96.53910524340087,35,0.4130999877816066,87,100,0.3,24,24
jps_like,1,93.95331880577395,29,3.4589999995660037,415,100,0.3,24,24
improved_astar,1,90.45793552847118,19,0.625700005912222,59,100,0.3,24,24
dijkstra,1,62.76955262170043,18,12.362800000119023,3419,100,0.3,25,25
astar,1,62.76955262170043,17,0.31180000223685056,58,100,0.3,25,25
weighted_astar,1,64.42640687119281,19,0.3470999945420772,74,100,0.3,25,25
jps_like,1,62.769552621700456,19,1.022600001306273,88,100,0.3,25,25
improved_astar,1,60.261710387437134,10,0.5878999945707619,51,100,0.3,25,25
dijkstra,1,52.79898987322332,14,16.271700005745515,4636,100,0.3,26,26
astar,1,52.79898987322332,20,0.8751999994274229,214,100,0.3,26,26
weighted_astar,1,52.79898987322332,18,0.3501999890431762,81,100,0.3,26,26
jps_like,1,52.79898987322332,20,1.7278000013902783,205,100,0.3,26,26
improved_astar,1,48.3340104633271,12,0.47420000191777945,51,100,0.3,26,26
dijkstra,1,37.698484809834994,9,9.069699997780845,2631,100,0.3,27,27
astar,1,37.698484809834994,9,0.24819999816827476,62,100,0.3,27,27
weighted_astar,1,37.698484809834994,11,0.15069999790284783,34,100,0.3,27,27
jps_like,1,37.69848480983499,14,0.5172999954083934,62,100,0.3,27,27
improved_astar,1,36.45589083169431,8,0.2479999966453761,29,100,0.3,27,27
dijkstra,1,28.89949493661167,10,4.243299990775995,1470,100,0.3,28,28
astar,1,28.89949493661167,11,0.45229999523144215,120,100,0.3,28,28
weighted_astar,1,28.89949493661167,11,0.1382000045850873,34,100,0.3,28,28
jps_like,1,28.899494936611667,12,0.7496000034734607,98,100,0.3,28,28
improved_astar,1,26.469413449533644,7,0.3237999917473644,31,100,0.3,28,28
dijkstra,1,93.76955262170043,22,18.97350000217557,5631,100,0.3,29,29
astar,1,93.76955262170043,25,2.3708000080659986,592,100,0.3,29,29
weighted_astar,1,97.08326112068521,34,0.6098000012570992,101,100,0.3,29,29
jps_like,1,93.76955262170043,24,4.90860000718385,600,100,0.3,29,29
improved_astar,1,90.05936657696934,19,0.5912999913562089,57,100,0.3,29,29
dijkstra,1,18.142135623730955,13,0.26279999292455614,94,100,0.7,0,0
astar,1,18.142135623730955,13,0.08759999764151871,25,100,0.7,0,0
weighted_astar,1,18.142135623730955,13,0.055900003644637764,17,100,0.7,0,0
jps_like,1,18.142135623730955,13,0.1328999933321029,25,100,0.7,0,0
improved_astar,1,13.23606797749979,5,0.14519999967887998,33,100,0.7,0,0
dijkstra,1,2.414213562373095,1,0.014199991710484028,4,100,0.7,1,1
astar,1,2.414213562373095,1,0.010700008715502918,3,100,0.7,1,1
weighted_astar,1,2.414213562373095,1,0.008799994247965515,3,100,0.7,1,1
jps_like,1,2.414213562373095,1,0.012599994079209864,3,100,0.7,1,1
improved_astar,1,2.23606797749979,0,0.01589999010320753,4,100,0.7,1,1
dijkstra,1,11.485281374238571,7,0.07490000280085951,25,100,0.7,2,4
astar,1,11.485281374238571,8,0.037999998312443495,12,100,0.7,2,4
weighted_astar,1,11.485281374238571,8,0.03360000846441835,12,100,0.7,2,4
jps_like,1,11.485281374238571,7,0.04769999941345304,11,100,0.7,2,4
improved_astar,1,8.99070478491457,4,0.06810000922996551,15,100,0.7,2,4
dijkstra,1,8.65685424949238,5,0.05390000296756625,16,100,0.7,3,8
astar,1,8.65685424949238,4,0.028599999495781958,8,100,0.7,3,8
weighted_astar,1,8.65685424949238,4,0.02479999966453761,8,100,0.7,3,8
jps_like,1,8.65685424949238,4,0.037699996028095484,7,100,0.7,3,8
improved_astar,1,7.650281539872885,3,0.06459999713115394,12,100,0.7,3,8
dijkstra,1,18.142135623730955,11,0.12199999764561653,40,100,0.7,4,12
astar,1,18.142135623730955,11,0.27689999842550606,24,100,0.7,4,12
weighted_astar,1,18.142135623730955,12,0.10420000762678683,24,100,0.7,4,12
jps_like,1,18.142135623730955,11,0.10640000982675701,24,100,0.7,4,12
improved_astar,1,13.122417494872465,6,0.10750000365078449,25,100,0.7,4,12
dijkstra,1,8.071067811865476,2,0.08120000711642206,29,100,0.7,5,13
astar,1,8.071067811865476,2,0.03619999915827066,12,100,0.7,5,13
weighted_astar,1,8.071067811865476,2,0.02929999027401209,10,100,0.7,5,13
jps_like,1,8.071067811865476,2,0.057600002037361264,12,100,0.7,5,13
improved_astar,1,7.242640687119285,2,0.07119998917914927,14,100,0.7,5,13
dijkstra,1,19.970562748477146,7,0.20979999681003392,62,100,0.7,6,14
astar,1,19.970562748477146,7,0.13110000872984529,41,100,0.7,6,14
weighted_astar,1,19.970562748477146,7,0.13469999248627573,33,100,0.7,6,14
jps_like,1,19.970562748477143,8,0.19859999883919954,41,100,0.7,6,14
improved_astar,1,16.29126786466034,6,0.20090000180061907,45,100,0.7,6,14
dijkstra,1,16.899494936611667,10,0.18420000560581684,68,100,0.7,7,16
astar,1,16.899494936611667,10,0.05889999738428742,19,100,0.7,7,16
weighted_astar,1,16.899494936611667,11,0.04719999560620636,16,100,0.7,7,16
jps_like,1,16.899494936611667,10,0.08399999933317304,19,100,0.7,7,16
improved_astar,1,15.46284073991415,5,0.109200002043508,25,100,0.7,7,16
dijkstra,1,12.899494936611667,5,0.1326000055996701,46,100,0.7,8,20
astar,1,12.899494936611667,5,0.04359999729786068,14,100,0.7,8,20
weighted_astar,1,12.899494936611667,5,0.0329999893438071,12,100,0.7,8,20
jps_like,1,12.899494936611667,5,0.05779998900834471,14,100,0.7,8,20
improved_astar,1,9.242640687119286,4,0.06259999645408243,15,100,0.7,8,20
dijkstra,1,2.414213562373095,1,0.018100006855092943,6,100,0.7,9,21
astar,1,2.414213562373095,1,0.009199997293762863,3,100,0.7,9,21
weighted_astar,1,2.414213562373095,1,0.007399998139590025,3,100,0.7,9,21
jps_like,1,2.414213562373095,1,0.011800002539530396,3,100,0.7,9,21
improved_astar,1,2.23606797749979,0,0.011399999493733048,3,100,0.7,9,21
dijkstra,1,21.72792206135786,12,0.20050001330673695,58,100,0.7,10,22
astar,1,21.72792206135786,12,0.09889999637380242,30,100,0.7,10,22
weighted_astar,1,21.72792206135786,13,0.07249999907799065,22,100,0.7,10,22
jps_like,1,21.727922061357855,13,0.15919998986646533,30,100,0.7,10,22
improved_astar,1,20.00876701224514,9,0.17890000890474766,37,100,0.7,10,22
dijkstra,1,8.65685424949238,3,0.07949999417178333,25,100,0.7,11,24
astar,1,8.65685424949238,3,0.03840000135824084,11,100,0.7,11,24
weighted_astar,1,8.65685424949238,3,0.02990000939462334,9,100,0.7,11,24
jps_like,1,8.65685424949238,4,0.057999990531243384,11,100,0.7,11,24
improved_astar,1,7.06449510224598,2,0.06679999933112413,13,100,0.7,11,24
dijkstra,1,14.071067811865477,5,0.20009999570902437,55,100,0.7,12,25
astar,1,14.071067811865477,5,0.072900002123788,16,100,0.7,12,25
weighted_astar,1,14.071067811865477,5,0.0675999908708036,16,100,0.7,12,25
jps_like,1,14.071067811865476,6,0.0805000017862767,10,100,0.7,12,25
improved_astar,1,12.906114355209759,4,0.21019999985583127,30,100,0.7,12,25
dijkstra,1,15.727922061357859,10,0.11219999578315765,34,100,0.7,13,27
astar,1,15.727922061357859,10,0.07819999882485718,22,100,0.7,13,27
weighted_astar,1,15.727922061357859,10,0.0670000008540228,20,100,0.7,13,27
jps_like,1,15.727922061357857,10,0.12409999908413738,21,100,0.7,13,27
improved_astar,1,12.122417494872465,3,0.126499988255091,24,100,0.7,13,27
dijkstra,1,4.82842712474619,1,0.03670000296551734,11,100,0.7,14,28
astar,1,4.82842712474619,1,0.017399986973032355,5,100,0.7,14,28
weighted_astar,1,4.82842712474619,1,0.015200013876892626,5,100,0.7,14,28
jps_like,1,4.82842712474619,1,0.02239999594166875,5,100,0.7,14,28
improved_astar,1,4.82842712474619,1,0.02160000440198928,5,100,0.7,14,28
dijkstra,1,20.970562748477146,13,0.12760001118294895,42,100,0.7,15,31
astar,1,20.970562748477146,13,0.08569999772589654,26,100,0.7,15,31
weighted_astar,1,20.970562748477146,13,0.059600002714432776,18,100,0.7,15,31
jps_like,1,20.970562748477143,13,0.12349999451544136,26,100,0.7,15,31
improved_astar,1,16.89292222699217,8,0.15900000289548188,34,100,0.7,15,31
dijkstra,1,33.45584412271572,12,0.27359998784959316,98,100,0.7,16,32
astar,1,33.45584412271572,14,0.26109999453183264,59,100,0.7,16,32
weighted_astar,1,33.45584412271572,14,0.17469999147579074,58,100,0.7,16,32
jps_like,1,33.4558441227157,14,0.269199998001568,59,100,0.7,16,32
improved_astar,1,28.146079245841705,10,0.2998999989358708,64,100,0.7,16,32
dijkstra,1,13.313708498984763,6,0.13410000246949494,47,100,0.7,17,33
astar,1,13.313708498984763,6,0.04120000812690705,13,100,0.7,17,33
weighted_astar,1,13.313708498984763,6,0.03409999771974981,11,100,0.7,17,33
jps_like,1,13.313708498984763,6,0.05950000195298344,13,100,0.7,17,33
improved_astar,1,11.00389691313216,3,0.07389999518636614,16,100,0.7,17,33
dijkstra,1,1.4142135623730951,0,0.012299991794861853,3,100,0.7,18,34
astar,1,1.4142135623730951,0,0.005699999746866524,2,100,0.7,18,34
weighted_astar,1,1.4142135623730951,0,0.0040000013541430235,2,100,0.7,18,34
jps_like,1,1.4142135623730951,0,0.006599992047995329,2,100,0.7,18,34
improved_astar,1,1.4142135623730951,0,0.006400005077011883,2,100,0.7,18,34
dijkstra,1,2.414213562373095,1,0.03429999924264848,6,100,0.7,19,36
astar,1,2.414213562373095,1,0.01479999627918005,3,100,0.7,19,36
weighted_astar,1,2.414213562373095,1,0.010200004908256233,3,100,0.7,19,36
jps_like,1,2.414213562373095,1,0.016999998479150236,3,100,0.7,19,36
improved_astar,1,2.414213562373095,1,0.015600002370774746,3,100,0.7,19,36
dijkstra,1,6.242640687119286,2,0.11340000492054969,36,100,0.7,20,37
astar,1,6.242640687119286,2,0.031800009310245514,8,100,0.7,20,37
weighted_astar,1,6.242640687119286,2,0.024499997380189598,6,100,0.7,20,37
jps_like,1,6.242640687119286,2,0.03949999518226832,5,100,0.7,20,37
improved_astar,1,5.23606797749979,2,0.07559999357908964,10,100,0.7,20,37
dijkstra,1,4.82842712474619,3,0.05200000305194408,11,100,0.7,21,41
astar,1,4.82842712474619,3,0.023800006601959467,6,100,0.7,21,41
weighted_astar,1,4.82842712474619,2,0.017300000763498247,5,100,0.7,21,41
jps_like,1,4.82842712474619,2,0.036600002204068005,6,100,0.7,21,41
improved_astar,1,4.47213595499958,1,0.10710000060498714,8,100,0.7,21,41
dijkstra,1,2.414213562373095,1,0.025899993488565087,4,100,0.7,22,46
astar,1,2.414213562373095,1,0.011299998732283711,3,100,0.7,22,46
weighted_astar,1,2.414213562373095,1,0.006900008884258568,3,100,0.7,22,46
jps_like,1,2.414213562373095,1,0.015300000086426735,3,100,0.7,22,46
improved_astar,1,2.23606797749979,0,0.013600001693703234,3,100,0.7,22,46
dijkstra,1,2.8284271247461903,0,0.049700000090524554,9,100,0.7,23,47
astar,1,2.8284271247461903,0,0.012400007108226418,3,100,0.7,23,47
weighted_astar,1,2.8284271247461903,0,0.009000010322779417,3,100,0.7,23,47
jps_like,1,2.8284271247461903,0,0.026699999580159783,3,100,0.7,23,47
improved_astar,1,2.8284271247461903,0,0.012799995602108538,3,100,0.7,23,47
dijkstra,1,5.242640687119285,2,0.027400004910305142,9,100,0.7,24,48
astar,1,5.242640687119285,2,0.014999997802078724,5,100,0.7,24,48
weighted_astar,1,5.242640687119285,2,0.012599994079209864,5,100,0.7,24,48
jps_like,1,5.242640687119285,2,0.023599990527145565,5,100,0.7,24,48
improved_astar,1,3.6502815398728847,1,0.023900007363408804,5,100,0.7,24,48
dijkstra,1,3.414213562373095,1,0.04230000195093453,7,100,0.7,25,50
astar,1,3.414213562373095,1,0.0168999977177009,4,100,0.7,25,50
weighted_astar,1,3.414213562373095,1,0.028399997972883284,4,100,0.7,25,50
jps_like,1,3.414213562373095,1,0.01790000533219427,3,100,0.7,25,50
improved_astar,1,3.414213562373095,1,0.029300004825927317,5,100,0.7,25,50
dijkstra,1,2.8284271247461903,0,0.022199994418770075,7,100,0.7,26,51
astar,1,2.8284271247461903,0,0.011199997970834374,3,100,0.7,26,51
weighted_astar,1,2.8284271247461903,0,0.009200011845678091,3,100,0.7,26,51
jps_like,1,2.8284271247461903,0,0.012899996363557875,3,100,0.7,26,51
improved_astar,1,2.8284271247461903,0,0.012300006346777081,3,100,0.7,26,51
dijkstra,1,6.242640687119285,3,0.09919999865815043,24,100,0.7,27,52
astar,1,6.242640687119285,3,0.032400013878941536,7,100,0.7,27,52
weighted_astar,1,6.242640687119285,3,0.029600007110275328,7,100,0.7,27,52
jps_like,1,6.242640687119285,3,0.04889999399892986,7,100,0.7,27,52
improved_astar,1,4.82842712474619,2,0.05459999374579638,8,100,0.7,27,52
dijkstra,1,15.727922061357859,5,0.14089999604038894,37,100,0.7,28,53
astar,1,15.727922061357859,5,0.09309999586548656,22,100,0.7,28,53
weighted_astar,1,15.727922061357859,5,0.08589999924879521,21,100,0.7,28,53
jps_like,1,15.727922061357857,6,0.14269999519456178,22,100,0.7,28,53
improved_astar,1,12.071067811865476,4,0.1438000035705045,22,100,0.7,28,53
dijkstra,1,21.970562748477146,11,0.26050000451505184,72,100,0.7,29,54
astar,1,21.970562748477146,11,0.17549999756738544,43,100,0.7,29,54
weighted_astar,1,21.970562748477146,11,0.139000010676682,35,100,0.7,29,54
jps_like,1,21.970562748477143,12,0.264899994363077,43,100,0.7,29,54
improved_astar,1,17.064495102245978,8,0.30169999809004366,50,100,0.7,29,54
