algorithm,success,path_length,turn_count,runtime_ms,expanded_nodes,size,ratio,run_id,attempt_id
dijkstra,1,14.828427124746192,4,1.0352000099373981,221,20,0.3,0,0
astar,1,14.828427124746192,4,0.14110001211520284,31,20,0.3,0,0
weighted_astar,1,15.071067811865477,5,0.08199999865610152,20,20,0.3,0,0
jps_like,1,14.828427124746192,5,0.25710000772960484,31,20,0.3,0,0
improved_astar,1,13.990704784914572,2,0.145500001963228,16,20,0.3,0,0
dijkstra,1,12.485281374238571,5,0.53779999143444,184,20,0.3,1,1
astar,1,12.485281374238571,3,0.05080000846646726,11,20,0.3,1,1
weighted_astar,1,12.485281374238571,2,0.047900000936351717,11,20,0.3,1,1
jps_like,1,12.485281374238571,4,0.06520000169984996,6,20,0.3,1,1
improved_astar,1,11.772699034745349,1,0.0501000031363219,5,20,0.3,1,1
dijkstra,1,6.65685424949238,1,0.23579999106004834,79,20,0.3,2,2
astar,1,6.656854249492381,2,0.02890000178012997,6,20,0.3,2,2
weighted_astar,1,6.656854249492381,2,0.026699999580159783,6,20,0.3,2,2
jps_like,1,6.65685424949238,2,0.03920000744983554,4,20,0.3,2,2
improved_astar,1,6.4031242374328485,0,0.038700003642588854,4,20,0.3,2,2
dijkstra,1,17.899494936611667,7,0.7718999986536801,223,20,0.3,3,3
astar,1,17.899494936611667,9,0.18109999655280262,41,20,0.3,3,3
weighted_astar,1,17.899494936611667,9,0.10370000381954014,24,20,0.3,3,3
jps_like,1,17.899494936611667,7,0.3708000003825873,41,20,0.3,3,3
improved_astar,1,15.52145126328583,5,0.19759999122470617,22,20,0.3,3,3
dijkstra,1,18.899494936611667,5,0.596500001847744,213,20,0.3,4,4
astar,1,18.899494936611667,7,0.1382000045850873,38,20,0.3,4,4
weighted_astar,1,20.55634918610405,6,0.09439999121241271,27,20,0.3,4,4
jps_like,1,18.899494936611667,6,0.1934000028995797,28,20,0.3,4,4
improved_astar,1,17.797928231006722,4,0.18570000247564167,27,20,0.3,4,4
dijkstra,1,3.82842712474619,2,0.10689999908208847,35,20,0.3,5,5
astar,1,3.82842712474619,2,0.01750000228639692,4,20,0.3,5,5
weighted_astar,1,3.82842712474619,2,0.015300000086426735,4,20,0.3,5,5
jps_like,1,3.82842712474619,2,0.03510000533424318,4,20,0.3,5,5
improved_astar,1,3.6502815398728847,1,0.03479998849797994,4,20,0.3,5,5
dijkstra,1,13.242640687119284,5,0.4996000061510131,148,20,0.3,6,6
astar,1,13.242640687119284,5,0.2849000011337921,23,20,0.3,6,6
weighted_astar,1,13.242640687119284,4,0.06049999501556158,15,20,0.3,6,6
jps_like,1,13.242640687119284,5,0.3184999950462952,23,20,0.3,6,6
improved_astar,1,12.082762530298218,2,0.09139999747276306,11,20,0.3,6,6
dijkstra,1,3.414213562373095,2,0.12330000754445791,27,20,0.3,7,7
astar,1,3.414213562373095,1,0.022799998987466097,5,20,0.3,7,7
weighted_astar,1,3.414213562373095,1,0.01649999467190355,4,20,0.3,7,7
jps_like,1,3.414213562373095,1,0.048000001697801054,5,20,0.3,7,7
improved_astar,1,3.1622776601683795,0,0.07059999916236848,3,20,0.3,7,7
dijkstra,1,14.65685424949238,4,0.8020999957807362,234,20,0.3,8,8
astar,1,14.65685424949238,4,0.12759999663103372,28,20,0.3,8,8
weighted_astar,1,14.65685424949238,4,0.08589999924879521,18,20,0.3,8,8
jps_like,1,14.65685424949238,4,0.2872000040952116,28,20,0.3,8,8
improved_astar,1,13.924381783261998,3,0.09329999738838524,8,20,0.3,8,8
dijkstra,1,13.656854249492383,5,0.37480000173673034,114,20,0.3,9,9
astar,1,13.656854249492383,5,0.2192999963881448,36,20,0.3,9,9
weighted_astar,1,13.656854249492383,4,0.08749999688006938,18,20,0.3,9,9
jps_like,1,13.656854249492381,6,0.4084999964106828,35,20,0.3,9,9
improved_astar,1,12.233345472033855,2,0.12079998850822449,12,20,0.3,9,9
dijkstra,1,15.899494936611669,3,0.5807999987155199,196,20,0.3,10,10
astar,1,15.899494936611669,3,0.1863000070443377,23,20,0.3,10,10
weighted_astar,1,15.899494936611669,4,0.08180001168511808,18,20,0.3,10,10
jps_like,1,15.899494936611664,4,0.13080000644549727,12,20,0.3,10,10
improved_astar,1,15.645764924552132,2,0.09580000187270343,9,20,0.3,10,10
dijkstra,1,5.242640687119286,1,0.16419999883510172,51,20,0.3,11,11
astar,1,5.242640687119286,1,0.02479999966453761,6,20,0.3,11,11
weighted_astar,1,5.242640687119286,1,0.01920000067912042,5,20,0.3,11,11
jps_like,1,5.242640687119285,1,0.03880000440403819,6,20,0.3,11,11
improved_astar,1,5.06449510224598,1,0.021100000594742596,3,20,0.3,11,11
dijkstra,1,4.82842712474619,1,0.09339999814983457,29,20,0.3,12,12
astar,1,4.82842712474619,1,0.022599997464567423,5,20,0.3,12,12
weighted_astar,1,4.82842712474619,1,0.023900007363408804,5,20,0.3,12,12
jps_like,1,4.82842712474619,1,0.02469999890308827,3,20,0.3,12,12
improved_astar,1,4.47213595499958,0,0.027000001864507794,3,20,0.3,12,12
dijkstra,1,14.242640687119286,5,1.0863000061362982,250,20,0.3,13,13
astar,1,14.242640687119286,5,0.10869999823626131,24,20,0.3,13,13
weighted_astar,1,15.071067811865476,7,0.079699995694682,18,20,0.3,13,13
jps_like,1,14.242640687119286,6,0.2519999979995191,24,20,0.3,13,13
improved_astar,1,13.123105625617661,2,0.15550000534858555,16,20,0.3,13,13
dijkstra,1,16.899494936611667,6,0.7972000021254644,266,20,0.3,14,14
astar,1,16.899494936611667,6,0.09970000246539712,25,20,0.3,14,14
weighted_astar,1,16.899494936611667,8,0.06620000931434333,15,20,0.3,14,14
jps_like,1,16.899494936611664,6,0.18450000789016485,22,20,0.3,14,14
improved_astar,1,16.09745206830065,4,0.08230000094044954,8,20,0.3,14,14
dijkstra,1,10.485281374238571,3,0.48600000445730984,157,20,0.3,15,15
astar,1,10.485281374238571,4,0.0799000117694959,17,20,0.3,15,15
weighted_astar,1,10.485281374238571,4,0.04199999966658652,9,20,0.3,15,15
jps_like,1,10.48528137423857,5,0.10159998782910407,10,20,0.3,15,15
improved_astar,1,10.06449510224598,2,0.06920000305399299,7,20,0.3,15,15
dijkstra,1,13.071067811865476,8,0.6439000135287642,192,20,0.3,16,16
astar,1,13.071067811865476,8,0.0985000078799203,20,20,0.3,16,16
weighted_astar,1,13.071067811865476,8,0.060699996538460255,13,20,0.3,16,16
jps_like,1,13.071067811865476,8,0.1618999958736822,20,20,0.3,16,16
improved_astar,1,11.21110255092798,2,0.09459999273531139,13,20,0.3,16,16
dijkstra,1,8.0,0,0.1469000126235187,49,20,0.3,17,17
astar,1,8.0,0,0.04120000812690705,9,20,0.3,17,17
weighted_astar,1,8.0,0,0.037300007534213364,9,20,0.3,17,17
jps_like,1,8.0,1,0.08919999527279288,9,20,0.3,17,17
improved_astar,1,8.0,0,0.03779999678954482,4,20,0.3,17,17
dijkstra,1,4.82842712474619,3,0.1500999933341518,48,20,0.3,18,18
astar,1,4.82842712474619,3,0.02579999272711575,6,20,0.3,18,18
weighted_astar,1,4.82842712474619,3,0.02059999678749591,5,20,0.3,18,18
jps_like,1,4.82842712474619,3,0.0540999899385497,6,20,0.3,18,18
improved_astar,1,4.47213595499958,1,0.046900007873773575,5,20,0.3,18,18
dijkstra,1,17.899494936611667,7,0.4322000022511929,151,20,0.3,19,19
astar,1,17.899494936611667,9,0.14370000280905515,43,20,0.3,19,19
weighted_astar,1,17.899494936611667,9,0.12369999603834003,37,20,0.3,19,19
jps_like,1,17.899494936611667,7,0.28119998751208186,43,20,0.3,19,19
improved_astar,1,13.837882267736525,6,0.30079999123699963,46,20,0.3,19,19
dijkstra,1,17.142135623730955,3,0.6747000006726012,194,20,0.3,20,20
astar,1,17.142135623730955,5,0.13470000703819096,19,20,0.3,20,20
weighted_astar,1,17.142135623730955,5,0.1429999974789098,14,20,0.3,20,20
jps_like,1,17.142135623730947,4,0.17939999816007912,19,20,0.3,20,20
improved_astar,1,16.411799750329685,2,0.09349999891128391,9,20,0.3,20,20
dijkstra,1,18.899494936611667,12,0.720199997886084,250,20,0.3,21,21
astar,1,18.899494936611667,11,0.13100000796839595,32,20,0.3,21,21
weighted_astar,1,18.899494936611667,11,0.07779999577905983,20,20,0.3,21,21
jps_like,1,18.899494936611667,11,0.21699999342672527,31,20,0.3,21,21
improved_astar,1,18.29126786466034,9,0.2119999990100041,31,20,0.3,21,21
dijkstra,1,5.242640687119285,3,0.20889998995698988,53,20,0.3,22,22
astar,1,5.242640687119285,3,0.0281000102404505,5,20,0.3,22,22
weighted_astar,1,5.242640687119285,3,0.024200009647756815,5,20,0.3,22,22
jps_like,1,5.242640687119285,3,0.04909999552182853,5,20,0.3,22,22
improved_astar,1,5.06449510224598,2,0.047599998652003706,5,20,0.3,22,22
dijkstra,1,18.65685424949238,7,0.9582999919075519,188,20,0.3,23,23
astar,1,18.65685424949238,7,0.18360000103712082,27,20,0.3,23,23
weighted_astar,1,18.656854249492383,6,0.14050000754650682,23,20,0.3,23,23
jps_like,1,18.65685424949238,6,0.3341000119689852,32,20,0.3,23,23
improved_astar,1,17.468336390445764,2,0.1053000014508143,9,20,0.3,23,23
dijkstra,1,18.970562748477146,1,0.7504999957745895,225,20,0.3,24,24
astar,1,18.970562748477146,3,0.09190000128000975,17,20,0.3,24,24
weighted_astar,1,18.970562748477146,3,0.07789999654050916,15,20,0.3,24,24
jps_like,1,18.97056274847714,1,0.07539999205619097,6,20,0.3,24,24
improved_astar,1,18.558873956203158,1,0.07579999510198832,6,20,0.3,24,24
dijkstra,1,16.242640687119284,5,0.4081000079168007,126,20,0.3,25,25
astar,1,16.242640687119284,5,0.09770000178832561,22,20,0.3,25,25
weighted_astar,1,16.242640687119284,5,0.08860000525601208,21,20,0.3,25,25
jps_like,1,16.242640687119284,6,0.16060000052675605,14,20,0.3,25,25
improved_astar,1,15.738768882709854,4,0.1360000023851171,13,20,0.3,25,25
dijkstra,1,13.899494936611667,6,0.8391000010306016,259,20,0.3,26,26
astar,1,13.899494936611667,6,0.15619999612681568,35,20,0.3,26,26
weighted_astar,1,13.899494936611667,4,0.12060000153724104,18,20,0.3,26,26
jps_like,1,13.899494936611664,6,0.28390000807121396,31,20,0.3,26,26
improved_astar,1,12.20079285608123,2,0.12680000509135425,13,20,0.3,26,26
dijkstra,1,9.82842712474619,2,0.324500011629425,100,20,0.3,27,27
astar,1,9.82842712474619,4,0.07860000187065452,18,20,0.3,27,27
weighted_astar,1,9.82842712474619,3,0.04619998799171299,10,20,0.3,27,27
jps_like,1,9.82842712474619,3,0.1613000058569014,18,20,0.3,27,27
improved_astar,1,9.219544457292887,0,0.051700000767596066,5,20,0.3,27,27
dijkstra,1,16.242640687119287,3,0.7344000041484833,210,20,0.3,28,28
astar,1,16.242640687119287,5,0.17579999985173345,40,20,0.3,28,28
weighted_astar,1,16.242640687119287,5,0.09279999358113855,19,20,0.3,28,28
jps_like,1,16.242640687119284,3,0.28219999512657523,30,20,0.3,28,28
improved_astar,1,15.123105625617661,2,0.12719999358523637,12,20,0.3,28,28
dijkstra,1,2.8284271247461903,0,0.06510000093840063,14,20,0.3,29,29
astar,1,2.8284271247461903,0,0.014399993233382702,3,20,0.3,29,29
weighted_astar,1,2.8284271247461903,0,0.012500007869675756,3,20,0.3,29,29
jps_like,1,2.8284271247461903,0,0.016200006939470768,2,20,0.3,29,29
improved_astar,1,2.8284271247461903,0,0.015400000847876072,2,20,0.3,29,29
dijkstra,1,1.0,0,0.006200003554113209,2,20,0.7,0,0
astar,1,1.0,0,0.0046000059228390455,2,20,0.7,0,0
weighted_astar,1,1.0,0,0.0031999952625483274,2,20,0.7,0,0
jps_like,1,1.0,0,0.004799992893822491,2,20,0.7,0,0
improved_astar,1,1.0,0,0.0048000074457377195,2,20,0.7,0,0
dijkstra,1,29.213203435596434,13,0.2606999914860353,94,20,0.7,1,1
astar,1,29.213203435596434,13,0.27069999487139285,89,20,0.7,1,1
weighted_astar,1,29.213203435596434,13,0.2643000043462962,89,20,0.7,1,1
jps_like,1,29.21320343559643,14,0.4095999902347103,89,20,0.7,1,1
improved_astar,1,23.741114189575445,11,0.42799999937415123,90,20,0.7,1,1
dijkstra,1,1.4142135623730951,0,0.025399989681318402,5,20,0.7,2,2
astar,1,1.4142135623730951,0,0.009700001101009548,2,20,0.7,2,2
weighted_astar,1,1.4142135623730951,0,0.006699992809444666,2,20,0.7,2,2
jps_like,1,1.4142135623730951,0,0.010900010238401592,2,20,0.7,2,2
improved_astar,1,1.4142135623730951,0,0.01069999416358769,2,20,0.7,2,2
dijkstra,1,1.4142135623730951,0,0.013700002455152571,3,20,0.7,3,3
astar,1,1.4142135623730951,0,0.007199996616691351,2,20,0.7,3,3
weighted_astar,1,1.4142135623730951,0,0.005699999746866524,2,20,0.7,3,3
jps_like,1,1.4142135623730951,0,0.009900002623908222,2,20,0.7,3,3
improved_astar,1,1.4142135623730951,0,0.00960000033956021,2,20,0.7,3,3
dijkstra,1,4.82842712474619,2,0.032500000088475645,8,20,0.7,4,4
astar,1,4.82842712474619,2,0.01930000144056976,5,20,0.7,4,4
weighted_astar,1,4.82842712474619,2,0.01579998934175819,5,20,0.7,4,4
jps_like,1,4.82842712474619,2,0.017999991541728377,4,20,0.7,4,4
improved_astar,1,4.0,1,0.02469999890308827,5,20,0.7,4,4
dijkstra,1,2.414213562373095,1,0.024600012693554163,7,20,0.7,5,5
astar,1,2.414213562373095,1,0.012200005585327744,3,20,0.7,5,5
weighted_astar,1,2.414213562373095,1,0.010200004908256233,3,20,0.7,5,5
jps_like,1,2.414213562373095,1,0.01580000389367342,3,20,0.7,5,5
improved_astar,1,2.23606797749979,0,0.015300000086426735,3,20,0.7,5,5
dijkstra,1,6.82842712474619,2,0.059399986639618874,19,20,0.7,6,6
astar,1,6.82842712474619,2,0.02439999661874026,7,20,0.7,6,6
weighted_astar,1,6.82842712474619,2,0.0219999928958714,7,20,0.7,6,6
jps_like,1,6.82842712474619,3,0.039700011257082224,7,20,0.7,6,6
improved_astar,1,6.47213595499958,2,0.0467000063508749,9,20,0.7,6,6
dijkstra,1,1.4142135623730951,0,0.016999998479150236,5,20,0.7,7,7
astar,1,1.4142135623730951,0,0.007599999662488699,2,20,0.7,7,7
weighted_astar,1,1.4142135623730951,0,0.006600006599910557,2,20,0.7,7,7
jps_like,1,1.4142135623730951,0,0.008799994247965515,2,20,0.7,7,7
improved_astar,1,1.4142135623730951,0,0.008399991202168167,2,20,0.7,7,7
dijkstra,1,6.82842712474619,3,0.05660000897478312,19,20,0.7,8,8
astar,1,6.82842712474619,3,0.031099989428184927,8,20,0.7,8,8
weighted_astar,1,6.82842712474619,3,0.027900008717551827,8,20,0.7,8,8
jps_like,1,6.82842712474619,3,0.045900000259280205,8,20,0.7,8,8
improved_astar,1,6.82842712474619,3,0.05990000499878079,11,20,0.7,8,8
dijkstra,1,5.242640687119286,3,0.029999995604157448,9,20,0.7,9,9
astar,1,5.242640687119286,3,0.01990000600926578,6,20,0.7,9,9
weighted_astar,1,5.242640687119286,3,0.01619999238755554,5,20,0.7,9,9
jps_like,1,5.242640687119286,3,0.030199997127056122,6,20,0.7,9,9
improved_astar,1,4.414213562373095,2,0.030099996365606785,6,20,0.7,9,9
dijkstra,1,4.82842712474619,2,0.015500001609325409,5,20,0.7,10,10
astar,1,4.82842712474619,2,0.014899997040629387,5,20,0.7,10,10
weighted_astar,1,4.82842712474619,2,0.011600001016631722,5,20,0.7,10,10
jps_like,1,4.82842712474619,2,0.017300000763498247,5,20,0.7,10,10
improved_astar,1,4.82842712474619,2,0.017400001524947584,5,20,0.7,10,10
dijkstra,1,6.242640687119285,2,0.04959999932907522,16,20,0.7,11,11
astar,1,6.242640687119285,3,0.02819999644998461,8,20,0.7,11,11
weighted_astar,1,6.242640687119285,4,0.03670000296551734,7,20,0.7,11,11
jps_like,1,6.242640687119285,3,0.09839999256655574,8,20,0.7,11,11
improved_astar,1,5.16227766016838,1,0.049299997044727206,9,20,0.7,11,11
dijkstra,1,4.242640687119286,2,0.014699995517730713,4,20,0.7,12,12
astar,1,4.242640687119286,2,0.011199997970834374,4,20,0.7,12,12
weighted_astar,1,4.242640687119286,2,0.009399998816661537,4,20,0.7,12,12
jps_like,1,4.242640687119286,2,0.015099998563528061,4,20,0.7,12,12
improved_astar,1,3.414213562373095,1,0.014199991710484028,4,20,0.7,12,12
dijkstra,1,2.0,0,0.029199989512562752,6,20,0.7,13,13
astar,1,2.0,0,0.014499993994832039,3,20,0.7,13,13
weighted_astar,1,2.0,0,0.011199997970834374,3,20,0.7,13,13
jps_like,1,2.0,0,0.011899988749064505,2,20,0.7,13,13
improved_astar,1,2.0,0,0.019700004486367106,3,20,0.7,13,13
dijkstra,1,7.82842712474619,4,0.06720000237692147,23,20,0.7,14,14
astar,1,7.82842712474619,4,0.03499999002087861,9,20,0.7,14,14
weighted_astar,1,7.82842712474619,4,0.02820001100189984,8,20,0.7,14,14
jps_like,1,7.82842712474619,4,0.04980000085197389,9,20,0.7,14,14
improved_astar,1,7.06449510224598,2,0.07179999374784529,14,20,0.7,14,14
dijkstra,1,6.242640687119285,1,0.04909999552182853,13,20,0.7,15,15
astar,1,6.242640687119285,1,0.026399997295811772,7,20,0.7,15,15
weighted_astar,1,6.242640687119285,1,0.024100008886307478,7,20,0.7,15,15
jps_like,1,6.242640687119285,2,0.02849999873433262,5,20,0.7,15,15
improved_astar,1,5.841619252963779,1,0.035900011425837874,7,20,0.7,15,15
dijkstra,1,5.242640687119286,2,0.03260000084992498,11,20,0.7,16,16
astar,1,5.242640687119286,2,0.023300002794712782,7,20,0.7,16,16
weighted_astar,1,5.242640687119286,2,0.020799998310394585,7,20,0.7,16,16
jps_like,1,5.242640687119286,2,0.03239999932702631,7,20,0.7,16,16
improved_astar,1,4.23606797749979,2,0.03540000761859119,8,20,0.7,16,16
dijkstra,1,2.414213562373095,1,0.023300002794712782,7,20,0.7,17,17
astar,1,2.414213562373095,1,0.01170000177808106,3,20,0.7,17,17
weighted_astar,1,2.414213562373095,1,0.010200004908256233,3,20,0.7,17,17
jps_like,1,2.414213562373095,1,0.016200006939470768,3,20,0.7,17,17
improved_astar,1,2.414213562373095,1,0.015500001609325409,3,20,0.7,17,17
dijkstra,1,2.414213562373095,1,0.01920000067912042,6,20,0.7,18,18
astar,1,2.414213562373095,1,0.010599993402138352,3,20,0.7,18,18
weighted_astar,1,2.414213562373095,1,0.009199997293762863,3,20,0.7,18,18
jps_like,1,2.414213562373095,1,0.013299999409355223,3,20,0.7,18,18
improved_astar,1,2.23606797749979,0,0.0185999961104244,4,20,0.7,18,18
dijkstra,1,6.82842712474619,3,0.07439999899361283,25,20,0.7,19,19
astar,1,6.82842712474619,3,0.032500000088475645,9,20,0.7,19,19
weighted_astar,1,6.82842712474619,3,0.030700000934302807,9,20,0.7,19,19
jps_like,1,6.82842712474619,3,0.05699999746866524,9,20,0.7,19,19
improved_astar,1,6.650281539872885,3,0.07490000280085951,12,20,0.7,19,19
dijkstra,1,2.0,0,0.008200004231184721,3,20,0.7,20,20
astar,1,2.0,0,0.007499998901039362,3,20,0.7,20,20
weighted_astar,1,2.0,0,0.006399990525096655,3,20,0.7,20,20
jps_like,1,2.0,0,0.011500000255182385,3,20,0.7,20,20
improved_astar,1,2.0,0,0.010900010238401592,3,20,0.7,20,20
dijkstra,1,2.414213562373095,1,0.01239999255631119,4,20,0.7,21,21
astar,1,2.414213562373095,1,0.00859999272506684,3,20,0.7,21,21
weighted_astar,1,2.414213562373095,1,0.007499998901039362,3,20,0.7,21,21
jps_like,1,2.414213562373095,1,0.0109999964479357,3,20,0.7,21,21
improved_astar,1,2.414213562373095,1,0.01069999416358769,3,20,0.7,21,21
dijkstra,1,5.242640687119285,2,0.052799994591623545,16,20,0.7,22,22
astar,1,5.242640687119285,2,0.022499996703118086,6,20,0.7,22,22
weighted_astar,1,5.242640687119285,2,0.018799997633323073,6,20,0.7,22,22
jps_like,1,5.242640687119285,2,0.03239999932702631,6,20,0.7,22,22
improved_astar,1,4.23606797749979,1,0.036999990697950125,7,20,0.7,22,22
dijkstra,1,17.142135623730955,7,0.11149999045301229,40,20,0.7,23,23
astar,1,17.142135623730955,7,0.06599999323952943,20,20,0.7,23,23
weighted_astar,1,17.142135623730955,7,0.06160000339150429,19,20,0.7,23,23
jps_like,1,17.14213562373095,8,0.08509999315720052,17,20,0.7,23,23
improved_astar,1,14.727968770336455,6,0.11930000619031489,26,20,0.7,23,23
dijkstra,1,2.0,0,0.023600005079060793,7,20,0.7,24,24
astar,1,2.0,0,0.011800002539530396,3,20,0.7,24,24
weighted_astar,1,2.0,0,0.009900002623908222,3,20,0.7,24,24
jps_like,1,2.0,0,0.015700003132224083,3,20,0.7,24,24
improved_astar,1,2.0,0,0.014499993994832039,3,20,0.7,24,24
dijkstra,1,1.0,0,0.011299998732283711,3,20,0.7,25,25
astar,1,1.0,0,0.006800008122809231,2,20,0.7,25,25
weighted_astar,1,1.0,0,0.005599998985417187,2,20,0.7,25,25
jps_like,1,1.0,0,0.009499999578110874,2,20,0.7,25,25
improved_astar,1,1.0,0,0.010199990356341004,2,20,0.7,25,25
dijkstra,1,5.82842712474619,1,0.05789998976979405,19,20,0.7,26,26
astar,1,5.82842712474619,1,0.027600006433203816,7,20,0.7,26,26
weighted_astar,1,5.82842712474619,1,0.02680000034160912,7,20,0.7,26,26
jps_like,1,5.82842712474619,1,0.04400000034365803,7,20,0.7,26,26
improved_astar,1,5.39834563766817,1,0.04839999019168317,8,20,0.7,26,26
dijkstra,1,2.0,0,0.02130000211764127,6,20,0.7,27,27
astar,1,2.0,0,0.011200012522749603,3,20,0.7,27,27
weighted_astar,1,2.0,0,0.010200004908256233,3,20,0.7,27,27
jps_like,1,2.0,0,0.010400006431154907,2,20,0.7,27,27
improved_astar,1,2.0,0,0.016399993910454214,3,20,0.7,27,27
dijkstra,1,8.071067811865476,5,0.023200002033263445,8,20,0.7,28,28
astar,1,8.071067811865476,5,0.021899992134422064,8,20,0.7,28,28
weighted_astar,1,8.071067811865476,5,0.020400009816512465,8,20,0.7,28,28
jps_like,1,8.071067811865476,5,0.028399997972883284,8,20,0.7,28,28
improved_astar,1,6.23606797749979,1,0.028999987989664078,8,20,0.7,28,28
dijkstra,1,12.899494936611667,8,0.041100007365457714,15,20,0.7,29,29
astar,1,12.899494936611667,8,0.03339999238960445,11,20,0.7,29,29
weighted_astar,1,12.899494936611667,8,0.03170000854879618,11,20,0.7,29,29
jps_like,1,12.899494936611667,8,0.04509999416768551,11,20,0.7,29,29
improved_astar,1,9.650281539872886,3,0.059300000430084765,13,20,0.7,29,29
dijkstra,1,10.242640687119284,2,0.628499998128973,187,40,0.3,0,0
astar,1,10.242640687119284,3,0.059300000430084765,13,40,0.3,0,0
weighted_astar,1,10.242640687119286,3,0.05099999543745071,12,40,0.3,0,0
jps_like,1,10.242640687119284,4,0.12870000500697643,13,40,0.3,0,0
improved_astar,1,9.34166020071207,1,0.10469999688211828,11,40,0.3,0,0
dijkstra,1,9.82842712474619,3,0.5805999971926212,171,40,0.3,1,1
astar,1,9.82842712474619,3,0.04909999552182853,10,40,0.3,1,1
weighted_astar,1,9.82842712474619,3,0.06160000339150429,14,40,0.3,1,1
jps_like,1,9.82842712474619,4,0.06859999848529696,6,40,0.3,1,1
improved_astar,1,9.47213595499958,3,0.06599999323952943,6,40,0.3,1,1
dijkstra,1,6.242640687119286,3,0.20640000002458692,66,40,0.3,2,2
astar,1,6.242640687119286,3,0.026900001103058457,6,40,0.3,2,2
weighted_astar,1,6.242640687119286,1,0.025000001187436283,6,40,0.3,2,2
jps_like,1,6.242640687119285,1,0.03290000313427299,4,40,0.3,2,2
improved_astar,1,5.841619252963779,1,0.021700005163438618,3,40,0.3,2,2
dijkstra,1,22.142135623730955,9,2.500200003851205,774,40,0.3,3,3
astar,1,22.142135623730955,9,0.23710000095888972,52,40,0.3,3,3
weighted_astar,1,22.142135623730955,5,0.10629999451339245,21,40,0.3,3,3
jps_like,1,22.14213562373095,10,0.4928999987896532,52,40,0.3,3,3
improved_astar,1,19.871997787639643,3,0.1340000017080456,11,40,0.3,3,3
dijkstra,1,21.07106781186548,7,1.747999995131977,553,40,0.3,4,4
astar,1,21.07106781186548,6,0.16229999891947955,36,40,0.3,4,4
weighted_astar,1,21.89949493661167,6,0.13169999874662608,30,40,0.3,4,4
jps_like,1,21.071067811865476,8,0.24140000459738076,23,40,0.3,4,4
improved_astar,1,19.84600658362259,4,0.23580000561196357,23,40,0.3,4,4
dijkstra,1,16.65685424949238,6,0.7103999960236251,227,40,0.3,5,5
astar,1,16.65685424949238,6,0.19289999909233302,46,40,0.3,5,5
weighted_astar,1,17.48528137423857,7,0.09339999814983457,19,40,0.3,5,5
jps_like,1,16.65685424949238,7,0.42299999040551484,46,40,0.3,5,5
improved_astar,1,15.783530439226077,2,0.1584999990882352,14,40,0.3,5,5
dijkstra,1,23.72792206135786,9,2.3526000004494563,724,40,0.3,6,6
astar,1,23.72792206135786,11,0.25689999165479094,56,40,0.3,6,6
weighted_astar,1,24.55634918610405,13,0.13270000636111945,28,40,0.3,6,6
jps_like,1,23.727922061357855,7,0.4757999995490536,46,40,0.3,6,6
improved_astar,1,22.088156853215224,4,0.23130000045057386,22,40,0.3,6,6
dijkstra,1,45.52691193458117,15,3.168799987179227,992,40,0.3,7,7
astar,1,45.52691193458117,16,0.32469999860040843,78,40,0.3,7,7
weighted_astar,1,45.52691193458117,16,0.19859999883919954,41,40,0.3,7,7
jps_like,1,45.526911934581165,16,0.6539000023622066,66,40,0.3,7,7
improved_astar,1,43.34581091318302,11,0.2558999985922128,24,40,0.3,7,7
dijkstra,1,25.899494936611667,13,1.5476999979000539,501,40,0.3,8,8
astar,1,25.899494936611667,13,0.2871000033337623,68,40,0.3,8,8
weighted_astar,1,26.72792206135786,14,0.1255999959539622,27,40,0.3,8,8
jps_like,1,25.899494936611667,15,0.6043000030331314,69,40,0.3,8,8
improved_astar,1,23.634413615167958,7,0.24709998979233205,25,40,0.3,8,8
dijkstra,1,48.28427124746189,25,3.3841999975265935,1116,40,0.3,9,9
astar,1,48.28427124746189,26,1.6965999966487288,439,40,0.3,9,9
weighted_astar,1,48.284271247461895,20,0.5430000019259751,141,40,0.3,9,9
jps_like,1,48.28427124746189,25,3.5807999956887215,439,40,0.3,9,9
improved_astar,1,43.544191758996654,12,1.0134999902220443,130,40,0.3,9,9
dijkstra,1,47.870057685088796,22,3.249300003517419,1095,40,0.3,10,10
astar,1,47.870057685088796,21,1.7542999994475394,438,40,0.3,10,10
weighted_astar,1,47.870057685088796,21,0.6585000082850456,166,40,0.3,10,10
jps_like,1,47.870057685088796,20,3.508300011162646,436,40,0.3,10,10
improved_astar,1,45.52432955605104,14,1.115799997933209,135,40,0.3,10,10
dijkstra,1,33.97056274847714,9,2.6286000065738335,835,40,0.3,11,11
astar,1,33.97056274847714,11,0.4413999995449558,108,40,0.3,11,11
weighted_astar,1,34.798989873223334,16,0.15509998775087297,33,40,0.3,11,11
jps_like,1,33.970562748477136,13,0.8516999951098114,106,40,0.3,11,11
improved_astar,1,32.579533583817216,10,0.20300000323913991,22,40,0.3,11,11
dijkstra,1,14.485281374238571,3,1.152700002421625,361,40,0.3,12,12
astar,1,14.485281374238571,3,0.13770000077784061,34,40,0.3,12,12
weighted_astar,1,14.485281374238571,3,0.06720000237692147,14,40,0.3,12,12
jps_like,1,14.48528137423857,5,0.24110000231303275,25,40,0.3,12,12
improved_astar,1,13.683234126713366,1,0.07619999814778566,7,40,0.3,12,12
dijkstra,1,18.313708498984763,5,1.3710999919567257,433,40,0.3,13,13
astar,1,18.313708498984763,5,0.31289999606087804,80,40,0.3,13,13
weighted_astar,1,18.313708498984763,7,0.18350000027567148,45,40,0.3,13,13
jps_like,1,18.31370849898476,6,0.7234000077005476,78,40,0.3,13,13
improved_astar,1,16.53565787126474,3,0.4065000102855265,48,40,0.3,13,13
dijkstra,1,8.242640687119284,3,0.42449998727533966,129,40,0.3,14,14
astar,1,8.242640687119284,4,0.04120000812690705,9,40,0.3,14,14
weighted_astar,1,8.242640687119284,4,0.03449998621363193,8,40,0.3,14,14
jps_like,1,8.242640687119284,4,0.08519999391864985,8,40,0.3,14,14
improved_astar,1,7.414213562373095,2,0.07330000516958535,7,40,0.3,14,14
dijkstra,1,33.041630560342625,11,2.697100004297681,824,40,0.3,15,15
astar,1,33.041630560342625,11,0.5070000042906031,125,40,0.3,15,15
weighted_astar,1,33.627416997969526,15,0.2721999917412177,63,40,0.3,15,15
jps_like,1,33.04163056034262,13,1.0998999932780862,124,40,0.3,15,15
improved_astar,1,31.967886951989804,9,0.35620000562630594,41,40,0.3,15,15
dijkstra,1,41.52691193458118,13,2.9808999970555305,1000,40,0.3,16,16
astar,1,41.52691193458118,13,0.3846000035991892,67,40,0.3,16,16
weighted_astar,1,41.52691193458118,17,0.16110000433400273,33,40,0.3,16,16
jps_like,1,41.526911934581165,14,0.4954000032739714,47,40,0.3,16,16
improved_astar,1,39.66020654732654,6,0.21379999816417694,21,40,0.3,16,16
dijkstra,1,23.242640687119284,6,1.8485000036889687,609,40,0.3,17,17
astar,1,23.242640687119284,6,0.1635999942664057,36,40,0.3,17,17
weighted_astar,1,23.242640687119284,5,0.16480000340379775,25,40,0.3,17,17
jps_like,1,23.242640687119284,7,0.37790001078974456,36,40,0.3,17,17
improved_astar,1,22.321144652803227,3,0.16209999739658087,14,40,0.3,17,17
dijkstra,1,16.899494936611667,7,0.8142000006046146,278,40,0.3,18,18
astar,1,16.899494936611667,5,0.06769999163225293,15,40,0.3,18,18
weighted_astar,1,16.899494936611667,5,0.0627999979769811,15,40,0.3,18,18
jps_like,1,16.899494936611667,7,0.08620000153314322,9,40,0.3,18,18
improved_astar,1,16.498473502456157,4,0.08469999011140317,9,40,0.3,18,18
dijkstra,1,34.698484809835,9,2.548800010117702,781,40,0.3,19,19
astar,1,34.69848480983501,8,0.28619999648071826,64,40,0.3,19,19
weighted_astar,1,34.69848480983501,8,0.2502999996067956,28,40,0.3,19,19
jps_like,1,34.698484809834994,10,0.34589999995660037,33,40,0.3,19,19
improved_astar,1,33.337332088230916,4,0.17889999435283244,17,40,0.3,19,19
dijkstra,1,33.55634918610404,6,3.1186000123852864,990,40,0.3,20,20
astar,1,33.55634918610404,10,0.8046999864745885,155,40,0.3,20,20
weighted_astar,1,35.21320343559643,12,0.19710000196937472,38,40,0.3,20,20
jps_like,1,33.55634918610404,12,1.1373000015737489,130,40,0.3,20,20
improved_astar,1,30.69240206426546,7,0.31709999893791974,22,40,0.3,20,20
dijkstra,1,34.798989873223334,9,2.9101999971317127,857,40,0.3,21,21
astar,1,34.798989873223334,11,0.3361999988555908,69,40,0.3,21,21
weighted_astar,1,37.87005768508881,13,0.19160000374540687,44,40,0.3,21,21
jps_like,1,34.79898987322333,14,0.6233999883988872,69,40,0.3,21,21
improved_astar,1,34.580226205186065,9,0.3268999862484634,37,40,0.3,21,21
dijkstra,1,13.65685424949238,3,1.14749999193009,344,40,0.3,22,22
astar,1,13.65685424949238,4,0.08480000542476773,17,40,0.3,22,22
weighted_astar,1,13.65685424949238,4,0.08369999704882503,19,40,0.3,22,22
jps_like,1,13.65685424949238,2,0.12299999070819467,11,40,0.3,22,22
improved_astar,1,12.68372892345421,2,0.07520000508520752,6,40,0.3,22,22
dijkstra,1,31.041630560342625,5,3.0427000019699335,1003,40,0.3,23,23
astar,1,31.041630560342625,5,0.2792000013869256,72,40,0.3,23,23
weighted_astar,1,31.041630560342625,3,0.11630001245066524,25,40,0.3,23,23
jps_like,1,31.041630560342615,8,0.4444999940460548,50,40,0.3,23,23
improved_astar,1,30.00332200131327,3,0.1742999884299934,17,40,0.3,23,23
dijkstra,1,30.899494936611667,10,4.062899999553338,909,40,0.3,24,24
astar,1,30.899494936611667,12,0.7213000062620267,108,40,0.3,24,24
weighted_astar,1,30.899494936611667,12,0.3273999900557101,48,40,0.3,24,24
jps_like,1,30.899494936611664,10,1.4631000085501,108,40,0.3,24,24
improved_astar,1,29.128741209630782,6,0.5773000011686236,31,40,0.3,24,24
dijkstra,1,42.21320343559641,16,3.5973000049125403,1041,40,0.3,25,25
astar,1,42.21320343559641,19,1.4792000001762062,367,40,0.3,25,25
weighted_astar,1,42.21320343559642,20,0.5485000001499429,125,40,0.3,25,25
jps_like,1,42.21320343559641,18,3.1411999952979386,367,40,0.3,25,25
improved_astar,1,37.465723173284985,12,1.1031000030925497,120,40,0.3,25,25
dijkstra,1,27.798989873223338,16,2.6114000065717846,761,40,0.3,26,26
astar,1,27.798989873223338,9,0.33880000410135835,65,40,0.3,26,26
weighted_astar,1,28.970562748477146,14,0.15260001237038523,31,40,0.3,26,26
jps_like,1,27.79898987322333,12,0.34500000765547156,36,40,0.3,26,26
improved_astar,1,27.477269823802125,8,0.23749998945277184,24,40,0.3,26,26
dijkstra,1,11.65685424949238,4,0.7515000033890828,204,40,0.3,27,27
astar,1,11.65685424949238,4,0.07219999679364264,16,40,0.3,27,27
weighted_astar,1,11.65685424949238,2,0.053800002206116915,12,40,0.3,27,27
jps_like,1,11.65685424949238,4,0.06420000863727182,7,40,0.3,27,27
improved_astar,1,10.831309558117031,2,0.05490001058205962,6,40,0.3,27,27
dijkstra,1,6.242640687119286,1,0.30869999318383634,89,40,0.3,28,28
astar,1,6.242640687119286,1,0.04430000262800604,9,40,0.3,28,28
weighted_astar,1,6.242640687119286,1,0.02849999873433262,6,40,0.3,28,28
jps_like,1,6.242640687119285,1,0.08700000762473792,8,40,0.3,28,28
improved_astar,1,5.841619252963779,1,0.036900004488416016,3,40,0.3,28,28
dijkstra,1,15.828427124746192,2,1.517299999250099,452,40,0.3,29,29
astar,1,15.828427124746192,2,0.07660000119358301,17,40,0.3,29,29
weighted_astar,1,16.656854249492383,5,0.08480000542476773,17,40,0.3,29,29
jps_like,1,15.82842712474619,3,0.07919999188743532,7,40,0.3,29,29
improved_astar,1,15.233345472033855,2,0.07660000119358301,7,40,0.3,29,29
dijkstra,1,1.4142135623730951,0,0.014000004739500582,4,40,0.7,0,0
astar,1,1.4142135623730951,0,0.006699992809444666,2,40,0.7,0,0
weighted_astar,1,1.4142135623730951,0,0.004999994416721165,2,40,0.7,0,0
jps_like,1,1.4142135623730951,0,0.009499999578110874,2,40,0.7,0,0
improved_astar,1,1.4142135623730951,0,0.008799994247965515,2,40,0.7,0,0
dijkstra,1,8.071067811865476,3,0.05800000508315861,18,40,0.7,1,1
astar,1,8.071067811865476,3,0.02549999044276774,7,40,0.7,1,1
weighted_astar,1,8.071067811865476,3,0.02239999594166875,7,40,0.7,1,1
jps_like,1,8.071067811865476,3,0.038700003642588854,7,40,0.7,1,1
improved_astar,1,6.8863495173726745,3,0.048300003982149065,10,40,0.7,1,1
dijkstra,1,12.899494936611667,6,0.06980000762268901,24,40,0.7,2,2
astar,1,12.899494936611667,6,0.06709998706355691,21,40,0.7,2,2
weighted_astar,1,12.899494936611667,6,0.05980000423733145,19,40,0.7,2,2
jps_like,1,12.899494936611665,6,0.09679999493528157,19,40,0.7,2,2
improved_astar,1,11.12899020449196,5,0.0990999978967011,22,40,0.7,2,2
dijkstra,1,3.414213562373095,1,0.06730000313837081,17,40,0.7,3,4
astar,1,3.414213562373095,1,0.023500004317611456,5,40,0.7,3,4
weighted_astar,1,3.414213562373095,1,0.01999999221879989,5,40,0.7,3,4
jps_like,1,3.414213562373095,1,0.03359999391250312,5,40,0.7,3,4
improved_astar,1,3.414213562373095,1,0.03339999238960445,5,40,0.7,3,4
dijkstra,1,3.414213562373095,1,0.03359999391250312,11,40,0.7,4,5
astar,1,3.414213562373095,1,0.014700010069645941,4,40,0.7,4,5
weighted_astar,1,3.414213562373095,1,0.01309999788645655,4,40,0.7,4,5
jps_like,1,3.414213562373095,1,0.025300003471784294,3,40,0.7,4,5
improved_astar,1,3.414213562373095,1,0.022199994418770075,4,40,0.7,4,5
dijkstra,1,2.8284271247461903,1,0.04119999357499182,9,40,0.7,5,6
astar,1,2.8284271247461903,1,0.015199999324977398,3,40,0.7,5,6
weighted_astar,1,2.8284271247461903,1,0.015600002370774746,3,40,0.7,5,6
jps_like,1,2.8284271247461903,1,0.020799998310394585,3,40,0.7,5,6
improved_astar,1,2.0,0,0.019500002963468432,3,40,0.7,5,6
dijkstra,1,25.384776310850242,13,0.1247000036528334,35,40,0.7,6,7
astar,1,25.384776310850242,13,0.08340000931639224,29,40,0.7,6,7
weighted_astar,1,25.384776310850242,13,0.08290000550914556,29,40,0.7,6,7
jps_like,1,25.38477631085024,13,0.11330000415910035,27,40,0.7,6,7
improved_astar,1,21.24483498974493,7,0.11819999781437218,29,40,0.7,6,7
dijkstra,1,23.798989873223338,12,0.23700000019744039,86,40,0.7,7,8
astar,1,23.798989873223338,11,0.13609998859465122,43,40,0.7,7,8
weighted_astar,1,23.798989873223338,11,0.11809999705292284,38,40,0.7,7,8
jps_like,1,23.79898987322333,11,0.19719998817890882,41,40,0.7,7,8
improved_astar,1,20.015339721864635,7,0.25560001085978,53,40,0.7,7,8
dijkstra,1,8.242640687119284,3,0.028099995688535273,9,40,0.7,8,9
astar,1,8.242640687119284,3,0.023999993572942913,8,40,0.7,8,9
weighted_astar,1,8.242640687119284,3,0.10449999535921961,8,40,0.7,8,9
jps_like,1,8.242640687119284,3,0.05219999002292752,8,40,0.7,8,9
improved_astar,1,7.23606797749979,3,0.035200006095692515,8,40,0.7,8,9
dijkstra,1,5.242640687119286,3,0.04089999129064381,12,40,0.7,9,10
astar,1,5.242640687119286,3,0.020199993741698563,6,40,0.7,9,10
weighted_astar,1,5.242640687119286,3,0.015300000086426735,5,40,0.7,9,10
jps_like,1,5.242640687119286,3,0.0278999941656366,6,40,0.7,9,10
improved_astar,1,4.23606797749979,1,0.03060000017285347,7,40,0.7,9,10
dijkstra,1,4.82842712474619,3,0.0636000040685758,21,40,0.7,10,11
astar,1,4.82842712474619,1,0.02099999983329326,5,40,0.7,10,11
weighted_astar,1,4.82842712474619,1,0.018799997633323073,5,40,0.7,10,11
jps_like,1,4.82842712474619,1,0.020799998310394585,3,40,0.7,10,11
improved_astar,1,4.82842712474619,1,0.04560001252684742,8,40,0.7,10,11
dijkstra,1,3.414213562373095,2,0.027700007194653153,8,40,0.7,11,12
astar,1,3.414213562373095,2,0.016399993910454214,4,40,0.7,11,12
weighted_astar,1,3.414213562373095,2,0.013199998647905886,4,40,0.7,11,12
jps_like,1,3.414213562373095,2,0.02099999983329326,4,40,0.7,11,12
improved_astar,1,3.23606797749979,1,0.019700004486367106,4,40,0.7,11,12
dijkstra,1,7.65685424949238,3,0.13390000094659626,24,40,0.7,12,14
astar,1,7.65685424949238,3,0.0329999893438071,9,40,0.7,12,14
weighted_astar,1,7.65685424949238,5,0.025200002710334957,8,40,0.7,12,14
jps_like,1,7.65685424949238,3,0.06269999721553177,9,40,0.7,12,14
improved_astar,1,6.47213595499958,1,0.05839999357704073,11,40,0.7,12,14
dijkstra,1,4.242640687119286,2,0.03720000677276403,12,40,0.7,13,15
astar,1,4.242640687119286,2,0.01589999010320753,5,40,0.7,13,15
weighted_astar,1,4.242640687119286,2,0.012099990271963179,4,40,0.7,13,15
jps_like,1,4.242640687119286,2,0.02269999822601676,5,40,0.7,13,15
improved_astar,1,3.414213562373095,1,0.022799998987466097,5,40,0.7,13,15
dijkstra,1,6.242640687119286,2,0.041099992813542485,14,40,0.7,14,16
astar,1,6.242640687119286,2,0.022100008209235966,6,40,0.7,14,16
weighted_astar,1,6.242640687119286,2,0.020199993741698563,6,40,0.7,14,16
jps_like,1,6.242640687119286,2,0.02469999890308827,5,40,0.7,14,16
improved_astar,1,5.23606797749979,2,0.03399999695830047,7,40,0.7,14,16
dijkstra,1,1.0,0,0.018800012185238302,2,40,0.7,15,18
astar,1,1.0,0,0.0109999964479357,2,40,0.7,15,18
weighted_astar,1,1.0,0,0.007199996616691351,2,40,0.7,15,18
jps_like,1,1.0,0,0.01060000795405358,2,40,0.7,15,18
improved_astar,1,1.0,0,0.010500007192604244,2,40,0.7,15,18
dijkstra,1,5.656854249492381,0,0.04570001328829676,15,40,0.7,16,19
astar,1,5.656854249492381,0,0.020199993741698563,5,40,0.7,16,19
weighted_astar,1,5.656854249492381,0,0.017700003809295595,5,40,0.7,16,19
jps_like,1,5.65685424949238,1,0.01850000990089029,3,40,0.7,16,19
improved_astar,1,5.656854249492381,0,0.04260000423528254,8,40,0.7,16,19
dijkstra,1,17.313708498984763,10,0.13699999544769526,47,40,0.7,17,21
astar,1,17.313708498984763,10,0.06459999713115394,21,40,0.7,17,21
weighted_astar,1,17.313708498984763,10,0.05740000051446259,20,40,0.7,17,21
jps_like,1,17.31370849898476,10,0.09020000288728625,20,40,0.7,17,21
improved_astar,1,14.714776642118865,6,0.09169999975711107,21,40,0.7,17,21
dijkstra,1,16.55634918610405,5,0.08499999239575118,31,40,0.7,18,22
astar,1,16.55634918610405,7,0.08589999924879521,29,40,0.7,18,22
weighted_astar,1,16.55634918610405,7,0.08869999146554619,27,40,0.7,18,22
jps_like,1,16.556349186104043,5,0.12959999730810523,29,40,0.7,18,22
improved_astar,1,11.67004637770997,4,0.12889999197795987,29,40,0.7,18,22
dijkstra,1,3.414213562373095,2,0.03959999594371766,12,40,0.7,19,23
astar,1,3.414213562373095,2,0.015900004655122757,4,40,0.7,19,23
weighted_astar,1,3.414213562373095,1,0.014599994756281376,4,40,0.7,19,23
jps_like,1,3.414213562373095,2,0.023999993572942913,4,40,0.7,19,23
improved_astar,1,3.1622776601683795,0,0.027999994927085936,5,40,0.7,19,23
dijkstra,1,2.8284271247461903,0,0.014699995517730713,4,40,0.7,20,24
astar,1,2.8284271247461903,0,0.008799994247965515,3,40,0.7,20,24
weighted_astar,1,2.8284271247461903,0,0.007099995855242014,3,40,0.7,20,24
jps_like,1,2.8284271247461903,0,0.005500012775883079,2,40,0.7,20,24
improved_astar,1,2.8284271247461903,0,0.011500000255182385,3,40,0.7,20,24
dijkstra,1,12.485281374238571,7,0.08379999781027436,32,40,0.7,21,25
astar,1,12.485281374238571,7,0.05160000000614673,17,40,0.7,21,25
weighted_astar,1,12.485281374238571,9,0.042400002712383866,14,40,0.7,21,25
jps_like,1,12.485281374238571,6,0.08090000483207405,17,40,0.7,21,25
improved_astar,1,9.122417494872465,3,0.0923999905353412,20,40,0.7,21,25
dijkstra,1,10.071067811865476,5,0.08129999332595617,30,40,0.7,22,26
astar,1,10.071067811865476,4,0.04440000338945538,12,40,0.7,22,26
weighted_astar,1,10.071067811865476,4,0.03929999365936965,11,40,0.7,22,26
jps_like,1,10.071067811865476,4,0.05750000127591193,10,40,0.7,22,26
improved_astar,1,9.53663105724556,2,0.09709999721962959,19,40,0.7,22,26
dijkstra,1,1.4142135623730951,0,0.005599998985417187,2,40,0.7,23,27
astar,1,1.4142135623730951,0,0.0046000059228390455,2,40,0.7,23,27
weighted_astar,1,1.4142135623730951,0,0.0034999975468963385,2,40,0.7,23,27
jps_like,1,1.4142135623730951,0,0.0048000074457377195,2,40,0.7,23,27
improved_astar,1,1.4142135623730951,0,0.0045000051613897085,2,40,0.7,23,27
dijkstra,1,9.485281374238571,4,0.09980000322684646,30,40,0.7,24,28
astar,1,9.485281374238571,4,0.05189998773857951,14,40,0.7,24,28
weighted_astar,1,9.485281374238571,4,0.030199997127056122,9,40,0.7,24,28
jps_like,1,9.485281374238571,4,0.07310000364668667,14,40,0.7,24,28
improved_astar,1,7.47213595499958,3,0.1762000028975308,19,40,0.7,24,28
dijkstra,1,1.0,0,0.015199999324977398,3,40,0.7,25,29
astar,1,1.0,0,0.006599992047995329,2,40,0.7,25,29
weighted_astar,1,1.0,0,0.0041000021155923605,2,40,0.7,25,29
jps_like,1,1.0,0,0.006499991286545992,2,40,0.7,25,29
improved_astar,1,1.0,0,0.006499991286545992,2,40,0.7,25,29
dijkstra,1,7.65685424949238,3,0.06639999628532678,20,40,0.7,26,30
astar,1,7.65685424949238,3,0.029300004825927317,9,40,0.7,26,30
weighted_astar,1,7.65685424949238,3,0.02579999272711575,9,40,0.7,26,30
jps_like,1,7.65685424949238,3,0.04289999196771532,8,40,0.7,26,30
improved_astar,1,6.06449510224598,2,0.05389998841565102,10,40,0.7,26,30
dijkstra,1,1.0,0,0.007099995855242014,2,40,0.7,27,31
astar,1,1.0,0,0.006300004315562546,2,40,0.7,27,31
weighted_astar,1,1.0,0,0.0048000074457377195,2,40,0.7,27,31
jps_like,1,1.0,0,0.008500006515532732,2,40,0.7,27,31
improved_astar,1,1.0,0,0.009199997293762863,2,40,0.7,27,31
dijkstra,1,2.8284271247461903,0,0.023100001271814108,6,40,0.7,28,32
astar,1,2.8284271247461903,0,0.010100004146806896,3,40,0.7,28,32
weighted_astar,1,2.8284271247461903,0,0.008500006515532732,3,40,0.7,28,32
jps_like,1,2.8284271247461903,0,0.009499999578110874,2,40,0.7,28,32
improved_astar,1,2.8284271247461903,0,0.01340000017080456,3,40,0.7,28,32
dijkstra,1,6.242640687119285,3,0.04850000550504774,16,40,0.7,29,33
astar,1,6.242640687119285,3,0.020500010577961802,6,40,0.7,29,33
weighted_astar,1,6.242640687119285,3,0.018699996871873736,6,40,0.7,29,33
jps_like,1,6.242640687119285,3,0.023500004317611456,5,40,0.7,29,33
improved_astar,1,5.8863495173726745,2,0.030399998649954796,7,40,0.7,29,33
dijkstra,1,47.142135623730944,16,10.492200002772734,2981,80,0.3,0,0
astar,1,47.142135623730944,16,0.5767999973613769,136,80,0.3,0,0
weighted_astar,1,47.142135623730944,16,0.29070000164210796,66,80,0.3,0,0
jps_like,1,47.14213562373094,17,1.1669999948935583,134,80,0.3,0,0
improved_astar,1,44.870158590549124,12,0.3595000016503036,36,80,0.3,0,0
dijkstra,1,66.6274169979695,17,9.805499998037703,3204,80,0.3,1,1
astar,1,66.6274169979695,22,1.5466000040760264,378,80,0.3,1,1
weighted_astar,1,68.8700576850888,24,0.47759999870322645,111,80,0.3,1,1
jps_like,1,66.6274169979695,26,3.2894000032683834,385,80,0.3,1,1
improved_astar,1,62.81940460301528,13,0.9034999966388568,90,80,0.3,1,1
dijkstra,1,33.89949493661166,12,3.860899989376776,1176,80,0.3,2,2
astar,1,33.89949493661166,11,0.4014000005554408,93,80,0.3,2,2
weighted_astar,1,33.89949493661167,11,0.17510000907350332,39,80,0.3,2,2
jps_like,1,33.89949493661166,11,0.8138999983202666,97,80,0.3,2,2
improved_astar,1,31.44193613341567,6,0.29209999775048345,30,80,0.3,2,2
dijkstra,1,72.62741699796949,21,10.639800006174482,3548,80,0.3,3,3
astar,1,72.62741699796949,23,1.259500000742264,345,80,0.3,3,3
weighted_astar,1,78.18376618407353,31,0.44100001105107367,100,80,0.3,3,3
jps_like,1,72.62741699796949,24,2.9565000004367903,337,80,0.3,3,3
improved_astar,1,69.87607777710586,15,0.8760000055190176,85,80,0.3,3,3
dijkstra,1,81.39696961966992,34,15.217099993606098,4323,80,0.3,4,4
astar,1,81.39696961966992,30,3.400399989914149,791,80,0.3,4,4
weighted_astar,1,83.74011537017756,33,1.0206000006292015,151,80,0.3,4,4
jps_like,1,81.39696961966995,31,7.218500002636574,791,80,0.3,4,4
improved_astar,1,78.53765886430709,17,1.5516999992541969,161,80,0.3,4,4
dijkstra,1,38.384776310850235,15,8.533599990187213,2552,80,0.3,5,5
astar,1,38.384776310850235,11,0.7184000132838264,166,80,0.3,5,5
weighted_astar,1,39.45584412271572,12,0.18270000873599201,37,80,0.3,5,5
jps_like,1,38.38477631085023,11,1.5760999958729371,170,80,0.3,5,5
improved_astar,1,35.64720851710602,7,0.21519999427255243,17,80,0.3,5,5
dijkstra,1,29.213203435596434,11,4.954199990606867,1352,80,0.3,6,6
astar,1,29.213203435596434,13,0.7310999935725704,148,80,0.3,6,6
weighted_astar,1,29.213203435596434,11,0.21680000645574182,46,80,0.3,6,6
jps_like,1,29.213203435596423,10,1.2177000025985762,140,80,0.3,6,6
improved_astar,1,26.785891162962937,7,0.4673000075854361,43,80,0.3,6,6
dijkstra,1,51.52691193458118,14,6.785599995055236,2135,80,0.3,7,7
astar,1,51.52691193458118,14,0.6255999905988574,124,80,0.3,7,7
weighted_astar,1,53.18376618407355,16,0.2305999951204285,48,80,0.3,7,7
jps_like,1,51.52691193458118,15,0.47790000098757446,45,80,0.3,7,7
improved_astar,1,49.98891737619246,9,0.39370000013150275,37,80,0.3,7,7
dijkstra,1,74.98275605729685,23,9.626799990655854,2948,80,0.3,8,8
astar,1,74.98275605729685,23,1.7026999994413927,403,80,0.3,8,8
weighted_astar,1,75.81118318204304,22,0.37199999496806413,77,80,0.3,8,8
jps_like,1,74.98275605729687,28,3.612999993492849,402,80,0.3,8,8
improved_astar,1,69.36564867020036,14,0.5986000032862648,62,80,0.3,8,8
dijkstra,1,28.55634918610405,11,4.982600003131665,1471,80,0.3,9,9
astar,1,28.55634918610405,9,0.26149999757763,55,80,0.3,9,9
weighted_astar,1,28.55634918610405,5,0.1584000128787011,32,80,0.3,9,9
jps_like,1,28.556349186104047,6,0.5225999921094626,53,80,0.3,9,9
improved_astar,1,26.670908465890413,3,0.22249999165069312,20,80,0.3,9,9
dijkstra,1,48.11269837220809,20,7.833600000594743,2369,80,0.3,10,10
astar,1,48.11269837220809,18,1.0600999958114699,265,80,0.3,10,10
weighted_astar,1,48.11269837220809,18,0.20840000070165843,45,80,0.3,10,10
jps_like,1,48.11269837220807,22,2.2287000028882176,265,80,0.3,10,10
improved_astar,1,43.96253535901513,7,0.3319999959785491,31,80,0.3,10,10
dijkstra,1,78.98275605729684,26,14.181699996697716,4077,80,0.3,11,11
astar,1,78.98275605729684,32,1.7511000041849911,407,80,0.3,11,11
weighted_astar,1,78.98275605729684,29,0.3949999954784289,87,80,0.3,11,11
jps_like,1,78.9827560572969,32,3.2579999970039353,405,80,0.3,11,11
improved_astar,1,75.5462419653869,21,0.6140000041341409,71,80,0.3,11,11
dijkstra,1,63.384776310850214,24,12.846500001614913,3989,80,0.3,12,12
astar,1,63.384776310850214,22,1.2413999938871711,302,80,0.3,12,12
weighted_astar,1,66.69848480983497,25,0.5307999963406473,92,80,0.3,12,12
jps_like,1,63.384776310850214,25,2.725099999224767,302,80,0.3,12,12
improved_astar,1,59.20752549360563,13,0.5862999969394878,57,80,0.3,12,12
dijkstra,1,11.071067811865476,5,0.7213000062620267,222,80,0.3,13,13
astar,1,11.071067811865476,6,0.1213000068673864,30,80,0.3,13,13
weighted_astar,1,11.313708498984763,2,0.06609999400097877,17,80,0.3,13,13
jps_like,1,11.071067811865476,5,0.24310000299010426,28,80,0.3,13,13
improved_astar,1,9.16227766016838,2,0.14170000213198364,15,80,0.3,13,13
dijkstra,1,34.041630560342625,11,6.120799997006543,2023,80,0.3,14,14
astar,1,34.041630560342625,12,0.46350000775419176,121,80,0.3,14,14
weighted_astar,1,34.627416997969526,12,0.19239999528508633,48,80,0.3,14,14
jps_like,1,34.04163056034261,11,0.8535000088158995,95,80,0.3,14,14
improved_astar,1,32.31492961562958,4,0.37370000791270286,40,80,0.3,14,14
dijkstra,1,16.899494936611667,9,1.5333000046666712,468,80,0.3,15,15
astar,1,16.899494936611667,10,0.11690000246744603,26,80,0.3,15,15
weighted_astar,1,16.899494936611667,8,0.0897999998414889,20,80,0.3,15,15
jps_like,1,16.899494936611667,7,0.23200000578071922,25,80,0.3,15,15
improved_astar,1,15.505046212075655,4,0.12710000737570226,13,80,0.3,15,15
dijkstra,1,98.19595949289324,28,14.774199997191317,4455,80,0.3,16,16
astar,1,98.19595949289324,28,1.7536000086693093,432,80,0.3,16,16
weighted_astar,1,99.36753236814704,28,0.4673999937949702,99,80,0.3,16,16
jps_like,1,98.19595949289322,28,4.077700010384433,444,80,0.3,16,16
improved_astar,1,95.43105468264379,20,0.7390999962808564,74,80,0.3,16,16
dijkstra,1,32.31370849898476,12,4.1342000040458515,1213,80,0.3,17,17
astar,1,32.31370849898477,14,0.50889998965431,118,80,0.3,17,17
weighted_astar,1,32.31370849898477,13,0.1903000083984807,42,80,0.3,17,17
jps_like,1,32.31370849898477,12,1.1104000004706904,123,80,0.3,17,17
improved_astar,1,30.02739956892395,6,0.3495999990263954,33,80,0.3,17,17
dijkstra,1,48.041630560342604,18,6.138099997770041,1648,80,0.3,18,18
astar,1,48.041630560342604,17,1.3312999944901094,326,80,0.3,18,18
weighted_astar,1,48.04163056034261,16,0.2823999966494739,64,80,0.3,18,18
jps_like,1,48.041630560342604,19,2.8393999964464456,325,80,0.3,18,18
improved_astar,1,42.64218000725308,8,0.490399994305335,46,80,0.3,18,18
dijkstra,1,19.142135623730955,7,2.4307999992743134,685,80,0.3,19,19
astar,1,19.142135623730955,5,0.22810000518802553,51,80,0.3,19,19
weighted_astar,1,19.142135623730955,5,0.09500001033302397,19,80,0.3,19,19
jps_like,1,19.14213562373095,6,0.5725999944843352,51,80,0.3,19,19
improved_astar,1,18.385511150574033,3,0.1581999968038872,13,80,0.3,19,19
dijkstra,1,32.14213562373095,8,5.97530000959523,1830,80,0.3,20,20
astar,1,32.14213562373095,6,0.26849999267142266,56,80,0.3,20,20
weighted_astar,1,32.97056274847714,8,0.13500000932253897,29,80,0.3,20,20
jps_like,1,32.14213562373095,8,0.4596999933710322,36,80,0.3,20,20
improved_astar,1,30.598802222484366,3,0.39400000241585076,15,80,0.3,20,20
dijkstra,1,31.313708498984763,8,4.647399997338653,1375,80,0.3,21,21
astar,1,31.313708498984763,10,0.5768999981228262,137,80,0.3,21,21
weighted_astar,1,32.14213562373095,16,0.20429999858606607,49,80,0.3,21,21
jps_like,1,31.31370849898476,10,1.0750999936135486,134,80,0.3,21,21
improved_astar,1,28.861874508327514,8,0.30810000316705555,34,80,0.3,21,21
dijkstra,1,13.65685424949238,5,0.9168999968096614,299,80,0.3,22,22
astar,1,13.656854249492381,7,0.1432999997632578,36,80,0.3,22,22
weighted_astar,1,13.656854249492381,6,0.07189999450929463,17,80,0.3,22,22
jps_like,1,13.65685424949238,5,0.22570000146515667,26,80,0.3,22,22
improved_astar,1,12.246211251235321,1,0.11980000999756157,13,80,0.3,22,22
dijkstra,1,60.627416997969505,26,7.136300002457574,2010,80,0.3,23,23
astar,1,60.627416997969505,24,1.4420999941648915,329,80,0.3,23,23
weighted_astar,1,60.627416997969505,23,0.31960000342223793,63,80,0.3,23,23
jps_like,1,60.627416997969505,23,2.995800008648075,327,80,0.3,23,23
improved_astar,1,56.16044976076178,13,0.49390000640414655,43,80,0.3,23,23
dijkstra,1,58.94112549695424,23,8.879600005457178,2675,80,0.3,24,24
astar,1,58.941125496954264,17,0.34509999386500567,78,80,0.3,24,24
weighted_astar,1,62.59797974644664,26,0.30390000029001385,74,80,0.3,24,24
jps_like,1,58.941125496954264,21,0.5647000070894137,60,80,0.3,24,24
improved_astar,1,56.34166910222874,11,0.40019999141804874,38,80,0.3,24,24
dijkstra,1,41.284271247461895,12,3.8531000027433038,1250,80,0.3,25,25
astar,1,41.284271247461895,12,0.483900003018789,121,80,0.3,25,25
weighted_astar,1,41.8700576850888,17,0.18640000780578703,41,80,0.3,25,25
jps_like,1,41.28427124746188,11,0.5960999988019466,73,80,0.3,25,25
improved_astar,1,39.51353530943786,10,0.24009999469853938,24,80,0.3,25,25
dijkstra,1,43.52691193458117,13,8.140799996908754,2704,80,0.3,26,26
astar,1,43.52691193458117,8,0.32219999411609024,72,80,0.3,26,26
weighted_astar,1,43.52691193458117,8,0.1846000086516142,41,80,0.3,26,26
jps_like,1,43.52691193458118,14,0.25070000265259296,24,80,0.3,26,26
improved_astar,1,41.44265565215493,3,0.24800001119729131,22,80,0.3,26,26
dijkstra,1,38.627416997969526,15,7.351499996730126,2250,80,0.3,27,27
astar,1,38.627416997969526,13,0.45050001062918454,106,80,0.3,27,27
weighted_astar,1,39.45584412271572,12,0.21079998987261206,47,80,0.3,27,27
jps_like,1,38.62741699796952,16,0.9155000007012859,102,80,0.3,27,27
improved_astar,1,36.72219741038846,6,0.33510000503156334,33,80,0.3,27,27
dijkstra,1,75.28427124746186,20,10.52239999989979,3286,80,0.3,28,28
astar,1,75.28427124746186,20,2.3215000110212713,655,80,0.3,28,28
weighted_astar,1,79.42640687119282,27,0.6298000080278143,139,80,0.3,28,28
jps_like,1,75.28427124746186,25,5.297999989124946,659,80,0.3,28,28
improved_astar,1,73.90536405246979,19,0.8766999962972477,107,80,0.3,28,28
dijkstra,1,23.384776310850242,7,3.227199995308183,961,80,0.3,29,29
astar,1,23.384776310850242,9,0.17749999824445695,43,80,0.3,29,29
weighted_astar,1,23.970562748477146,12,0.09010000212583691,22,80,0.3,29,29
jps_like,1,23.38477631085023,7,0.29260000155773014,38,80,0.3,29,29
improved_astar,1,22.56958802330023,7,0.152299995534122,18,80,0.3,29,29
dijkstra,1,2.8284271247461903,1,0.027799993404187262,6,80,0.7,0,3
astar,1,2.8284271247461903,1,0.011500000255182385,3,80,0.7,0,3
weighted_astar,1,2.8284271247461903,1,0.008399991202168167,3,80,0.7,0,3
jps_like,1,2.8284271247461903,1,0.01679999695625156,3,80,0.7,0,3
improved_astar,1,2.0,0,0.015300000086426735,3,80,0.7,0,3
dijkstra,1,3.414213562373095,2,0.0422999873990193,11,80,0.7,1,8
astar,1,3.414213562373095,2,0.017099999240599573,4,80,0.7,1,8
weighted_astar,1,3.414213562373095,2,0.012600008631125093,4,80,0.7,1,8
jps_like,1,3.414213562373095,2,0.02300000051036477,4,80,0.7,1,8
improved_astar,1,2.8284271247461903,0,0.030800001695752144,5,80,0.7,1,8
dijkstra,1,3.82842712474619,1,0.2843999973265454,11,80,0.7,2,9
astar,1,3.82842712474619,2,0.01679999695625156,4,80,0.7,2,9
weighted_astar,1,3.8284271247461903,1,0.012500007869675756,4,80,0.7,2,9
jps_like,1,3.82842712474619,2,0.0202999945031479,4,80,0.7,2,9
improved_astar,1,3.605551275463989,0,0.030099996365606785,6,80,0.7,2,9
dijkstra,1,2.414213562373095,1,0.024299995857290924,6,80,0.7,3,11
astar,1,2.414213562373095,1,0.011500000255182385,3,80,0.7,3,11
weighted_astar,1,2.414213562373095,1,0.008899995009414852,3,80,0.7,3,11
jps_like,1,2.414213562373095,1,0.014999997802078724,3,80,0.7,3,11
improved_astar,1,2.23606797749979,0,0.01409999094903469,3,80,0.7,3,11
dijkstra,1,2.414213562373095,1,0.0278999941656366,7,80,0.7,4,12
astar,1,2.414213562373095,1,0.011799987987615168,3,80,0.7,4,12
weighted_astar,1,2.414213562373095,1,0.009199997293762863,3,80,0.7,4,12
jps_like,1,2.414213562373095,1,0.014399993233382702,3,80,0.7,4,12
improved_astar,1,2.23606797749979,0,0.03330000618007034,4,80,0.7,4,12
dijkstra,1,7.414213562373095,1,0.06199999188538641,23,80,0.7,5,14
astar,1,7.414213562373095,1,0.025699991965666413,8,80,0.7,5,14
weighted_astar,1,7.414213562373095,1,0.023100001271814108,8,80,0.7,5,14
jps_like,1,7.414213562373095,1,0.020899999071843922,4,80,0.7,5,14
improved_astar,1,7.23606797749979,1,0.046899993321858346,10,80,0.7,5,14
dijkstra,1,6.242640687119285,4,0.054799995268695056,20,80,0.7,6,15
astar,1,6.242640687119285,4,0.027600006433203816,9,80,0.7,6,15
weighted_astar,1,6.242640687119285,4,0.02409999433439225,9,80,0.7,6,15
jps_like,1,6.242640687119285,4,0.0391000066883862,9,80,0.7,6,15
improved_astar,1,4.650281539872885,2,0.04510000871960074,10,80,0.7,6,15
dijkstra,1,10.071067811865476,4,0.07239999831654131,16,80,0.7,7,16
astar,1,10.071067811865476,4,0.03850000211969018,11,80,0.7,7,16
weighted_astar,1,10.071067811865476,4,0.028099995688535273,10,80,0.7,7,16
jps_like,1,10.071067811865476,4,0.050300004659220576,11,80,0.7,7,16
improved_astar,1,9.53663105724556,4,0.07779999577905983,12,80,0.7,7,16
dijkstra,1,2.414213562373095,1,0.035500008380040526,10,80,0.7,8,18
astar,1,2.414213562373095,1,0.012800010154023767,3,80,0.7,8,18
weighted_astar,1,2.414213562373095,1,0.009900002623908222,3,80,0.7,8,18
jps_like,1,2.414213562373095,1,0.017499987734481692,3,80,0.7,8,18
improved_astar,1,2.23606797749979,0,0.035599994589574635,4,80,0.7,8,18
dijkstra,1,2.414213562373095,1,0.02439999661874026,8,80,0.7,9,19
astar,1,2.414213562373095,1,0.010899995686486363,3,80,0.7,9,19
weighted_astar,1,2.414213562373095,1,0.007800001185387373,3,80,0.7,9,19
jps_like,1,2.414213562373095,1,0.01410000550094992,3,80,0.7,9,19
improved_astar,1,2.23606797749979,0,0.018699996871873736,4,80,0.7,9,19
dijkstra,1,28.970562748477146,14,0.27430000773165375,112,80,0.7,10,21
astar,1,28.970562748477146,16,0.11969999468419701,40,80,0.7,10,21
weighted_astar,1,28.970562748477146,16,0.09849999332800508,32,80,0.7,10,21
jps_like,1,28.970562748477143,15,0.18000000272877514,40,80,0.7,10,21
improved_astar,1,25.96399003885765,10,0.24979999579954892,61,80,0.7,10,21
dijkstra,1,5.82842712474619,1,0.039000005926936865,13,80,0.7,11,23
astar,1,5.82842712474619,1,0.018600010662339628,6,80,0.7,11,23
weighted_astar,1,5.82842712474619,1,0.01920000067912042,7,80,0.7,11,23
jps_like,1,5.82842712474619,1,0.015999990864656866,3,80,0.7,11,23
improved_astar,1,5.82842712474619,1,0.028399997972883284,7,80,0.7,11,23
dijkstra,1,7.65685424949238,2,0.04600000102072954,19,80,0.7,12,24
astar,1,7.65685424949238,2,0.026399997295811772,9,80,0.7,12,24
weighted_astar,1,7.65685424949238,2,0.022100008209235966,8,80,0.7,12,24
jps_like,1,7.65685424949238,3,0.039699996705166996,9,80,0.7,12,24
improved_astar,1,6.47213595499958,1,0.0518000015290454,12,80,0.7,12,24
dijkstra,1,5.656854249492381,0,0.05220000457484275,19,80,0.7,13,25
astar,1,5.656854249492381,0,0.015500001609325409,5,80,0.7,13,25
weighted_astar,1,5.656854249492381,0,0.012400007108226418,5,80,0.7,13,25
jps_like,1,5.65685424949238,1,0.022100008209235966,5,80,0.7,13,25
improved_astar,1,5.656854249492381,0,0.025999994250014424,6,80,0.7,13,25
dijkstra,1,2.8284271247461903,1,0.04949999856762588,9,80,0.7,14,26
astar,1,2.8284271247461903,1,0.012599994079209864,3,80,0.7,14,26
weighted_astar,1,2.8284271247461903,1,0.009800001862458885,3,80,0.7,14,26
jps_like,1,2.8284271247461903,1,0.060000005760230124,3,80,0.7,14,26
improved_astar,1,2.8284271247461903,1,0.021200001356191933,3,80,0.7,14,26
dijkstra,1,11.656854249492381,7,0.0864000030560419,32,80,0.7,15,27
astar,1,11.656854249492381,7,0.05089999467600137,17,80,0.7,15,27
weighted_astar,1,11.656854249492381,7,0.044500004150904715,16,80,0.7,15,27
jps_like,1,11.656854249492381,7,0.07150000601541251,16,80,0.7,15,27
improved_astar,1,10.06449510224598,4,0.07860000187065452,18,80,0.7,15,27
dijkstra,1,21.55634918610405,9,0.2094999945256859,89,80,0.7,16,28
astar,1,21.55634918610405,9,0.09560000034980476,33,80,0.7,16,28
weighted_astar,1,21.55634918610405,9,0.07389999518636614,25,80,0.7,16,28
jps_like,1,21.556349186104043,9,0.23259999579750001,28,80,0.7,16,28
improved_astar,1,18.422980574618233,5,0.29549999453593045,66,80,0.7,16,28
dijkstra,1,5.414213562373095,1,0.051700000767596066,17,80,0.7,17,30
astar,1,5.414213562373095,1,0.020199993741698563,6,80,0.7,17,30
weighted_astar,1,5.414213562373095,1,0.01720000000204891,6,80,0.7,17,30
jps_like,1,5.414213562373095,2,0.021799991372972727,4,80,0.7,17,30
improved_astar,1,5.23606797749979,1,0.03440000000409782,6,80,0.7,17,30
dijkstra,1,9.656854249492381,6,0.10089999705087394,42,80,0.7,18,31
astar,1,9.656854249492381,6,0.04389999958220869,14,80,0.7,18,31
weighted_astar,1,9.656854249492381,6,0.03189999551977962,11,80,0.7,18,31
jps_like,1,9.656854249492381,6,0.07189999450929463,14,80,0.7,18,31
improved_astar,1,8.06449510224598,3,0.13000000035390258,20,80,0.7,18,31
dijkstra,1,7.82842712474619,3,0.05959998816251755,24,80,0.7,19,32
astar,1,7.82842712474619,3,0.02989999484270811,10,80,0.7,19,32
weighted_astar,1,7.82842712474619,3,0.026000008801929653,10,80,0.7,19,32
jps_like,1,7.82842712474619,3,0.04120000812690705,10,80,0.7,19,32
improved_astar,1,7.82842712474619,3,0.05390000296756625,13,80,0.7,19,32
dijkstra,1,1.0,0,0.019500002963468432,4,80,0.7,20,33
astar,1,1.0,0,0.008399991202168167,2,80,0.7,20,33
weighted_astar,1,1.0,0,0.0053000112529844046,2,80,0.7,20,33
jps_like,1,1.0,0,0.008700008038431406,2,80,0.7,20,33
improved_astar,1,1.0,0,0.008700008038431406,2,80,0.7,20,33
dijkstra,1,1.4142135623730951,0,0.018399994587525725,5,80,0.7,21,34
astar,1,1.4142135623730951,0,0.007599999662488699,2,80,0.7,21,34
weighted_astar,1,1.4142135623730951,0,0.005299996701069176,2,80,0.7,21,34
jps_like,1,1.4142135623730951,0,0.00829999044071883,2,80,0.7,21,34
improved_astar,1,1.4142135623730951,0,0.008100003469735384,2,80,0.7,21,34
dijkstra,1,10.071067811865477,6,0.119399992399849,48,80,0.7,22,36
astar,1,10.071067811865477,6,0.04350001108832657,15,80,0.7,22,36
weighted_astar,1,10.071067811865477,6,0.02950000634882599,10,80,0.7,22,36
jps_like,1,10.071067811865477,6,0.06740000389982015,15,80,0.7,22,36
improved_astar,1,9.06449510224598,4,0.07499998901039362,18,80,0.7,22,36
dijkstra,1,11.313708498984763,4,0.04780000017490238,20,80,0.7,23,37
astar,1,11.313708498984763,4,0.03850000211969018,15,80,0.7,23,37
weighted_astar,1,11.313708498984763,4,0.030499999411404133,12,80,0.7,23,37
jps_like,1,11.313708498984761,4,0.0585000088904053,15,80,0.7,23,37
improved_astar,1,8.0,2,0.062000006437301636,16,80,0.7,23,37
dijkstra,1,5.242640687119285,3,0.02609999501146376,10,80,0.7,24,38
astar,1,5.242640687119285,3,0.015500001609325409,5,80,0.7,24,38
weighted_astar,1,5.242640687119285,3,0.013800003216601908,5,80,0.7,24,38
jps_like,1,5.242640687119285,3,0.022499996703118086,5,80,0.7,24,38
improved_astar,1,3.8284271247461903,2,0.022899999748915434,5,80,0.7,24,38
dijkstra,1,7.0710678118654755,2,0.0830000062705949,33,80,0.7,25,39
astar,1,7.0710678118654755,2,0.025599991204217076,8,80,0.7,25,39
weighted_astar,1,7.0710678118654755,2,0.02020000829361379,7,80,0.7,25,39
jps_like,1,7.071067811865475,2,0.038300000596791506,8,80,0.7,25,39
improved_astar,1,6.242640687119285,2,0.055500000598840415,12,80,0.7,25,39
dijkstra,1,17.313708498984763,11,0.10230000771116465,37,80,0.7,26,41
astar,1,17.313708498984763,11,0.07219999679364264,25,80,0.7,26,41
weighted_astar,1,17.313708498984763,11,0.06269999721553177,23,80,0.7,26,41
jps_like,1,17.313708498984763,11,0.11729999096132815,25,80,0.7,26,41
improved_astar,1,13.300563079745771,5,0.1360000023851171,30,80,0.7,26,41
dijkstra,1,1.4142135623730951,0,0.011099997209385037,2,80,0.7,27,42
astar,1,1.4142135623730951,0,0.005699999746866524,2,80,0.7,27,42
weighted_astar,1,1.4142135623730951,0,0.0033999967854470015,2,80,0.7,27,42
jps_like,1,1.4142135623730951,0,0.0052000104915350676,2,80,0.7,27,42
improved_astar,1,1.4142135623730951,0,0.0046000059228390455,2,80,0.7,27,42
dijkstra,1,4.82842712474619,2,0.04050000279676169,14,80,0.7,28,44
astar,1,4.82842712474619,2,0.015600002370774746,5,80,0.7,28,44
weighted_astar,1,4.82842712474619,2,0.03619999915827066,5,80,0.7,28,44
jps_like,1,4.82842712474619,2,0.026699999580159783,5,80,0.7,28,44
improved_astar,1,4.0,1,0.031000003218650818,8,80,0.7,28,44
dijkstra,1,43.11269837220809,26,0.4462999932002276,195,80,0.7,29,45
astar,1,43.11269837220809,26,0.3234000032534823,132,80,0.7,29,45
weighted_astar,1,43.11269837220809,26,0.2930000046035275,115,80,0.7,29,45
jps_like,1,43.11269837220809,26,0.5234999989625067,132,80,0.7,29,45
improved_astar,1,35.315902801610406,15,0.7902000070316717,144,80,0.7,29,45
dijkstra,1,8.65685424949238,5,0.35119999665766954,119,100,0.3,0,0
astar,1,8.65685424949238,5,0.06969999230932444,20,100,0.3,0,0
weighted_astar,1,8.65685424949238,5,0.062099992646835744,18,100,0.3,0,0
jps_like,1,8.65685424949238,5,0.15020000864751637,20,100,0.3,0,0
improved_astar,1,8.478708664619074,4,0.1326000055996701,18,100,0.3,0,0
dijkstra,1,82.4680374315354,22,20.880900003248826,6180,100,0.3,1,1
astar,1,82.46803743153541,24,0.938299999688752,266,100,0.3,1,1
weighted_astar,1,84.22539674441612,26,0.3991999983554706,108,100,0.3,1,1
jps_like,1,82.46803743153542,26,2.360500002396293,258,100,0.3,1,1
improved_astar,1,80.27348003660515,19,0.7053000008454546,85,100,0.3,1,1
dijkstra,1,101.66904755831207,29,21.515999993425794,6615,100,0.3,2,2
astar,1,101.66904755831207,31,3.253800008678809,849,100,0.3,2,2
weighted_astar,1,107.46803743153541,34,0.662600010400638,139,100,0.3,2,2
jps_like,1,101.66904755831207,39,7.122399998479523,849,100,0.3,2,2
improved_astar,1,98.3301142140669,19,1.11270000343211,120,100,0.3,2,2
dijkstra,1,42.14213562373095,16,5.030300002545118,1731,100,0.3,3,3
astar,1,42.14213562373095,13,0.714000008883886,191,100,0.3,3,3
weighted_astar,1,42.970562748477136,20,0.23839999630581588,63,100,0.3,3,3
jps_like,1,42.14213562373095,15,1.5152999985730276,167,100,0.3,3,3
improved_astar,1,40.007627405153094,12,0.41930000588763505,47,100,0.3,3,3
dijkstra,1,57.041630560342604,22,9.39559999096673,3121,100,0.3,4,4
astar,1,57.041630560342604,22,1.2740999954985455,295,100,0.3,4,4
weighted_astar,1,58.69848480983498,23,0.2646000066306442,63,100,0.3,4,4
jps_like,1,57.0416305603426,20,2.158999996026978,293,100,0.3,4,4
improved_astar,1,54.44739651280369,17,0.42379999649710953,39,100,0.3,4,4
dijkstra,1,25.970562748477146,13,3.5155000077793375,1127,100,0.3,5,5
astar,1,25.970562748477146,9,0.35430000571068376,72,100,0.3,5,5
weighted_astar,1,25.970562748477146,7,0.11039999662898481,27,100,0.3,5,5
jps_like,1,25.97056274847714,8,0.378099997760728,47,100,0.3,5,5
improved_astar,1,24.41120727626401,5,0.18540000019129366,20,100,0.3,5,5
dijkstra,1,80.0121933088197,19,15.14360000146553,4870,100,0.3,6,6
astar,1,80.0121933088197,23,0.384599989047274,87,100,0.3,6,6
weighted_astar,1,83.32590180780447,34,0.6470999942393973,95,100,0.3,6,6
jps_like,1,80.01219330881975,18,0.7146999996621162,55,100,0.3,6,6
improved_astar,1,77.24103418566867,20,0.5411000020103529,56,100,0.3,6,6
dijkstra,1,88.66904755831206,26,25.891800003591925,5051,100,0.3,7,7
astar,1,88.6690475583121,26,4.669700007070787,1047,100,0.3,7,7
weighted_astar,1,90.91168824543138,37,0.6248999998206273,135,100,0.3,7,7
jps_like,1,88.66904755831209,32,8.75409999571275,1044,100,0.3,7,7
improved_astar,1,83.33291514976263,17,0.7562999962829053,79,100,0.3,7,7
dijkstra,1,17.48528137423857,10,1.674500002991408,534,100,0.3,8,8
astar,1,17.48528137423857,10,0.24160000612027943,65,100,0.3,8,8
weighted_astar,1,17.48528137423857,9,0.16630000027362257,44,100,0.3,8,8
jps_like,1,17.48528137423857,7,0.4932000010740012,64,100,0.3,8,8
improved_astar,1,14.546190042020553,3,0.3249000001233071,41,100,0.3,8,8
dijkstra,1,85.81118318204301,23,18.11910000105854,5610,100,0.3,9,9
astar,1,85.81118318204301,28,1.563400001032278,392,100,0.3,9,9
weighted_astar,1,86.63961030678921,35,0.3301999968243763,74,100,0.3,9,9
jps_like,1,85.81118318204305,29,3.358200003276579,391,100,0.3,9,9
improved_astar,1,83.16899964173255,17,0.7189000025391579,74,100,0.3,9,9
dijkstra,1,20.071067811865476,5,1.3897000026190653,446,100,0.3,10,10
astar,1,20.071067811865476,7,0.2783999952953309,69,100,0.3,10,10
weighted_astar,1,20.071067811865476,7,0.11970000923611224,28,100,0.3,10,10
jps_like,1,20.071067811865476,6,0.6059000006644055,69,100,0.3,10,10
improved_astar,1,18.7993783695076,3,0.2094999945256859,19,100,0.3,10,10
dijkstra,1,82.8406204335659,31,21.83359999617096,6629,100,0.3,11,11
astar,1,82.8406204335659,27,1.6370999946957454,328,100,0.3,11,11
weighted_astar,1,84.49747468305829,30,0.3743000124813989,88,100,0.3,11,11
jps_like,1,82.84062043356589,27,2.7033000078517944,317,100,0.3,11,11
improved_astar,1,79.99513946627567,17,0.5396000051405281,61,100,0.3,11,11
dijkstra,1,70.56854249492376,17,8.05170000239741,2648,100,0.3,12,12
astar,1,70.56854249492376,17,1.012100008665584,255,100,0.3,12,12
weighted_astar,1,70.81118318204304,19,0.3203999949619174,70,100,0.3,12,12
jps_like,1,70.56854249492375,25,2.1500000002561137,280,100,0.3,12,12
improved_astar,1,67.47078133646598,14,0.42720000783447176,46,100,0.3,12,12
dijkstra,1,74.39696961966993,23,15.002599990111776,4503,100,0.3,13,13
astar,1,74.39696961966993,21,1.0027999960584566,264,100,0.3,13,13
weighted_astar,1,76.98275605729684,27,0.348299989127554,75,100,0.3,13,13
jps_like,1,74.39696961966992,24,1.976599989575334,247,100,0.3,13,13
improved_astar,1,72.75010955828209,17,0.6534999993164092,61,100,0.3,13,13
dijkstra,1,41.69848480983499,9,7.122199996956624,2262,100,0.3,14,14
astar,1,41.69848480983499,13,0.25969999842345715,64,100,0.3,14,14
weighted_astar,1,42.52691193458117,11,0.16840000171214342,41,100,0.3,14,14
jps_like,1,41.69848480983498,15,0.4807999939657748,57,100,0.3,14,14
improved_astar,1,39.79919651010684,6,0.20599999697878957,21,100,0.3,14,14
dijkstra,1,56.597979746446626,21,10.320100001990795,3001,100,0.3,15,15
astar,1,56.597979746446626,21,0.4889999981969595,129,100,0.3,15,15
weighted_astar,1,56.59797974644663,14,0.24510000366717577,53,100,0.3,15,15
jps_like,1,56.597979746446626,21,1.1283999920124188,129,100,0.3,15,15
improved_astar,1,53.44966463141766,10,0.37960000918246806,30,100,0.3,15,15
dijkstra,1,69.69848480983497,32,21.682299993699417,5820,100,0.3,16,16
astar,1,69.69848480983497,25,2.3927000002004206,561,100,0.3,16,16
weighted_astar,1,71.35533905932735,27,0.6634000019403175,78,100,0.3,16,16
jps_like,1,69.69848480983498,26,4.70929998846259,557,100,0.3,16,16
improved_astar,1,66.41097296739703,19,0.49560000479687005,49,100,0.3,16,16
dijkstra,1,69.35533905932733,25,14.242500008549541,4363,100,0.3,17,17
astar,1,69.35533905932735,27,2.1190999977989122,524,100,0.3,17,17
weighted_astar,1,71.59797974644664,27,0.33830000029411167,80,100,0.3,17,17
jps_like,1,69.35533905932735,23,6.155800001579337,524,100,0.3,17,17
improved_astar,1,67.11083460609674,21,0.5324000085238367,52,100,0.3,17,17
dijkstra,1,89.2253967444161,33,15.010599992820062,4602,100,0.3,18,18
astar,1,89.2253967444161,33,2.5212000036844984,605,100,0.3,18,18
weighted_astar,1,89.4680374315354,33,0.447900005383417,94,100,0.3,18,18
jps_like,1,89.2253967444161,32,5.315499991411343,605,100,0.3,18,18
improved_astar,1,83.76266047594386,17,0.6190999993123114,59,100,0.3,18,18
dijkstra,1,48.21320343559641,25,11.295000003883615,3222,100,0.3,19,19
astar,1,48.21320343559641,22,0.9799999970709905,215,100,0.3,19,19
weighted_astar,1,49.870057685088796,20,0.2521999995224178,55,100,0.3,19,19
jps_like,1,48.21320343559641,23,1.7955999937839806,214,100,0.3,19,19
improved_astar,1,44.88933054245775,10,0.3924000047845766,40,100,0.3,19,19
dijkstra,1,20.899494936611667,8,2.1247999975457788,697,100,0.3,20,20
astar,1,20.899494936611667,7,0.1790999958757311,43,100,0.3,20,20
weighted_astar,1,20.899494936611667,8,0.15469999925699085,37,100,0.3,20,20
jps_like,1,20.899494936611664,8,0.24249999842140824,27,100,0.3,20,20
improved_astar,1,19.344320158173844,4,0.2736000024015084,28,100,0.3,20,20
dijkstra,1,109.42640687119278,35,23.321900007431395,6646,100,0.3,21,21
astar,1,109.42640687119278,38,4.07959999574814,907,100,0.3,21,21
weighted_astar,1,118.88225099390849,49,0.6819999980507419,152,100,0.3,21,21
jps_like,1,109.4264068711928,39,8.75929999165237,892,100,0.3,21,21
improved_astar,1,106.55430671535915,23,1.1611000081757084,118,100,0.3,21,21
dijkstra,1,84.18376618407352,34,26.293200004147366,6560,100,0.3,22,22
astar,1,84.18376618407353,29,1.352999999653548,285,100,0.3,22,22
weighted_astar,1,86.91168824543136,33,0.4135000053793192,79,100,0.3,22,22
jps_like,1,84.18376618407353,27,3.0820999963907525,281,100,0.3,22,22
improved_astar,1,79.3152842044807,21,0.5087000026833266,43,100,0.3,22,22
dijkstra,1,56.87005768508878,22,11.99590000032913,3484,100,0.3,23,23
astar,1,56.87005768508878,25,1.4681000029668212,362,100,0.3,23,23
weighted_astar,1,58.526911934581165,26,0.27430000773165375,61,100,0.3,23,23
jps_like,1,56.87005768508878,25,2.81649999669753,362,100,0.3,23,23
improved_astar,1,52.06201052577088,16,0.45310000132303685,50,100,0.3,23,23
dijkstra,1,45.142135623730944,14,12.301199996727519,3667,100,0.3,24,24
astar,1,45.142135623730944,16,0.601100007770583,130,100,0.3,24,24
weighted_astar,1,45.14213562373095,9,0.2521999995224178,51,100,0.3,24,24
jps_like,1,45.142135623730944,14,1.4315000007627532,125,100,0.3,24,24
improved_astar,1,42.794256918798155,6,0.27299999783281237,21,100,0.3,24,24
dijkstra,1,97.53910524340085,21,18.78470000519883,5629,100,0.3,25,25
astar,1,97.53910524340085,24,2.463699987856671,619,100,0.3,25,25
weighted_astar,1,100.12489168102778,35,0.7947999984025955,123,100,0.3,25,25
jps_like,1,97.53910524340085,29,5.257199998595752,611,100,0.3,25,25
improved_astar,1,93.3800695198709,18,0.7073999877320603,69,100,0.3,25,25
dijkstra,1,84.05382386916229,23,20.686599993496202,6256,100,0.3,26,26
astar,1,84.05382386916229,24,1.599099996383302,309,100,0.3,26,26
weighted_astar,1,84.0538238691623,22,0.40079999598674476,82,100,0.3,26,26
jps_like,1,84.05382386916233,29,2.6304000057280064,302,100,0.3,26,26
improved_astar,1,80.6157412975123,14,0.602099986281246,53,100,0.3,26,26
dijkstra,1,66.18376618407353,22,19.855899998219684,6339,100,0.3,27,27
astar,1,66.18376618407353,17,0.9654000023147091,230,100,0.3,27,27
weighted_astar,1,68.42640687119282,20,0.28569999267347157,69,100,0.3,27,27
jps_like,1,66.18376618407353,20,1.8898999987868592,256,100,0.3,27,27
improved_astar,1,62.951881000811255,14,0.31570000282954425,35,100,0.3,27,27
dijkstra,1,44.38477631085023,17,12.102100008632988,3639,100,0.3,28,28
astar,1,44.38477631085023,15,0.7611000037286431,215,100,0.3,28,28
weighted_astar,1,45.21320343559641,15,0.22679999528918415,59,100,0.3,28,28
jps_like,1,44.38477631085023,14,2.279599997564219,215,100,0.3,28,28
improved_astar,1,41.32471524824166,10,0.44839999463874847,53,100,0.3,28,28
dijkstra,1,13.899494936611667,8,0.8642000029794872,298,100,0.3,29,29
astar,1,13.899494936611667,9,0.10809999366756529,30,100,0.3,29,29
weighted_astar,1,13.899494936611667,9,0.06159998883958906,16,100,0.3,29,29
jps_like,1,13.899494936611665,7,0.16340000729542226,23,100,0.3,29,29
improved_astar,1,11.63441361516796,3,0.10960000508930534,14,100,0.3,29,29
dijkstra,1,9.65685424949238,6,0.07989999721758068,27,100,0.7,0,0
astar,1,9.65685424949238,6,0.03840000135824084,12,100,0.7,0,0
weighted_astar,1,9.65685424949238,6,0.032500000088475645,11,100,0.7,0,0
jps_like,1,9.65685424949238,6,0.059600002714432776,12,100,0.7,0,0
improved_astar,1,8.650281539872886,4,0.06849999772384763,14,100,0.7,0,0
dijkstra,1,5.242640687119285,3,0.03700000524986535,9,100,0.7,1,4
astar,1,5.242640687119285,3,0.017700003809295595,5,100,0.7,1,4
weighted_astar,1,5.242640687119285,3,0.01379998866468668,5,100,0.7,1,4
jps_like,1,5.242640687119285,3,0.021499989088624716,5,100,0.7,1,4
improved_astar,1,4.414213562373095,2,0.028299997211433947,7,100,0.7,1,4
dijkstra,1,3.82842712474619,2,0.14489999739453197,11,100,0.7,2,6
astar,1,3.82842712474619,2,0.0408000050811097,4,100,0.7,2,6
weighted_astar,1,3.82842712474619,2,0.029100003303028643,4,100,0.7,2,6
jps_like,1,3.82842712474619,2,0.04159999662078917,4,100,0.7,2,6
improved_astar,1,3.6502815398728847,1,0.06730000313837081,8,100,0.7,2,6
dijkstra,1,10.071067811865476,5,0.09799998952075839,24,100,0.7,3,7
astar,1,10.071067811865476,5,0.04510000871960074,9,100,0.7,3,7
weighted_astar,1,10.071067811865476,5,0.04220000118948519,9,100,0.7,3,7
jps_like,1,10.071067811865476,5,0.05980000423733145,8,100,0.7,3,7
improved_astar,1,8.414213562373096,3,0.07090000144671649,10,100,0.7,3,7
dijkstra,1,10.899494936611667,4,0.11010000889655203,29,100,0.7,4,8
astar,1,10.899494936611667,4,0.07520000508520752,18,100,0.7,4,8
weighted_astar,1,10.899494936611667,4,0.046900007873773575,11,100,0.7,4,8
jps_like,1,10.899494936611667,4,0.11240001185797155,18,100,0.7,4,8
improved_astar,1,8.886349517372675,4,0.14390000433195382,22,100,0.7,4,8
dijkstra,1,30.041630560342625,12,0.34759999834932387,104,100,0.7,5,9
astar,1,30.041630560342625,12,0.21160001051612198,54,100,0.7,5,9
weighted_astar,1,30.041630560342625,12,0.17220000154338777,44,100,0.7,5,9
jps_like,1,30.041630560342618,13,0.3445000038482249,52,100,0.7,5,9
improved_astar,1,25.019236634996794,8,0.3728000010596588,64,100,0.7,5,9
dijkstra,1,23.142135623730955,11,0.2891000040108338,95,100,0.7,6,11
astar,1,23.142135623730955,11,0.17189999925903976,51,100,0.7,6,11
weighted_astar,1,23.142135623730955,11,0.15950000670272857,48,100,0.7,6,11
jps_like,1,23.14213562373095,11,0.2393000031588599,48,100,0.7,6,11
improved_astar,1,19.714776642118863,9,0.4044999950565398,58,100,0.7,6,11
dijkstra,1,6.82842712474619,3,0.05779998900834471,15,100,0.7,7,16
astar,1,6.82842712474619,4,0.031000003218650818,8,100,0.7,7,16
weighted_astar,1,6.82842712474619,4,0.02649999805726111,8,100,0.7,7,16
jps_like,1,6.82842712474619,3,0.03189999551977962,6,100,0.7,7,16
improved_astar,1,6.0,1,0.043799998820759356,9,100,0.7,7,16
dijkstra,1,4.82842712474619,3,0.06489999941550195,21,100,0.7,8,17
astar,1,4.82842712474619,3,0.020799998310394585,6,100,0.7,8,17
weighted_astar,1,4.82842712474619,2,0.017099999240599573,5,100,0.7,8,17
jps_like,1,4.82842712474619,2,0.03239999932702631,6,100,0.7,8,17
improved_astar,1,4.47213595499958,0,0.04290000651963055,6,100,0.7,8,17
dijkstra,1,9.242640687119286,4,0.08650000381749123,25,100,0.7,9,21
astar,1,9.242640687119286,4,0.052100003813393414,14,100,0.7,9,21
weighted_astar,1,9.242640687119286,4,0.03340000694151968,9,100,0.7,9,21
jps_like,1,9.242640687119286,5,0.08199999865610152,14,100,0.7,9,21
improved_astar,1,8.74930105346567,2,0.07989999721758068,14,100,0.7,9,21
dijkstra,1,1.4142135623730951,0,0.010799994925037026,3,100,0.7,10,24
astar,1,1.4142135623730951,0,0.006900008884258568,2,100,0.7,10,24
weighted_astar,1,1.4142135623730951,0,0.004999994416721165,2,100,0.7,10,24
jps_like,1,1.4142135623730951,0,0.00689999433234334,2,100,0.7,10,24
improved_astar,1,1.4142135623730951,0,0.007100010407157242,2,100,0.7,10,24
dijkstra,1,49.769552621700456,24,0.46209999709390104,171,100,0.7,11,25
astar,1,49.769552621700456,24,0.3608999977586791,119,100,0.7,11,25
weighted_astar,1,49.769552621700456,24,0.3360999980941415,95,100,0.7,11,25
jps_like,1,49.76955262170045,26,0.5793000018456951,119,100,0.7,11,25
improved_astar,1,42.53610285440526,18,0.7136000058380887,137,100,0.7,11,25
dijkstra,1,15.899494936611667,7,0.09190000128000975,32,100,0.7,12,27
astar,1,15.899494936611667,9,0.060999998822808266,18,100,0.7,12,27
weighted_astar,1,15.899494936611667,9,0.05269999383017421,15,100,0.7,12,27
jps_like,1,15.899494936611667,7,0.0813000078778714,16,100,0.7,12,27
improved_astar,1,13.812559200041264,5,0.12830000196117908,26,100,0.7,12,27
dijkstra,1,3.82842712474619,2,0.04189999890513718,13,100,0.7,13,28
astar,1,3.82842712474619,2,0.01729998621158302,5,100,0.7,13,28
weighted_astar,1,3.82842712474619,2,0.01309999788645655,4,100,0.7,13,28
jps_like,1,3.82842712474619,2,0.0261999957729131,5,100,0.7,13,28
improved_astar,1,3.6502815398728847,1,0.0405999890062958,7,100,0.7,13,28
dijkstra,1,1.4142135623730951,0,0.026500012609176338,5,100,0.7,14,30
astar,1,1.4142135623730951,0,0.010199990356341004,2,100,0.7,14,30
weighted_astar,1,1.4142135623730951,0,0.005700014298781753,2,100,0.7,14,30
jps_like,1,1.4142135623730951,0,0.010199990356341004,2,100,0.7,14,30
improved_astar,1,1.4142135623730951,0,0.009800001862458885,2,100,0.7,14,30
dijkstra,1,14.899494936611667,8,0.12539999443106353,44,100,0.7,15,31
astar,1,14.899494936611667,8,0.06189999112393707,19,100,0.7,15,31
weighted_astar,1,14.899494936611667,8,0.05970000347588211,19,100,0.7,15,31
jps_like,1,14.899494936611665,8,0.08569999772589654,17,100,0.7,15,31
improved_astar,1,13.89292222699217,6,0.10710000060498714,21,100,0.7,15,31
dijkstra,1,6.65685424949238,1,0.09919999865815043,30,100,0.7,16,35
astar,1,6.65685424949238,1,0.02439999661874026,6,100,0.7,16,35
weighted_astar,1,6.65685424949238,1,0.02479999966453761,6,100,0.7,16,35
jps_like,1,6.65685424949238,2,0.03880000440403819,6,100,0.7,16,35
improved_astar,1,6.433978400210179,1,0.03890000516548753,6,100,0.7,16,35
dijkstra,1,34.45584412271572,17,0.6113999988883734,252,100,0.7,17,37
astar,1,34.45584412271572,18,0.21699999342672527,80,100,0.7,17,37
weighted_astar,1,34.45584412271572,18,0.21519999427255243,71,100,0.7,17,37
jps_like,1,34.45584412271571,19,0.381799996830523,79,100,0.7,17,37
improved_astar,1,29.01533972186464,9,0.5070000042906031,118,100,0.7,17,37
dijkstra,1,5.242640687119285,3,0.04339999577496201,16,100,0.7,18,38
astar,1,5.242640687119285,3,0.01649999467190355,5,100,0.7,18,38
weighted_astar,1,5.242640687119285,3,0.014600009308196604,5,100,0.7,18,38
jps_like,1,5.242640687119285,3,0.02340000355616212,5,100,0.7,18,38
improved_astar,1,3.8284271247461903,1,0.02820001100189984,6,100,0.7,18,38
dijkstra,1,5.656854249492381,2,0.044899992644786835,14,100,0.7,19,39
astar,1,5.656854249492381,2,0.01649999467190355,5,100,0.7,19,39
weighted_astar,1,5.656854249492381,2,0.01309999788645655,5,100,0.7,19,39
jps_like,1,5.656854249492381,2,0.02130000211764127,5,100,0.7,19,39
improved_astar,1,4.650281539872885,2,0.03999999898951501,7,100,0.7,19,39
dijkstra,1,6.65685424949238,3,0.03060000017285347,10,100,0.7,20,42
astar,1,6.65685424949238,3,0.018099992303177714,6,100,0.7,20,42
weighted_astar,1,6.65685424949238,3,0.014899997040629387,6,100,0.7,20,42
jps_like,1,6.65685424949238,3,0.023100001271814108,6,100,0.7,20,42
improved_astar,1,5.47213595499958,1,0.02680000034160912,7,100,0.7,20,42
dijkstra,1,12.071067811865476,7,0.08549999620299786,31,100,0.7,21,43
astar,1,12.071067811865476,7,0.07979999645613134,18,100,0.7,21,43
weighted_astar,1,12.071067811865476,6,0.036600002204068005,11,100,0.7,21,43
jps_like,1,12.071067811865474,7,0.07910000567790121,17,100,0.7,21,43
improved_astar,1,11.242640687119286,4,0.09349999891128391,20,100,0.7,21,43
dijkstra,1,2.8284271247461903,0,0.015300000086426735,6,100,0.7,22,44
astar,1,2.8284271247461903,0,0.008199989679269493,3,100,0.7,22,44
weighted_astar,1,2.8284271247461903,0,0.00689999433234334,3,100,0.7,22,44
jps_like,1,2.8284271247461903,0,0.010800009476952255,3,100,0.7,22,44
improved_astar,1,2.8284271247461903,0,0.010899995686486363,3,100,0.7,22,44
dijkstra,1,15.899494936611667,10,0.17610000213608146,58,100,0.7,23,51
astar,1,15.899494936611667,10,0.12499999138526618,38,100,0.7,23,51
weighted_astar,1,15.899494936611667,10,0.11079999967478216,34,100,0.7,23,51
jps_like,1,15.899494936611667,8,0.18599999020807445,38,100,0.7,23,51
improved_astar,1,14.064495102245981,7,0.20569999469444156,43,100,0.7,23,51
dijkstra,1,5.656854249492381,1,0.04329999501351267,16,100,0.7,24,52
astar,1,5.656854249492381,1,0.023300002794712782,7,100,0.7,24,52
weighted_astar,1,5.656854249492381,1,0.02059999678749591,7,100,0.7,24,52
jps_like,1,5.656854249492381,1,0.0315000070258975,7,100,0.7,24,52
improved_astar,1,4.47213595499958,1,0.030499999411404133,7,100,0.7,24,52
dijkstra,1,11.485281374238571,7,0.08869999146554619,26,100,0.7,25,54
astar,1,11.485281374238571,7,0.03510000533424318,11,100,0.7,25,54
weighted_astar,1,11.485281374238571,7,0.02749999111983925,10,100,0.7,25,54
jps_like,1,11.485281374238571,7,0.09940000018104911,11,100,0.7,25,54
improved_astar,1,9.650281539872886,4,0.05500001134350896,13,100,0.7,25,54
dijkstra,1,2.8284271247461903,0,0.02469999890308827,5,100,0.7,26,58
astar,1,2.8284271247461903,0,0.011399999493733048,3,100,0.7,26,58
weighted_astar,1,2.8284271247461903,0,0.007700000423938036,3,100,0.7,26,58
jps_like,1,2.8284271247461903,0,0.008600007276982069,2,100,0.7,26,58
improved_astar,1,2.8284271247461903,0,0.01239999255631119,3,100,0.7,26,58
dijkstra,1,4.242640687119286,1,0.050700007705017924,14,100,0.7,27,62
astar,1,4.242640687119286,1,0.019099999917671084,5,100,0.7,27,62
weighted_astar,1,4.242640687119286,1,0.014599994756281376,5,100,0.7,27,62
jps_like,1,4.242640687119286,1,0.02379999205004424,4,100,0.7,27,62
improved_astar,1,3.23606797749979,1,0.024499997380189598,5,100,0.7,27,62
dijkstra,1,8.071067811865476,2,0.09240000508725643,34,100,0.7,28,63
astar,1,8.071067811865476,2,0.051300012273713946,12,100,0.7,28,63
weighted_astar,1,8.071067811865476,2,0.035899996873922646,10,100,0.7,28,63
jps_like,1,8.071067811865476,2,0.06309998570941389,12,100,0.7,28,63
improved_astar,1,6.841619252963779,2,0.11069999891333282,18,100,0.7,28,63
dijkstra,1,10.485281374238571,5,0.12160000915173441,40,100,0.7,29,66
astar,1,10.485281374238571,5,0.05810000584460795,17,100,0.7,29,66
weighted_astar,1,10.485281374238571,5,0.050099988584406674,16,100,0.7,29,66
jps_like,1,10.485281374238571,4,0.08740001067053527,16,100,0.7,29,66
improved_astar,1,7.708203932499369,2,0.08969999908003956,17,100,0.7,29,66
