algorithm,success,path_length,turn_count,runtime_ms,expanded_nodes,map_name,size,ratio,run_id,attempt_id
dijkstra,1,17.071067811865476,6,0.6701000093016773,214,random_generated,20,0.3,0,0
astar,1,17.071067811865476,9,0.1655000087339431,45,random_generated,20,0.3,0,0
weighted_astar,1,17.313708498984763,7,0.07529999129474163,23,random_generated,20,0.3,0,0
jps_like,1,23.071067811865476,9,0.4568000149447471,64,random_generated,20,0.3,0,0
improved_astar,1,21.541216101122913,6,0.20410001161508262,26,random_generated,20,0.3,0,0
dijkstra,1,1.0,0,0.021599989850074053,4,random_generated,20,0.3,1,1
astar,1,1.0,0,0.011999974958598614,2,random_generated,20,0.3,1,1
weighted_astar,1,1.0,0,0.006999995093792677,2,random_generated,20,0.3,1,1
jps_like,1,1.0,0,0.016400008462369442,2,random_generated,20,0.3,1,1
improved_astar,1,1.0,0,0.015500001609325409,2,random_generated,20,0.3,1,1
dijkstra,1,3.414213562373095,2,0.14239997835829854,20,random_generated,20,0.3,2,2
astar,1,3.414213562373095,2,0.020100007532164454,4,random_generated,20,0.3,2,2
weighted_astar,1,3.414213562373095,2,0.01610000617802143,4,random_generated,20,0.3,2,2
jps_like,1,4.0,1,0.03809999907389283,5,random_generated,20,0.3,2,2
improved_astar,1,4.0,1,0.03610001294873655,5,random_generated,20,0.3,2,2
dijkstra,1,4.0,0,0.09470002260059118,27,random_generated,20,0.3,3,3
astar,1,4.0,0,0.02400000812485814,5,random_generated,20,0.3,3,3
weighted_astar,1,4.0,0,0.018099992303177714,5,random_generated,20,0.3,3,3
jps_like,1,4.0,1,0.03369999467395246,5,random_generated,20,0.3,3,3
improved_astar,1,4.0,0,0.01889999839477241,3,random_generated,20,0.3,3,3
dijkstra,1,9.65685424949238,5,0.4403000057209283,158,random_generated,20,0.3,4,4
astar,1,9.65685424949238,5,0.05199998850002885,13,random_generated,20,0.3,4,4
weighted_astar,1,9.65685424949238,3,0.03649998689070344,9,random_generated,20,0.3,4,4
jps_like,1,12.242640687119286,6,0.2311999851372093,34,random_generated,20,0.3,4,4
improved_astar,1,10.98536903096546,2,0.18190001719631255,24,random_generated,20,0.3,4,4
dijkstra,1,14.071067811865476,2,0.9191000135615468,238,random_generated,20,0.3,5,5
astar,1,14.071067811865476,2,0.11470000026747584,31,random_generated,20,0.3,5,5
weighted_astar,1,14.071067811865476,2,0.05420000525191426,13,random_generated,20,0.3,5,5
jps_like,0,nan,nan,1.5602999774273485,247,random_generated,20,0.3,5,5
improved_astar,0,nan,nan,1.5186999808065593,247,random_generated,20,0.3,5,5
dijkstra,1,3.414213562373095,1,0.07569999434053898,20,random_generated,20,0.3,6,6
astar,1,3.414213562373095,1,0.019099999917671084,4,random_generated,20,0.3,6,6
weighted_astar,1,3.414213562373095,1,0.016099977074190974,4,random_generated,20,0.3,6,6
jps_like,1,4.0,1,0.04980000085197389,6,random_generated,20,0.3,6,6
improved_astar,1,3.414213562373095,1,0.042400002712383866,5,random_generated,20,0.3,6,6
dijkstra,1,13.485281374238571,5,0.4969000001437962,191,random_generated,20,0.3,7,7
astar,1,13.485281374238571,7,0.1393999846186489,39,random_generated,20,0.3,7,7
weighted_astar,1,13.485281374238571,8,0.04610000178217888,12,random_generated,20,0.3,7,7
jps_like,0,nan,nan,1.5475999971386045,259,random_generated,20,0.3,7,7
improved_astar,0,nan,nan,1.5073999820742756,259,random_generated,20,0.3,7,7
dijkstra,1,10.242640687119286,4,0.367600005120039,131,random_generated,20,0.3,8,8
astar,1,10.242640687119286,4,0.05219999002292752,14,random_generated,20,0.3,8,8
weighted_astar,1,10.242640687119286,4,0.03779999678954482,10,random_generated,20,0.3,8,8
jps_like,1,39.071067811865476,16,0.9329000022262335,151,random_generated,20,0.3,8,8
improved_astar,1,31.90166013724183,7,0.7880000048317015,137,random_generated,20,0.3,8,8
dijkstra,1,14.656854249492383,5,0.5880999960936606,211,random_generated,20,0.3,9,9
astar,1,14.656854249492383,5,0.09610000415705144,26,random_generated,20,0.3,9,9
weighted_astar,1,14.656854249492383,5,0.0706000137142837,20,random_generated,20,0.3,9,9
jps_like,1,28.899494936611664,14,1.0660999978426844,174,random_generated,20,0.3,9,9
improved_astar,1,26.412774721556143,7,0.970900000538677,156,random_generated,20,0.3,9,9
dijkstra,1,16.313708498984763,4,0.7592000183649361,219,random_generated,20,0.3,10,10
astar,1,16.313708498984763,4,0.15430001076310873,24,random_generated,20,0.3,10,10
weighted_astar,1,16.313708498984766,3,0.08769999840296805,15,random_generated,20,0.3,10,10
jps_like,1,18.656854249492383,9,0.6608999974559993,52,random_generated,20,0.3,10,10
improved_astar,1,17.43650317030929,3,0.3217000048607588,27,random_generated,20,0.3,10,10
dijkstra,1,10.071067811865476,2,0.7482999935746193,171,random_generated,20,0.3,11,11
astar,1,10.071067811865476,3,0.06009999196976423,9,random_generated,20,0.3,11,11
weighted_astar,1,10.071067811865476,3,0.05189998773857951,9,random_generated,20,0.3,11,11
jps_like,1,10.65685424949238,4,0.0819999841041863,6,random_generated,20,0.3,11,11
improved_astar,1,9.53663105724556,1,0.07959999493323267,6,random_generated,20,0.3,11,11
dijkstra,1,5.242640687119285,1,0.23049997980706394,48,random_generated,20,0.3,12,12
astar,1,5.242640687119285,1,0.03510000533424318,5,random_generated,20,0.3,12,12
weighted_astar,1,5.242640687119286,1,0.03429999924264848,5,random_generated,20,0.3,12,12
jps_like,1,5.82842712474619,4,0.10040000779554248,9,random_generated,20,0.3,12,12
improved_astar,1,5.0,0,0.08120000711642206,7,random_generated,20,0.3,12,12
dijkstra,1,23.142135623730955,14,0.8861999958753586,289,random_generated,20,0.3,13,13
astar,1,23.142135623730955,14,0.2700999903026968,68,random_generated,20,0.3,13,13
weighted_astar,1,23.142135623730955,13,0.10820000898092985,27,random_generated,20,0.3,13,13
jps_like,0,nan,nan,0.0046000059228390455,1,random_generated,20,0.3,13,13
improved_astar,0,nan,nan,0.0041000021155923605,1,random_generated,20,0.3,13,13
dijkstra,1,6.0,0,0.21470000501722097,60,random_generated,20,0.3,14,14
astar,1,6.0,0,0.03500000457279384,7,random_generated,20,0.3,14,14
weighted_astar,1,6.0,0,0.029699993319809437,7,random_generated,20,0.3,14,14
jps_like,1,6.0,0,0.032899988582357764,3,random_generated,20,0.3,14,14
improved_astar,1,6.0,0,0.0323000131174922,3,random_generated,20,0.3,14,14
dijkstra,1,1.0,0,0.005400012014433742,2,random_generated,20,0.3,15,15
astar,1,1.0,0,0.0044000043999403715,2,random_generated,20,0.3,15,15
weighted_astar,1,1.0,0,0.0030999945010989904,2,random_generated,20,0.3,15,15
jps_like,1,1.0,0,0.0047000066842883825,2,random_generated,20,0.3,15,15
improved_astar,1,1.0,0,0.0048000074457377195,2,random_generated,20,0.3,15,15
dijkstra,1,17.899494936611667,6,0.6981999904382974,238,random_generated,20,0.3,16,16
astar,1,17.899494936611667,7,0.11220001033507288,28,random_generated,20,0.3,16,16
weighted_astar,1,18.72792206135786,6,0.06639998173341155,16,random_generated,20,0.3,16,16
jps_like,0,nan,nan,1.756699988618493,272,random_generated,20,0.3,16,16
improved_astar,0,nan,nan,1.7838999920058995,272,random_generated,20,0.3,16,16
dijkstra,1,2.8284271247461903,0,0.09390001650899649,19,random_generated,20,0.3,17,17
astar,1,2.8284271247461903,0,0.020499981474131346,3,random_generated,20,0.3,17,17
weighted_astar,1,2.8284271247461903,0,0.013400014722719789,3,random_generated,20,0.3,17,17
jps_like,1,2.8284271247461903,0,0.01610000617802143,2,random_generated,20,0.3,17,17
improved_astar,1,2.8284271247461903,0,0.015400000847876072,2,random_generated,20,0.3,17,17
dijkstra,1,19.72792206135786,7,0.764199998229742,259,random_generated,20,0.3,18,18
astar,1,19.72792206135786,4,0.2145000034943223,52,random_generated,20,0.3,18,18
weighted_astar,1,19.72792206135786,4,0.10789997759275138,23,random_generated,20,0.3,18,18
jps_like,1,22.071067811865476,10,0.6776999798603356,72,random_generated,20,0.3,18,18
improved_astar,1,18.599576936289306,3,0.32389999250881374,32,random_generated,20,0.3,18,18
dijkstra,1,3.414213562373095,1,0.08850000449456275,25,random_generated,20,0.3,19,19
astar,1,3.414213562373095,1,0.02819998189806938,6,random_generated,20,0.3,19,19
weighted_astar,1,3.414213562373095,1,0.018099992303177714,4,random_generated,20,0.3,19,19
jps_like,1,3.414213562373095,1,0.053099996875971556,6,random_generated,20,0.3,19,19
improved_astar,1,3.1622776601683795,0,0.025200017262250185,3,random_generated,20,0.3,19,19
dijkstra,1,19.899494936611667,8,0.7259999983943999,259,random_generated,20,0.3,20,20
astar,1,19.899494936611667,9,0.2966000174637884,57,random_generated,20,0.3,20,20
weighted_astar,1,20.72792206135786,8,0.10609999299049377,21,random_generated,20,0.3,20,20
jps_like,0,nan,nan,1.51859998004511,253,random_generated,20,0.3,20,20
improved_astar,0,nan,nan,1.7868999857455492,253,random_generated,20,0.3,20,20
dijkstra,1,2.414213562373095,1,0.04700000863522291,10,random_generated,20,0.3,21,21
astar,1,2.414213562373095,1,0.0185999961104244,3,random_generated,20,0.3,21,21
weighted_astar,1,2.414213562373095,1,0.0158999755512923,3,random_generated,20,0.3,21,21
jps_like,1,2.414213562373095,1,0.02710000262595713,3,random_generated,20,0.3,21,21
improved_astar,1,2.23606797749979,0,0.021000014385208488,3,random_generated,20,0.3,21,21
dijkstra,1,19.72792206135786,4,0.7193999772425741,254,random_generated,20,0.3,22,22
astar,1,19.72792206135786,4,0.072900002123788,17,random_generated,20,0.3,22,22
weighted_astar,1,20.55634918610405,7,0.07199999527074397,18,random_generated,20,0.3,22,22
jps_like,0,nan,nan,0.0036999990697950125,1,random_generated,20,0.3,22,22
improved_astar,0,nan,nan,0.0031999952625483274,1,random_generated,20,0.3,22,22
dijkstra,1,9.071067811865476,3,0.43280000681988895,99,random_generated,20,0.3,23,23
astar,1,9.071067811865476,3,0.0785999873187393,22,random_generated,20,0.3,23,23
weighted_astar,1,9.071067811865476,3,0.07000000914558768,21,random_generated,20,0.3,23,23
jps_like,1,14.82842712474619,6,0.37689998862333596,54,random_generated,20,0.3,23,23
improved_astar,1,14.261297173761164,3,0.2682000049389899,46,random_generated,20,0.3,23,23
dijkstra,1,22.72792206135786,10,0.7200999825727195,276,random_generated,20,0.3,24,24
astar,1,22.72792206135786,10,0.22909999825060368,65,random_generated,20,0.3,24,24
weighted_astar,1,24.384776310850242,10,0.10930001735687256,31,random_generated,20,0.3,24,24
jps_like,1,27.65685424949238,12,0.7114000036381185,118,random_generated,20,0.3,24,24
improved_astar,1,25.902377369982506,4,0.40270001045428216,66,random_generated,20,0.3,24,24
dijkstra,1,11.65685424949238,6,0.4172000044491142,114,random_generated,20,0.3,25,25
astar,1,11.65685424949238,5,0.13329999637790024,37,random_generated,20,0.3,25,25
weighted_astar,1,11.65685424949238,5,0.09280000813305378,26,random_generated,20,0.3,25,25
jps_like,1,12.82842712474619,6,0.24339999072253704,38,random_generated,20,0.3,25,25
improved_astar,1,11.99070478491457,3,0.20100001711398363,31,random_generated,20,0.3,25,25
dijkstra,1,8.65685424949238,3,0.2518999972380698,87,random_generated,20,0.3,26,26
astar,1,8.65685424949238,4,0.07780001033097506,20,random_generated,20,0.3,26,26
weighted_astar,1,8.656854249492381,4,0.05460000829771161,14,random_generated,20,0.3,26,26
jps_like,1,9.242640687119284,3,0.22590000298805535,26,random_generated,20,0.3,26,26
improved_astar,1,8.65685424949238,2,0.14150000060908496,15,random_generated,20,0.3,26,26
dijkstra,1,11.485281374238571,6,0.31939998734742403,120,random_generated,20,0.3,27,27
astar,1,11.485281374238571,6,0.07760000880807638,22,random_generated,20,0.3,27,27
weighted_astar,1,12.071067811865476,6,0.07120001828297973,20,random_generated,20,0.3,27,27
jps_like,0,nan,nan,0.0720999960321933,18,random_generated,20,0.3,27,27
improved_astar,0,nan,nan,0.07039998308755457,18,random_generated,20,0.3,27,27
dijkstra,1,15.899494936611667,4,0.6475999834947288,216,random_generated,20,0.3,28,28
astar,1,15.899494936611667,4,0.09349998435936868,26,random_generated,20,0.3,28,28
weighted_astar,1,15.899494936611667,6,0.05840000812895596,15,random_generated,20,0.3,28,28
jps_like,1,18.242640687119284,6,0.3719999804161489,47,random_generated,20,0.3,28,28
improved_astar,1,17.8309518948453,2,0.218400004087016,29,random_generated,20,0.3,28,28
dijkstra,1,17.142135623730955,5,0.322199979564175,120,random_generated,20,0.3,29,29
astar,1,17.142135623730955,5,0.09849999332800508,25,random_generated,20,0.3,29,29
weighted_astar,1,17.142135623730955,4,0.057600002037361264,14,random_generated,20,0.3,29,29
jps_like,0,nan,nan,0.4853999998886138,96,random_generated,20,0.3,29,29
improved_astar,0,nan,nan,0.47459997585974634,96,random_generated,20,0.3,29,29
dijkstra,1,3.8284271247461903,1,0.041000021155923605,15,random_generated,20,0.7,0,0
astar,1,3.8284271247461903,1,0.012900010915473104,4,random_generated,20,0.7,0,0
weighted_astar,1,3.8284271247461903,1,0.011299998732283711,4,random_generated,20,0.7,0,0
jps_like,0,nan,nan,0.033899996196851134,8,random_generated,20,0.7,0,0
improved_astar,0,nan,nan,0.03229998401366174,8,random_generated,20,0.7,0,0
dijkstra,1,1.4142135623730951,0,0.00580001506023109,2,random_generated,20,0.7,1,1
astar,1,1.4142135623730951,0,0.0046000059228390455,2,random_generated,20,0.7,1,1
weighted_astar,1,1.4142135623730951,0,0.0033999967854470015,2,random_generated,20,0.7,1,1
jps_like,0,nan,nan,0.0033999967854470015,1,random_generated,20,0.7,1,1
improved_astar,0,nan,nan,0.0032999960239976645,1,random_generated,20,0.7,1,1
dijkstra,1,7.82842712474619,4,0.0557999883312732,23,random_generated,20,0.7,2,2
astar,1,7.82842712474619,4,0.02570002106949687,9,random_generated,20,0.7,2,2
weighted_astar,1,7.82842712474619,4,0.025699991965666413,9,random_generated,20,0.7,2,2
jps_like,0,nan,nan,0.015300000086426735,4,random_generated,20,0.7,2,2
improved_astar,0,nan,nan,0.014300021575763822,4,random_generated,20,0.7,2,2
dijkstra,1,2.0,0,0.01659998088143766,6,random_generated,20,0.7,3,3
astar,1,2.0,0,0.009499985026195645,3,random_generated,20,0.7,3,3
weighted_astar,1,2.0,0,0.008300004992634058,3,random_generated,20,0.7,3,3
jps_like,1,2.0,0,0.007299997378140688,2,random_generated,20,0.7,3,3
improved_astar,1,2.0,0,0.006799993570894003,2,random_generated,20,0.7,3,3
dijkstra,1,8.65685424949238,6,0.08880000677891076,14,random_generated,20,0.7,4,4
astar,1,8.65685424949238,6,0.031000003218650818,10,random_generated,20,0.7,4,4
weighted_astar,1,8.65685424949238,6,0.024600012693554163,10,random_generated,20,0.7,4,4
jps_like,0,nan,nan,0.00999998883344233,2,random_generated,20,0.7,4,4
improved_astar,0,nan,nan,0.007199996616691351,2,random_generated,20,0.7,4,4
dijkstra,1,1.4142135623730951,0,0.008700008038431406,3,random_generated,20,0.7,5,5
astar,1,1.4142135623730951,0,0.0047000066842883825,2,random_generated,20,0.7,5,5
weighted_astar,1,1.4142135623730951,0,0.0035999983083456755,2,random_generated,20,0.7,5,5
jps_like,0,nan,nan,0.0034999975468963385,1,random_generated,20,0.7,5,5
improved_astar,0,nan,nan,0.0034999975468963385,1,random_generated,20,0.7,5,5
dijkstra,1,11.899494936611667,6,0.0543000060133636,21,random_generated,20,0.7,6,6
astar,1,11.899494936611667,6,0.03579998156055808,13,random_generated,20,0.7,6,6
weighted_astar,1,11.899494936611667,6,0.03229998401366174,12,random_generated,20,0.7,6,6
jps_like,0,nan,nan,0.010199990356341004,3,random_generated,20,0.7,6,6
improved_astar,0,nan,nan,0.009799987310543656,3,random_generated,20,0.7,6,6
dijkstra,1,3.414213562373095,1,0.03579998156055808,13,random_generated,20,0.7,7,7
astar,1,3.414213562373095,1,0.014499993994832039,4,random_generated,20,0.7,7,7
weighted_astar,1,3.414213562373095,1,0.012500007869675756,4,random_generated,20,0.7,7,7
jps_like,0,nan,nan,0.0035999983083456755,1,random_generated,20,0.7,7,7
improved_astar,0,nan,nan,0.0031999952625483274,1,random_generated,20,0.7,7,7
dijkstra,1,2.0,0,0.0171000137925148,6,random_generated,20,0.7,8,8
astar,1,2.0,0,0.009700015652924776,3,random_generated,20,0.7,8,8
weighted_astar,1,2.0,0,0.008399976650252938,3,random_generated,20,0.7,8,8
jps_like,1,2.0,0,0.017400016076862812,3,random_generated,20,0.7,8,8
improved_astar,1,2.0,0,0.017700018361210823,3,random_generated,20,0.7,8,8
dijkstra,1,1.4142135623730951,0,0.016200006939470768,5,random_generated,20,0.7,9,9
astar,1,1.4142135623730951,0,0.006399990525096655,2,random_generated,20,0.7,9,9
weighted_astar,1,1.4142135623730951,0,0.004999979864805937,2,random_generated,20,0.7,9,9
jps_like,1,1.4142135623730951,0,0.007099995855242014,2,random_generated,20,0.7,9,9
improved_astar,1,1.4142135623730951,0,0.006999995093792677,2,random_generated,20,0.7,9,9
dijkstra,1,7.656854249492381,4,0.039300008211284876,15,random_generated,20,0.7,10,10
astar,1,7.656854249492381,4,0.02300000051036477,8,random_generated,20,0.7,10,10
weighted_astar,1,7.656854249492381,4,0.021000014385208488,8,random_generated,20,0.7,10,10
jps_like,0,nan,nan,0.006999995093792677,2,random_generated,20,0.7,10,10
improved_astar,0,nan,nan,0.006300018867477775,2,random_generated,20,0.7,10,10
dijkstra,1,2.414213562373095,1,0.021000014385208488,6,random_generated,20,0.7,11,11
astar,1,2.414213562373095,1,0.00990001717582345,3,random_generated,20,0.7,11,11
weighted_astar,1,2.414213562373095,1,0.008400005754083395,3,random_generated,20,0.7,11,11
jps_like,0,nan,nan,0.1416000013705343,28,random_generated,20,0.7,11,11
improved_astar,0,nan,nan,0.13880000915378332,28,random_generated,20,0.7,11,11
dijkstra,1,4.242640687119286,1,0.0425000034738332,14,random_generated,20,0.7,12,12
astar,1,4.242640687119286,1,0.016399979358538985,4,random_generated,20,0.7,12,12
weighted_astar,1,4.242640687119286,1,0.014299992471933365,4,random_generated,20,0.7,12,12
jps_like,0,nan,nan,0.011800002539530396,3,random_generated,20,0.7,12,12
improved_astar,0,nan,nan,0.011299998732283711,3,random_generated,20,0.7,12,12
dijkstra,1,3.414213562373095,1,0.08009999874047935,11,random_generated,20,0.7,13,13
astar,1,3.414213562373095,1,0.033100019209086895,6,random_generated,20,0.7,13,13
weighted_astar,1,3.414213562373095,1,0.015099998563528061,4,random_generated,20,0.7,13,13
jps_like,1,3.414213562373095,2,0.027700007194653153,5,random_generated,20,0.7,13,13
improved_astar,1,3.1622776601683795,0,0.02710000262595713,5,random_generated,20,0.7,13,13
dijkstra,1,14.899494936611667,7,0.10820000898092985,34,random_generated,20,0.7,14,14
astar,1,14.899494936611667,7,0.053099996875971556,16,random_generated,20,0.7,14,14
weighted_astar,1,14.899494936611667,7,0.046600005589425564,15,random_generated,20,0.7,14,14
jps_like,0,nan,nan,0.0048999791033566,1,random_generated,20,0.7,14,14
improved_astar,0,nan,nan,0.0045000051613897085,1,random_generated,20,0.7,14,14
dijkstra,1,4.242640687119286,1,0.022899999748915434,7,random_generated,20,0.7,15,15
astar,1,4.242640687119286,1,0.018999999156221747,6,random_generated,20,0.7,15,15
weighted_astar,1,4.242640687119286,1,0.014299992471933365,5,random_generated,20,0.7,15,15
jps_like,0,nan,nan,0.01920000067912042,4,random_generated,20,0.7,15,15
improved_astar,0,nan,nan,0.01750001683831215,4,random_generated,20,0.7,15,15
dijkstra,1,6.65685424949238,3,0.08980001439340413,29,random_generated,20,0.7,16,16
astar,1,6.65685424949238,3,0.03090000245720148,8,random_generated,20,0.7,16,16
weighted_astar,1,6.65685424949238,3,0.024199980543926358,7,random_generated,20,0.7,16,16
jps_like,0,nan,nan,0.0046000059228390455,1,random_generated,20,0.7,16,16
improved_astar,0,nan,nan,0.0042000028770416975,1,random_generated,20,0.7,16,16
dijkstra,1,13.899494936611667,9,0.06379999103955925,22,random_generated,20,0.7,17,17
astar,1,13.899494936611667,9,0.04849999095313251,16,random_generated,20,0.7,17,17
weighted_astar,1,13.899494936611667,9,0.044199987314641476,15,random_generated,20,0.7,17,17
jps_like,0,nan,nan,0.0035999983083456755,1,random_generated,20,0.7,17,17
improved_astar,0,nan,nan,0.0034999975468963385,1,random_generated,20,0.7,17,17
dijkstra,1,5.656854249492381,2,0.02710000262595713,9,random_generated,20,0.7,18,18
astar,1,5.656854249492381,2,0.016200006939470768,5,random_generated,20,0.7,18,18
weighted_astar,1,5.656854249492381,2,0.014599994756281376,5,random_generated,20,0.7,18,18
jps_like,0,nan,nan,0.0036999990697950125,1,random_generated,20,0.7,18,18
improved_astar,0,nan,nan,0.0034999975468963385,1,random_generated,20,0.7,18,18
dijkstra,1,15.727922061357859,9,0.08749999688006938,31,random_generated,20,0.7,19,19
astar,1,15.727922061357859,9,0.06930000381544232,22,random_generated,20,0.7,19,19
weighted_astar,1,15.727922061357859,9,0.06400002166628838,20,random_generated,20,0.7,19,19
jps_like,0,nan,nan,0.0037999998312443495,1,random_generated,20,0.7,19,19
improved_astar,0,nan,nan,0.0034999975468963385,1,random_generated,20,0.7,19,19
dijkstra,1,8.65685424949238,6,0.048900023102760315,15,random_generated,20,0.7,20,20
astar,1,8.65685424949238,6,0.03789999755099416,12,random_generated,20,0.7,20,20
weighted_astar,1,8.65685424949238,6,0.033899996196851134,12,random_generated,20,0.7,20,20
jps_like,0,nan,nan,0.023900007363408804,5,random_generated,20,0.7,20,20
improved_astar,0,nan,nan,0.022199994418770075,5,random_generated,20,0.7,20,20
dijkstra,1,9.071067811865476,5,0.04980000085197389,16,random_generated,20,0.7,21,21
astar,1,9.071067811865476,5,0.03709999145939946,11,random_generated,20,0.7,21,21
weighted_astar,1,9.071067811865476,5,0.03350002225488424,10,random_generated,20,0.7,21,21
jps_like,0,nan,nan,0.009800016414374113,2,random_generated,20,0.7,21,21
improved_astar,0,nan,nan,0.008100003469735384,2,random_generated,20,0.7,21,21
dijkstra,1,1.0,0,0.015400000847876072,2,random_generated,20,0.7,22,22
astar,1,1.0,0,0.01069999416358769,2,random_generated,20,0.7,22,22
weighted_astar,1,1.0,0,0.007299997378140688,2,random_generated,20,0.7,22,22
jps_like,1,1.0,0,0.01379998866468668,2,random_generated,20,0.7,22,22
improved_astar,1,1.0,0,0.013499986380338669,2,random_generated,20,0.7,22,22
dijkstra,1,8.242640687119284,4,0.062000006437301636,23,random_generated,20,0.7,23,23
astar,1,8.242640687119284,4,0.029099988751113415,8,random_generated,20,0.7,23,23
weighted_astar,1,8.242640687119284,4,0.02649999805726111,8,random_generated,20,0.7,23,23
jps_like,0,nan,nan,0.02340000355616212,6,random_generated,20,0.7,23,23
improved_astar,0,nan,nan,0.022199994418770075,6,random_generated,20,0.7,23,23
dijkstra,1,2.8284271247461903,0,0.016600009985268116,6,random_generated,20,0.7,24,24
astar,1,2.8284271247461903,0,0.010300020221620798,3,random_generated,20,0.7,24,24
weighted_astar,1,2.8284271247461903,0,0.006999995093792677,3,random_generated,20,0.7,24,24
jps_like,0,nan,nan,0.0034999975468963385,1,random_generated,20,0.7,24,24
improved_astar,0,nan,nan,0.003400025889277458,1,random_generated,20,0.7,24,24
dijkstra,1,9.071067811865476,4,0.028699985705316067,11,random_generated,20,0.7,25,25
astar,1,9.071067811865476,4,0.022899999748915434,9,random_generated,20,0.7,25,25
weighted_astar,1,9.071067811865476,4,0.020100007532164454,8,random_generated,20,0.7,25,25
jps_like,0,nan,nan,0.010899995686486363,3,random_generated,20,0.7,25,25
improved_astar,0,nan,nan,0.010399991879239678,3,random_generated,20,0.7,25,25
dijkstra,1,6.242640687119286,4,0.056899996707215905,23,random_generated,20,0.7,26,26
astar,1,6.242640687119286,4,0.01889999839477241,6,random_generated,20,0.7,26,26
weighted_astar,1,6.242640687119286,4,0.017399986973032355,6,random_generated,20,0.7,26,26
jps_like,0,nan,nan,0.013500015484169126,4,random_generated,20,0.7,26,26
improved_astar,0,nan,nan,0.06829999620094895,4,random_generated,20,0.7,26,26
dijkstra,1,13.485281374238573,6,0.08269998943433166,31,random_generated,20,0.7,27,27
astar,1,13.485281374238573,6,0.06609997944906354,22,random_generated,20,0.7,27,27
weighted_astar,1,13.485281374238573,6,0.05750000127591193,20,random_generated,20,0.7,27,27
jps_like,0,nan,nan,0.014999997802078724,4,random_generated,20,0.7,27,27
improved_astar,0,nan,nan,0.013499986380338669,4,random_generated,20,0.7,27,27
dijkstra,1,6.82842712474619,4,0.02579999272711575,10,random_generated,20,0.7,28,28
astar,1,6.82842712474619,4,0.020700012100860476,8,random_generated,20,0.7,28,28
weighted_astar,1,6.82842712474619,4,0.01920000067912042,8,random_generated,20,0.7,28,28
jps_like,0,nan,nan,0.0137000170070678,4,random_generated,20,0.7,28,28
improved_astar,0,nan,nan,0.012800010154023767,4,random_generated,20,0.7,28,28
dijkstra,1,6.242640687119285,3,0.04029998672194779,16,random_generated,20,0.7,29,29
astar,1,6.242640687119285,3,0.016399979358538985,6,random_generated,20,0.7,29,29
weighted_astar,1,6.242640687119285,3,0.015400000847876072,6,random_generated,20,0.7,29,29
jps_like,0,nan,nan,0.0032999960239976645,1,random_generated,20,0.7,29,29
improved_astar,0,nan,nan,0.0033999967854470015,1,random_generated,20,0.7,29,29
dijkstra,1,18.72792206135786,6,1.14819998270832,343,random_generated,40,0.3,0,0
astar,1,18.72792206135786,6,0.12680000509135425,33,random_generated,40,0.3,0,0
weighted_astar,1,18.72792206135786,7,0.07070001447573304,18,random_generated,40,0.3,0,0
jps_like,1,37.31370849898475,16,1.9084000086877495,296,random_generated,40,0.3,0,0
improved_astar,1,35.271860667946704,7,2.3821000067982823,261,random_generated,40,0.3,0,0
dijkstra,1,24.55634918610405,6,2.843800000846386,846,random_generated,40,0.3,1,1
astar,1,24.55634918610405,8,0.30949999927543104,80,random_generated,40,0.3,1,1
weighted_astar,1,24.798989873223338,8,0.10369997471570969,23,random_generated,40,0.3,1,1
jps_like,1,27.727922061357855,14,1.137000013841316,150,random_generated,40,0.3,1,1
improved_astar,1,24.627762442932003,4,0.5506000015884638,73,random_generated,40,0.3,1,1
dijkstra,1,6.242640687119285,1,0.2443999983370304,70,random_generated,40,0.3,2,2
astar,1,6.242640687119285,2,0.03809999907389283,8,random_generated,40,0.3,2,2
weighted_astar,1,6.242640687119285,2,0.025599991204217076,6,random_generated,40,0.3,2,2
jps_like,1,6.82842712474619,4,0.0740000104997307,10,random_generated,40,0.3,2,2
improved_astar,1,5.8863495173726745,1,0.06709998706355691,8,random_generated,40,0.3,2,2
dijkstra,1,19.313708498984763,7,0.8043999841902405,297,random_generated,40,0.3,3,3
astar,1,19.313708498984763,9,0.21890000789426267,29,random_generated,40,0.3,3,3
weighted_astar,1,19.313708498984763,10,0.07230002665892243,18,random_generated,40,0.3,3,3
jps_like,1,22.242640687119287,11,0.30169999809004366,49,random_generated,40,0.3,3,3
improved_astar,1,19.207365565700723,6,0.34500000765547156,28,random_generated,40,0.3,3,3
dijkstra,1,32.38477631085024,12,2.5394000113010406,812,random_generated,40,0.3,4,4
astar,1,32.38477631085024,11,0.39760000072419643,102,random_generated,40,0.3,4,4
weighted_astar,1,34.04163056034262,10,0.17330000991933048,44,random_generated,40,0.3,4,4
jps_like,1,43.31370849898476,21,1.446299982490018,191,random_generated,40,0.3,4,4
improved_astar,1,40.17328278988927,5,0.8548000187147409,96,random_generated,40,0.3,4,4
dijkstra,1,35.14213562373095,9,2.7926999900955707,852,random_generated,40,0.3,5,5
astar,1,35.14213562373095,15,0.576100021135062,111,random_generated,40,0.3,5,5
weighted_astar,1,35.97056274847715,8,0.18659999477677047,34,random_generated,40,0.3,5,5
jps_like,1,38.31370849898476,17,1.1647000210359693,127,random_generated,40,0.3,5,5
improved_astar,1,36.518817693615816,7,0.5268000240903348,56,random_generated,40,0.3,5,5
dijkstra,1,7.65685424949238,2,0.34699999378062785,104,random_generated,40,0.3,6,6
astar,1,7.65685424949238,4,0.0425000034738332,8,random_generated,40,0.3,6,6
weighted_astar,1,7.65685424949238,2,0.03640001523308456,8,random_generated,40,0.3,6,6
jps_like,1,9.414213562373096,5,0.1306000049225986,20,random_generated,40,0.3,6,6
improved_astar,1,7.404918347287666,2,0.1112000027205795,16,random_generated,40,0.3,6,6
dijkstra,1,24.970562748477146,7,2.4723000242374837,817,random_generated,40,0.3,7,7
astar,1,24.970562748477146,7,0.1472999865654856,34,random_generated,40,0.3,7,7
weighted_astar,1,24.970562748477146,7,0.10060000931844115,22,random_generated,40,0.3,7,7
jps_like,1,28.485281374238568,13,0.5814000032842159,86,random_generated,40,0.3,7,7
improved_astar,1,24.645209555613334,4,0.37460000021383166,54,random_generated,40,0.3,7,7
dijkstra,1,31.213203435596434,7,2.7171999972779304,921,random_generated,40,0.3,8,8
astar,1,31.213203435596434,9,0.4073999880347401,98,random_generated,40,0.3,8,8
weighted_astar,1,32.62741699796953,10,0.1432000135537237,33,random_generated,40,0.3,8,8
jps_like,1,41.31370849898475,22,1.5817999956198037,247,random_generated,40,0.3,8,8
improved_astar,1,38.18841332247839,8,1.3789000222459435,163,random_generated,40,0.3,8,8
dijkstra,1,10.242640687119286,3,0.597400008700788,207,random_generated,40,0.3,9,9
astar,1,10.242640687119286,4,0.08540000999346375,21,random_generated,40,0.3,9,9
weighted_astar,1,10.242640687119286,4,0.0591999851167202,15,random_generated,40,0.3,9,9
jps_like,1,11.65685424949238,6,0.2941999991890043,35,random_generated,40,0.3,9,9
improved_astar,1,10.449659909380484,2,0.16990001313388348,20,random_generated,40,0.3,9,9
dijkstra,1,38.04163056034262,16,2.4539000005461276,761,random_generated,40,0.3,10,10
astar,1,38.04163056034262,13,0.40079999598674476,112,random_generated,40,0.3,10,10
weighted_astar,1,38.04163056034262,13,0.1703999878372997,43,random_generated,40,0.3,10,10
jps_like,1,52.727922061357845,24,1.472900010412559,242,random_generated,40,0.3,10,10
improved_astar,1,48.58623726999748,13,0.8960999839473516,137,random_generated,40,0.3,10,10
dijkstra,1,20.071067811865476,7,0.8379000064451247,287,random_generated,40,0.3,11,11
astar,1,20.071067811865476,7,0.225800002226606,67,random_generated,40,0.3,11,11
weighted_astar,1,20.071067811865476,7,0.14590000500902534,45,random_generated,40,0.3,11,11
jps_like,1,25.242640687119287,12,0.5879999953322113,99,random_generated,40,0.3,11,11
improved_astar,1,22.581992074432822,6,0.5703000060748309,91,random_generated,40,0.3,11,11
dijkstra,1,28.72792206135786,13,2.3957999947015196,895,random_generated,40,0.3,12,12
astar,1,28.72792206135786,11,0.3850999928545207,111,random_generated,40,0.3,12,12
weighted_astar,1,28.72792206135786,11,0.10889998520724475,27,random_generated,40,0.3,12,12
jps_like,1,32.48528137423857,15,1.1241999745834619,161,random_generated,40,0.3,12,12
improved_astar,1,29.995449595127475,7,0.6750999891664833,86,random_generated,40,0.3,12,12
dijkstra,1,18.72792206135786,7,1.5983000048436224,279,random_generated,40,0.3,13,13
astar,1,18.72792206135786,7,0.2674999996088445,58,random_generated,40,0.3,13,13
weighted_astar,1,19.55634918610405,3,0.19990000873804092,24,random_generated,40,0.3,13,13
jps_like,1,26.48528137423857,15,0.9028999775182456,121,random_generated,40,0.3,13,13
improved_astar,1,21.627463706948117,5,0.6905999907758087,104,random_generated,40,0.3,13,13
dijkstra,1,21.899494936611667,9,1.2983999913558364,396,random_generated,40,0.3,14,14
astar,1,21.899494936611667,9,0.16530000721104443,39,random_generated,40,0.3,14,14
weighted_astar,1,21.899494936611667,9,0.10599999222904444,25,random_generated,40,0.3,14,14
jps_like,1,40.48528137423857,21,1.3012999843340367,176,random_generated,40,0.3,14,14
improved_astar,1,37.4746953862518,10,0.8353999874088913,126,random_generated,40,0.3,14,14
dijkstra,1,27.72792206135786,7,3.0020999838598073,1052,random_generated,40,0.3,15,15
astar,1,27.72792206135786,9,0.5117999971844256,98,random_generated,40,0.3,15,15
weighted_astar,1,28.798989873223338,13,0.11339999036863446,26,random_generated,40,0.3,15,15
jps_like,1,30.07106781186548,11,0.9441000001970679,140,random_generated,40,0.3,15,15
improved_astar,1,27.226784060098282,5,0.2714000002015382,35,random_generated,40,0.3,15,15
dijkstra,1,34.798989873223334,12,2.995400020154193,1059,random_generated,40,0.3,16,16
astar,1,34.798989873223334,13,0.129400024889037,31,random_generated,40,0.3,16,16
weighted_astar,1,34.798989873223334,14,0.12810001499019563,32,random_generated,40,0.3,16,16
jps_like,1,69.6274169979695,35,4.671100003179163,724,random_generated,40,0.3,16,16
improved_astar,1,64.4247646504132,14,4.147800005739555,613,random_generated,40,0.3,16,16
dijkstra,1,28.656854249492383,4,2.043500018771738,726,random_generated,40,0.3,17,17
astar,1,28.656854249492383,4,0.25290000485256314,71,random_generated,40,0.3,17,17
weighted_astar,1,31.142135623730955,12,0.13390000094659626,34,random_generated,40,0.3,17,17
jps_like,1,28.65685424949238,4,0.37980001070536673,38,random_generated,40,0.3,17,17
improved_astar,1,28.31370849898476,2,0.13830000534653664,13,random_generated,40,0.3,17,17
dijkstra,1,20.72792206135786,6,1.7901999817695469,637,random_generated,40,0.3,18,18
astar,1,20.72792206135786,8,0.299000006634742,79,random_generated,40,0.3,18,18
weighted_astar,1,21.55634918610405,8,0.09940000018104911,23,random_generated,40,0.3,18,18
jps_like,1,23.65685424949238,12,0.829399999929592,100,random_generated,40,0.3,18,18
improved_astar,1,20.700934548951395,4,0.5394000036176294,35,random_generated,40,0.3,18,18
dijkstra,1,20.72792206135786,9,1.4381000073626637,440,random_generated,40,0.3,19,19
astar,1,20.72792206135786,9,0.12270000297576189,24,random_generated,40,0.3,19,19
weighted_astar,1,20.72792206135786,9,0.10549998842179775,21,random_generated,40,0.3,19,19
jps_like,1,22.48528137423857,10,0.507200020365417,66,random_generated,40,0.3,19,19
improved_astar,1,19.58067296902629,3,0.19660001271404326,22,random_generated,40,0.3,19,19
dijkstra,1,35.87005768508881,8,2.6455000042915344,905,random_generated,40,0.3,20,20
astar,1,35.87005768508881,8,0.7065000245347619,110,random_generated,40,0.3,20,20
weighted_astar,1,37.2842712474619,10,0.19690001499839127,40,random_generated,40,0.3,20,20
jps_like,1,43.48528137423857,22,1.7737000016495585,278,random_generated,40,0.3,20,20
improved_astar,1,38.169056984523095,8,0.8650000090710819,131,random_generated,40,0.3,20,20
dijkstra,1,19.071067811865476,6,1.8989999953191727,626,random_generated,40,0.3,21,21
astar,1,19.071067811865476,7,0.16239998512901366,38,random_generated,40,0.3,21,21
weighted_astar,1,19.071067811865476,7,0.12370001059025526,30,random_generated,40,0.3,21,21
jps_like,1,20.242640687119284,8,0.4082999948877841,53,random_generated,40,0.3,21,21
improved_astar,1,19.37443094145765,3,0.3319999959785491,29,random_generated,40,0.3,21,21
dijkstra,1,14.313708498984763,5,0.9933999972417951,301,random_generated,40,0.3,22,22
astar,1,14.313708498984763,5,0.09210000280290842,21,random_generated,40,0.3,22,22
weighted_astar,1,14.313708498984763,6,0.05649999366141856,12,random_generated,40,0.3,22,22
jps_like,0,nan,nan,6.326100003207102,998,random_generated,40,0.3,22,22
improved_astar,0,nan,nan,6.526600016513839,998,random_generated,40,0.3,22,22
dijkstra,1,6.414213562373095,2,0.2502000133972615,82,random_generated,40,0.3,23,23
astar,1,6.414213562373095,2,0.030399998649954796,7,random_generated,40,0.3,23,23
weighted_astar,1,6.414213562373095,2,0.02720000338740647,7,random_generated,40,0.3,23,23
jps_like,1,7.0,2,0.04409998655319214,6,random_generated,40,0.3,23,23
improved_astar,1,6.414213562373095,2,0.04320000880397856,6,random_generated,40,0.3,23,23
dijkstra,1,18.899494936611667,4,1.7010000010486692,556,random_generated,40,0.3,24,24
astar,1,18.899494936611667,7,0.08860000525601208,19,random_generated,40,0.3,24,24
weighted_astar,1,18.899494936611667,7,0.07880001794546843,19,random_generated,40,0.3,24,24
jps_like,1,20.656854249492383,9,0.2764999808277935,42,random_generated,40,0.3,24,24
improved_astar,1,18.971297588200937,3,0.1660000125411898,22,random_generated,40,0.3,24,24
dijkstra,1,20.142135623730955,7,1.2178999895695597,410,random_generated,40,0.3,25,25
astar,1,20.142135623730955,7,0.20169999334029853,53,random_generated,40,0.3,25,25
weighted_astar,1,20.142135623730955,7,0.07790001109242439,17,random_generated,40,0.3,25,25
jps_like,1,21.899494936611667,7,0.6751999899279326,80,random_generated,40,0.3,25,25
improved_astar,1,20.819145939191106,2,0.4219000111334026,18,random_generated,40,0.3,25,25
dijkstra,1,46.69848480983498,16,3.072399995289743,1083,random_generated,40,0.3,26,26
astar,1,46.69848480983498,19,0.9938000002875924,289,random_generated,40,0.3,26,26
weighted_astar,1,46.69848480983498,16,0.22119999630376697,54,random_generated,40,0.3,26,26
jps_like,1,62.55634918610404,34,5.998699984047562,766,random_generated,40,0.3,26,26
improved_astar,1,55.123701751310406,14,3.646400000434369,541,random_generated,40,0.3,26,26
dijkstra,1,20.071067811865476,5,1.4443000254686922,363,random_generated,40,0.3,27,27
astar,1,20.071067811865476,8,0.1531000016257167,36,random_generated,40,0.3,27,27
weighted_astar,1,20.071067811865476,8,0.11910000466741621,29,random_generated,40,0.3,27,27
jps_like,1,20.65685424949238,6,0.2516999957151711,31,random_generated,40,0.3,27,27
improved_astar,1,19.478148916466086,2,0.19039999460801482,22,random_generated,40,0.3,27,27
dijkstra,1,16.48528137423857,5,0.505700008943677,160,random_generated,40,0.3,28,28
astar,1,16.48528137423857,6,0.06859999848529696,15,random_generated,40,0.3,28,28
weighted_astar,1,16.48528137423857,5,0.07529999129474163,18,random_generated,40,0.3,28,28
jps_like,0,nan,nan,0.007800001185387373,2,random_generated,40,0.3,28,28
improved_astar,0,nan,nan,0.013699987903237343,2,random_generated,40,0.3,28,28
dijkstra,1,22.071067811865476,8,2.1967999928165227,692,random_generated,40,0.3,29,29
astar,1,22.071067811865476,8,0.23169998894445598,33,random_generated,40,0.3,29,29
weighted_astar,1,22.071067811865476,9,0.13390000094659626,22,random_generated,40,0.3,29,29
jps_like,1,27.48528137423857,11,0.736100017093122,59,random_generated,40,0.3,29,29
improved_astar,1,25.13262666350966,6,0.42699999175965786,41,random_generated,40,0.3,29,29
dijkstra,1,7.242640687119285,5,0.08150000940077007,25,random_generated,40,0.7,0,0
astar,1,7.242640687119285,5,0.03600001218728721,9,random_generated,40,0.7,0,0
weighted_astar,1,7.242640687119285,4,0.05570001667365432,11,random_generated,40,0.7,0,0
jps_like,0,nan,nan,0.03260001540184021,6,random_generated,40,0.7,0,0
improved_astar,0,nan,nan,0.03190001007169485,6,random_generated,40,0.7,0,0
dijkstra,1,3.8284271247461903,1,0.04449998959898949,11,random_generated,40,0.7,1,1
astar,1,3.8284271247461903,1,0.017000013031065464,4,random_generated,40,0.7,1,1
weighted_astar,1,3.8284271247461903,1,0.013300013961270452,4,random_generated,40,0.7,1,1
jps_like,0,nan,nan,0.013800017768517137,3,random_generated,40,0.7,1,1
improved_astar,0,nan,nan,0.01170000177808106,3,random_generated,40,0.7,1,1
dijkstra,1,5.242640687119285,2,0.025899993488565087,8,random_generated,40,0.7,2,2
astar,1,5.242640687119285,2,0.03819999983534217,5,random_generated,40,0.7,2,2
weighted_astar,1,5.242640687119285,2,0.029099988751113415,5,random_generated,40,0.7,2,2
jps_like,0,nan,nan,0.02910001785494387,6,random_generated,40,0.7,2,2
improved_astar,0,nan,nan,0.02649999805726111,6,random_generated,40,0.7,2,2
dijkstra,1,11.485281374238571,5,0.11839999933727086,40,random_generated,40,0.7,3,3
astar,1,11.485281374238571,5,0.05400000372901559,15,random_generated,40,0.7,3,3
weighted_astar,1,11.485281374238571,4,0.04189999890513718,12,random_generated,40,0.7,3,3
jps_like,0,nan,nan,0.07559999357908964,16,random_generated,40,0.7,3,3
improved_astar,0,nan,nan,0.07340000593103468,16,random_generated,40,0.7,3,3
dijkstra,1,10.485281374238571,5,0.046200002543628216,15,random_generated,40,0.7,4,4
astar,1,10.485281374238571,5,0.03130000550299883,10,random_generated,40,0.7,4,4
weighted_astar,1,10.485281374238571,5,0.029399991035461426,10,random_generated,40,0.7,4,4
jps_like,0,nan,nan,0.0039000005926936865,1,random_generated,40,0.7,4,4
improved_astar,0,nan,nan,0.0037999998312443495,1,random_generated,40,0.7,4,4
dijkstra,1,10.485281374238571,5,0.05470000905916095,18,random_generated,40,0.7,5,5
astar,1,10.485281374238571,5,0.03759999526664615,11,random_generated,40,0.7,5,5
weighted_astar,1,10.485281374238571,5,0.06229997961781919,10,random_generated,40,0.7,5,5
jps_like,0,nan,nan,0.009600014891475439,2,random_generated,40,0.7,5,5
improved_astar,0,nan,nan,0.06049999501556158,2,random_generated,40,0.7,5,5
dijkstra,1,6.82842712474619,3,0.07760000880807638,27,random_generated,40,0.7,6,6
astar,1,6.82842712474619,3,0.02370000584051013,7,random_generated,40,0.7,6,6
weighted_astar,1,6.82842712474619,3,0.020700012100860476,7,random_generated,40,0.7,6,6
jps_like,0,nan,nan,0.10189999011345208,4,random_generated,40,0.7,6,6
improved_astar,0,nan,nan,0.017099984688684344,4,random_generated,40,0.7,6,6
dijkstra,1,21.970562748477146,11,0.13929998385719955,50,random_generated,40,0.7,7,7
astar,1,21.970562748477146,13,0.13259999104775488,44,random_generated,40,0.7,7,7
weighted_astar,1,21.970562748477146,13,0.12410001363605261,42,random_generated,40,0.7,7,7
jps_like,0,nan,nan,0.019400002202019095,5,random_generated,40,0.7,7,7
improved_astar,0,nan,nan,0.01829999382607639,5,random_generated,40,0.7,7,7
dijkstra,1,6.242640687119285,3,0.041399995097890496,13,random_generated,40,0.7,8,8
astar,1,6.242640687119285,3,0.021899992134422064,6,random_generated,40,0.7,8,8
weighted_astar,1,6.242640687119285,3,0.018399994587525725,6,random_generated,40,0.7,8,8
jps_like,0,nan,nan,0.020700012100860476,5,random_generated,40,0.7,8,8
improved_astar,0,nan,nan,0.019099999917671084,5,random_generated,40,0.7,8,8
dijkstra,1,2.414213562373095,1,0.017999991541728377,5,random_generated,40,0.7,9,9
astar,1,2.414213562373095,1,0.009299983503296971,3,random_generated,40,0.7,9,9
weighted_astar,1,2.414213562373095,1,0.00790000194683671,3,random_generated,40,0.7,9,9
jps_like,1,3.0,1,0.01990000600926578,3,random_generated,40,0.7,9,9
improved_astar,1,3.0,1,0.010299991117790341,3,random_generated,40,0.7,9,9
dijkstra,1,6.656854249492381,2,0.045599997974932194,16,random_generated,40,0.7,10,10
astar,1,6.656854249492381,2,0.023200002033263445,7,random_generated,40,0.7,10,10
weighted_astar,1,6.656854249492381,1,0.018699996871873736,6,random_generated,40,0.7,10,10
jps_like,0,nan,nan,0.01990000600926578,5,random_generated,40,0.7,10,10
improved_astar,0,nan,nan,0.018699996871873736,5,random_generated,40,0.7,10,10
dijkstra,1,19.72792206135786,11,0.11279998579993844,42,random_generated,40,0.7,11,11
astar,1,19.72792206135786,11,0.09459999273531139,32,random_generated,40,0.7,11,11
weighted_astar,1,19.72792206135786,11,0.08850000449456275,30,random_generated,40,0.7,11,11
jps_like,0,nan,nan,0.05750000127591193,15,random_generated,40,0.7,11,11
improved_astar,0,nan,nan,0.05609999061562121,15,random_generated,40,0.7,11,11
dijkstra,1,23.213203435596434,10,0.11640001321211457,43,random_generated,40,0.7,12,13
astar,1,23.213203435596434,9,0.08090000483207405,27,random_generated,40,0.7,12,13
weighted_astar,1,23.213203435596434,9,0.07059998461045325,24,random_generated,40,0.7,12,13
jps_like,0,nan,nan,0.016400008462369442,4,random_generated,40,0.7,12,13
improved_astar,0,nan,nan,0.014999997802078724,4,random_generated,40,0.7,12,13
dijkstra,1,2.8284271247461903,0,0.014399993233382702,5,random_generated,40,0.7,13,14
astar,1,2.8284271247461903,0,0.008200004231184721,3,random_generated,40,0.7,13,14
weighted_astar,1,2.8284271247461903,0,0.006999995093792677,3,random_generated,40,0.7,13,14
jps_like,0,nan,nan,0.006799993570894003,2,random_generated,40,0.7,13,14
improved_astar,0,nan,nan,0.006599992047995329,2,random_generated,40,0.7,13,14
dijkstra,1,1.0,0,0.012900010915473104,4,random_generated,40,0.7,14,15
astar,1,1.0,0,0.005999987479299307,2,random_generated,40,0.7,14,15
weighted_astar,1,1.0,0,0.0047000066842883825,2,random_generated,40,0.7,14,15
jps_like,1,1.0,0,0.00689999433234334,2,random_generated,40,0.7,14,15
improved_astar,1,1.0,0,0.007099995855242014,2,random_generated,40,0.7,14,15
dijkstra,1,3.82842712474619,1,0.03840000135824084,11,random_generated,40,0.7,15,16
astar,1,3.82842712474619,1,0.015400000847876072,4,random_generated,40,0.7,15,16
weighted_astar,1,3.82842712474619,1,0.012100004823878407,4,random_generated,40,0.7,15,16
jps_like,0,nan,nan,0.026399997295811772,7,random_generated,40,0.7,15,16
improved_astar,0,nan,nan,0.02479998511262238,7,random_generated,40,0.7,15,16
dijkstra,1,8.071067811865476,3,0.05780000356025994,21,random_generated,40,0.7,16,17
astar,1,8.071067811865476,3,0.036699988413602114,11,random_generated,40,0.7,16,17
weighted_astar,1,8.071067811865476,4,0.02889998722821474,9,random_generated,40,0.7,16,17
jps_like,0,nan,nan,0.0035999983083456755,1,random_generated,40,0.7,16,17
improved_astar,0,nan,nan,0.0035999983083456755,1,random_generated,40,0.7,16,17
dijkstra,1,29.041630560342625,15,0.19099999917671084,78,random_generated,40,0.7,17,18
astar,1,29.041630560342625,14,0.15159999020397663,52,random_generated,40,0.7,17,18
weighted_astar,1,29.041630560342625,14,0.2562000008765608,37,random_generated,40,0.7,17,18
jps_like,0,nan,nan,0.006599992047995329,1,random_generated,40,0.7,17,18
improved_astar,0,nan,nan,0.004799978341907263,1,random_generated,40,0.7,17,18
dijkstra,1,5.242640687119286,3,0.03850000211969018,12,random_generated,40,0.7,18,19
astar,1,5.242640687119286,3,0.017300015315413475,6,random_generated,40,0.7,18,19
weighted_astar,1,5.242640687119286,3,0.015300000086426735,6,random_generated,40,0.7,18,19
jps_like,0,nan,nan,0.011600001016631722,3,random_generated,40,0.7,18,19
improved_astar,0,nan,nan,0.010799994925037026,3,random_generated,40,0.7,18,19
dijkstra,1,29.384776310850242,18,0.25110002025030553,96,random_generated,40,0.7,19,20
astar,1,29.384776310850242,18,0.1993000041693449,68,random_generated,40,0.7,19,20
weighted_astar,1,29.384776310850242,18,0.15219999477267265,50,random_generated,40,0.7,19,20
jps_like,0,nan,nan,0.013899989426136017,3,random_generated,40,0.7,19,20
improved_astar,0,nan,nan,0.01200000406242907,3,random_generated,40,0.7,19,20
dijkstra,1,30.55634918610405,16,0.23439998039975762,94,random_generated,40,0.7,20,21
astar,1,30.55634918610405,11,0.19290001364424825,49,random_generated,40,0.7,20,21
weighted_astar,1,30.55634918610405,11,0.13540001236833632,42,random_generated,40,0.7,20,21
jps_like,0,nan,nan,0.008700008038431406,2,random_generated,40,0.7,20,21
improved_astar,0,nan,nan,0.011399999493733048,2,random_generated,40,0.7,20,21
dijkstra,1,3.82842712474619,2,0.033100019209086895,11,random_generated,40,0.7,21,22
astar,1,3.82842712474619,2,0.013200013199821115,4,random_generated,40,0.7,21,22
weighted_astar,1,3.82842712474619,2,0.010599993402138352,4,random_generated,40,0.7,21,22
jps_like,0,nan,nan,0.0043000036384910345,1,random_generated,40,0.7,21,22
improved_astar,0,nan,nan,0.0036999990697950125,1,random_generated,40,0.7,21,22
dijkstra,1,10.071067811865476,4,0.0678999931551516,26,random_generated,40,0.7,22,23
astar,1,10.071067811865476,4,0.03010002546943724,9,random_generated,40,0.7,22,23
weighted_astar,1,10.071067811865476,3,0.028600014047697186,9,random_generated,40,0.7,22,23
jps_like,0,nan,nan,0.04020001506432891,10,random_generated,40,0.7,22,23
improved_astar,0,nan,nan,0.03840000135824084,10,random_generated,40,0.7,22,23
dijkstra,1,2.8284271247461903,1,0.00899998121894896,3,random_generated,40,0.7,23,24
astar,1,2.8284271247461903,1,0.007399998139590025,3,random_generated,40,0.7,23,24
weighted_astar,1,2.8284271247461903,1,0.005999987479299307,3,random_generated,40,0.7,23,24
jps_like,0,nan,nan,0.0032999960239976645,1,random_generated,40,0.7,23,24
improved_astar,0,nan,nan,0.0031999952625483274,1,random_generated,40,0.7,23,24
dijkstra,1,4.242640687119286,1,0.0185999961104244,7,random_generated,40,0.7,24,25
astar,1,4.242640687119286,1,0.01409999094903469,5,random_generated,40,0.7,24,25
weighted_astar,1,4.242640687119286,1,0.012500007869675756,5,random_generated,40,0.7,24,25
jps_like,0,nan,nan,0.013800017768517137,4,random_generated,40,0.7,24,25
improved_astar,0,nan,nan,0.013300013961270452,4,random_generated,40,0.7,24,25
dijkstra,1,4.242640687119286,0,0.041799998143687844,14,random_generated,40,0.7,25,26
astar,1,4.242640687119286,0,0.017799990018829703,4,random_generated,40,0.7,25,26
weighted_astar,1,4.242640687119286,0,0.01580000389367342,4,random_generated,40,0.7,25,26
jps_like,0,nan,nan,0.05060000694356859,10,random_generated,40,0.7,25,26
improved_astar,0,nan,nan,0.06609997944906354,10,random_generated,40,0.7,25,26
dijkstra,1,4.414213562373095,1,0.05060000694356859,17,random_generated,40,0.7,26,27
astar,1,4.414213562373095,1,0.018799997633323073,5,random_generated,40,0.7,26,27
weighted_astar,1,4.414213562373095,1,0.016799982404336333,5,random_generated,40,0.7,26,27
jps_like,1,5.0,2,0.043100008042529225,6,random_generated,40,0.7,26,27
improved_astar,1,4.414213562373095,1,0.02929999027401209,6,random_generated,40,0.7,26,27
dijkstra,1,17.313708498984763,8,0.08630001684650779,30,random_generated,40,0.7,27,28
astar,1,17.313708498984763,8,0.05810000584460795,18,random_generated,40,0.7,27,28
weighted_astar,1,17.313708498984763,8,0.055100012104958296,18,random_generated,40,0.7,27,28
jps_like,0,nan,nan,0.007700000423938036,2,random_generated,40,0.7,27,28
improved_astar,0,nan,nan,0.007199996616691351,2,random_generated,40,0.7,27,28
dijkstra,1,18.970562748477146,8,0.12589999823831022,50,random_generated,40,0.7,28,29
astar,1,18.970562748477146,8,0.09280000813305378,32,random_generated,40,0.7,28,29
weighted_astar,1,18.970562748477146,8,0.07890001870691776,27,random_generated,40,0.7,28,29
jps_like,0,nan,nan,0.0040000013541430235,1,random_generated,40,0.7,28,29
improved_astar,0,nan,nan,0.0035999983083456755,1,random_generated,40,0.7,28,29
dijkstra,1,11.071067811865476,5,0.1621000119484961,61,random_generated,40,0.7,29,30
astar,1,11.071067811865476,5,0.04159999662078917,12,random_generated,40,0.7,29,30
weighted_astar,1,11.071067811865476,6,0.03470000228844583,10,random_generated,40,0.7,29,30
jps_like,0,nan,nan,0.0036999990697950125,1,random_generated,40,0.7,29,30
improved_astar,0,nan,nan,0.0037999998312443495,1,random_generated,40,0.7,29,30
dijkstra,1,63.0832611206852,23,11.149300000397488,3155,random_generated,80,0.3,0,0
astar,1,63.0832611206852,21,1.3942999939899892,302,random_generated,80,0.3,0,0
weighted_astar,1,63.0832611206852,21,0.2896000223699957,62,random_generated,80,0.3,0,0
jps_like,1,75.6274169979695,30,4.4827999954577535,615,random_generated,80,0.3,0,0
improved_astar,1,70.72473403936806,17,3.1682999979238957,382,random_generated,80,0.3,0,0
dijkstra,1,42.79898987322333,11,6.736400013323873,2081,random_generated,80,0.3,1,1
astar,1,42.798989873223334,13,0.5344999954104424,138,random_generated,80,0.3,1,1
weighted_astar,1,42.798989873223334,12,0.20989999757148325,48,random_generated,80,0.3,1,1
jps_like,1,51.48528137423857,24,2.827599993906915,379,random_generated,80,0.3,1,1
improved_astar,1,47.58869951617408,12,1.0129000002052635,134,random_generated,80,0.3,1,1
dijkstra,1,9.82842712474619,4,0.6302999972831458,178,random_generated,80,0.3,2,2
astar,1,9.82842712474619,4,0.05889998283237219,12,random_generated,80,0.3,2,2
weighted_astar,1,9.82842712474619,4,0.04780001472681761,10,random_generated,80,0.3,2,2
jps_like,1,31.82842712474619,14,1.9705000158865005,266,random_generated,80,0.3,2,2
improved_astar,1,28.546774330981094,9,1.8094000115524977,243,random_generated,80,0.3,2,2
dijkstra,1,22.55634918610405,4,2.7864000003319234,799,random_generated,80,0.3,3,3
astar,1,22.55634918610405,6,0.2513999934308231,61,random_generated,80,0.3,3,3
weighted_astar,1,22.55634918610405,6,0.11240001185797155,25,random_generated,80,0.3,3,3
jps_like,1,24.899494936611664,9,0.8880999812390655,100,random_generated,80,0.3,3,3
improved_astar,1,25.47213595499958,6,0.4925000248476863,56,random_generated,80,0.3,3,3
dijkstra,1,47.627416997969505,17,6.032800010871142,1932,random_generated,80,0.3,4,4
astar,1,47.627416997969505,13,0.9470000222790986,250,random_generated,80,0.3,4,4
weighted_astar,1,47.627416997969505,12,0.7077000045683235,144,random_generated,80,0.3,4,4
jps_like,1,53.14213562373094,17,2.7694999880623072,391,random_generated,80,0.3,4,4
improved_astar,1,51.60285351054029,10,0.8924999856390059,131,random_generated,80,0.3,4,4
dijkstra,1,29.48528137423857,9,4.640200000721961,1351,random_generated,80,0.3,5,5
astar,1,29.48528137423857,10,0.26939998497255147,72,random_generated,80,0.3,5,5
weighted_astar,1,30.313708498984763,12,0.15330000314861536,37,random_generated,80,0.3,5,5
jps_like,1,31.48528137423857,11,0.4755000118166208,69,random_generated,80,0.3,5,5
improved_astar,1,28.649897719983095,5,0.3110000106971711,42,random_generated,80,0.3,5,5
dijkstra,1,32.45584412271572,12,3.518100013025105,1116,random_generated,80,0.3,6,6
astar,1,32.45584412271572,9,0.6415999960154295,66,random_generated,80,0.3,6,6
weighted_astar,1,33.041630560342625,15,0.301199994282797,27,random_generated,80,0.3,6,6
jps_like,1,40.07106781186547,16,1.17050000699237,116,random_generated,80,0.3,6,6
improved_astar,1,36.99712646814584,7,0.5597000126726925,66,random_generated,80,0.3,6,6
dijkstra,1,77.74011537017755,20,14.199799974448979,4362,random_generated,80,0.3,7,7
astar,1,77.74011537017755,18,1.2208000116515905,283,random_generated,80,0.3,7,7
weighted_astar,1,78.91168824543138,27,0.4621999978553504,88,random_generated,80,0.3,7,7
jps_like,1,93.11269837220804,45,7.718500011833385,944,random_generated,80,0.3,7,7
improved_astar,1,82.91304531778431,21,3.376699984073639,403,random_generated,80,0.3,7,7
dijkstra,1,41.62741699796952,16,8.144699997501448,2432,random_generated,80,0.3,8,8
astar,1,41.62741699796952,16,0.22050002007745206,50,random_generated,80,0.3,8,8
weighted_astar,1,41.627416997969526,14,0.16450000111944973,39,random_generated,80,0.3,8,8
jps_like,1,53.970562748477136,24,2.3154000227805227,327,random_generated,80,0.3,8,8
improved_astar,1,48.63944836011391,11,1.0652999917510897,162,random_generated,80,0.3,8,8
dijkstra,1,41.52691193458118,16,7.585700019262731,2215,random_generated,80,0.3,9,9
astar,1,41.52691193458118,16,0.47220001579262316,101,random_generated,80,0.3,9,9
weighted_astar,1,41.526911934581186,16,0.18820000695995986,36,random_generated,80,0.3,9,9
jps_like,1,48.79898987322332,23,2.16009997529909,258,random_generated,80,0.3,9,9
improved_astar,1,43.07897148690151,11,0.8316999883390963,74,random_generated,80,0.3,9,9
dijkstra,1,70.69848480983498,30,10.263799980748445,3368,random_generated,80,0.3,10,10
astar,1,70.69848480983498,25,1.33200001437217,363,random_generated,80,0.3,10,10
weighted_astar,1,76.74011537017756,30,0.3454000107012689,83,random_generated,80,0.3,10,10
jps_like,1,81.97056274847712,37,4.92039998061955,674,random_generated,80,0.3,10,10
improved_astar,1,75.03672303959632,17,3.2491000019945204,459,random_generated,80,0.3,10,10
dijkstra,1,30.48528137423857,8,2.845199982402846,960,random_generated,80,0.3,11,11
astar,1,30.48528137423857,8,0.29460000223480165,81,random_generated,80,0.3,11,11
weighted_astar,1,30.48528137423857,12,0.1880000054370612,38,random_generated,80,0.3,11,11
jps_like,1,33.65685424949238,16,0.753400003304705,109,random_generated,80,0.3,11,11
improved_astar,1,30.380992163167697,7,0.47900000936351717,70,random_generated,80,0.3,11,11
dijkstra,1,16.899494936611667,4,0.7137999928090721,222,random_generated,80,0.3,12,12
astar,1,16.899494936611667,6,0.07430001278407872,15,random_generated,80,0.3,12,12
weighted_astar,1,16.899494936611667,6,0.06719998782500625,15,random_generated,80,0.3,12,12
jps_like,1,18.656854249492383,10,0.33179999445565045,48,random_generated,80,0.3,12,12
improved_astar,1,17.06737753561682,4,0.1852999848779291,25,random_generated,80,0.3,12,12
dijkstra,1,18.899494936611667,7,1.5952000103425235,561,random_generated,80,0.3,13,13
astar,1,18.899494936611667,8,0.1652000064495951,45,random_generated,80,0.3,13,13
weighted_astar,1,19.72792206135786,6,0.08669999078847468,22,random_generated,80,0.3,13,13
jps_like,1,22.31370849898476,8,0.7654000073671341,80,random_generated,80,0.3,13,13
improved_astar,1,20.47983618458472,2,0.6345000001601875,60,random_generated,80,0.3,13,13
dijkstra,1,29.62741699796953,9,5.332900007488206,1456,random_generated,80,0.3,14,14
astar,1,29.62741699796953,9,0.23140001576393843,53,random_generated,80,0.3,14,14
weighted_astar,1,29.62741699796953,8,0.135600013891235,29,random_generated,80,0.3,14,14
jps_like,1,43.72792206135785,20,1.6315000248141587,223,random_generated,80,0.3,14,14
improved_astar,1,38.8558506236332,8,0.9311999892815948,127,random_generated,80,0.3,14,14
dijkstra,1,46.21320343559641,14,6.093700008932501,1864,random_generated,80,0.3,15,15
astar,1,46.21320343559641,14,1.2101999891456217,331,random_generated,80,0.3,15,15
weighted_astar,1,48.69848480983498,17,0.6853999802842736,116,random_generated,80,0.3,15,15
jps_like,1,50.55634918610403,21,2.780199982225895,395,random_generated,80,0.3,15,15
improved_astar,1,45.628549436495575,10,1.5371999761555344,212,random_generated,80,0.3,15,15
dijkstra,1,45.38477631085023,14,11.112900014268234,3269,random_generated,80,0.3,16,16
astar,1,45.38477631085023,16,0.516500003868714,128,random_generated,80,0.3,16,16
weighted_astar,1,49.2842712474619,17,0.22260000696405768,53,random_generated,80,0.3,16,16
jps_like,1,49.142135623730944,22,1.5605999797116965,216,random_generated,80,0.3,16,16
improved_astar,1,45.745706373805504,10,0.5220999883022159,65,random_generated,80,0.3,16,16
dijkstra,1,50.87005768508878,15,7.525399996666238,2487,random_generated,80,0.3,17,17
astar,1,50.87005768508879,18,0.6092000112403184,155,random_generated,80,0.3,17,17
weighted_astar,1,52.2842712474619,18,0.32900000223889947,71,random_generated,80,0.3,17,17
jps_like,1,59.21320343559642,31,2.7523000026121736,406,random_generated,80,0.3,17,17
improved_astar,1,53.17617854121606,11,1.267400017241016,165,random_generated,80,0.3,17,17
dijkstra,1,45.94112549695427,14,8.27319998643361,2260,random_generated,80,0.3,18,18
astar,1,45.94112549695427,14,1.0612999903969467,213,random_generated,80,0.3,18,18
weighted_astar,1,45.94112549695428,12,0.30429998878389597,50,random_generated,80,0.3,18,18
jps_like,1,52.38477631085022,21,3.396099986275658,424,random_generated,80,0.3,18,18
improved_astar,1,45.72504933325733,9,1.054299995303154,119,random_generated,80,0.3,18,18
dijkstra,1,30.62741699796953,7,4.992199974367395,1552,random_generated,80,0.3,19,19
astar,1,30.62741699796953,8,0.41439998312853277,94,random_generated,80,0.3,19,19
weighted_astar,1,31.213203435596434,16,0.15770000754855573,36,random_generated,80,0.3,19,19
jps_like,1,38.72792206135785,19,2.397299977019429,330,random_generated,80,0.3,19,19
improved_astar,1,35.062130237903496,7,1.6746999754104763,245,random_generated,80,0.3,19,19
dijkstra,1,41.94112549695428,11,7.754099991871044,2429,random_generated,80,0.3,20,20
astar,1,41.94112549695428,9,0.4419999895617366,109,random_generated,80,0.3,20,20
weighted_astar,1,41.94112549695428,9,0.17800001660361886,40,random_generated,80,0.3,20,20
jps_like,1,48.62741699796951,27,2.593399985926226,342,random_generated,80,0.3,20,20
improved_astar,1,44.93826974488286,9,1.2199000047985464,145,random_generated,80,0.3,20,20
dijkstra,1,15.656854249492381,6,1.0089999996125698,273,random_generated,80,0.3,21,21
astar,1,15.656854249492381,6,0.149500003317371,38,random_generated,80,0.3,21,21
weighted_astar,1,15.656854249492381,7,0.07429998368024826,17,random_generated,80,0.3,21,21
jps_like,1,17.071067811865476,7,0.40989997796714306,52,random_generated,80,0.3,21,21
improved_astar,1,16.012869126098966,2,0.22399998852051795,29,random_generated,80,0.3,21,21
dijkstra,1,3.0,0,0.05669999518431723,13,random_generated,80,0.3,22,22
astar,1,3.0,0,0.018499995348975062,4,random_generated,80,0.3,22,22
weighted_astar,1,3.0,0,0.014199991710484028,4,random_generated,80,0.3,22,22
jps_like,1,3.0,0,0.013199984095990658,2,random_generated,80,0.3,22,22
improved_astar,1,3.0,0,0.01209997572004795,2,random_generated,80,0.3,22,22
dijkstra,1,61.2132034355964,18,11.297500022919849,3501,random_generated,80,0.3,23,23
astar,1,61.2132034355964,16,1.2076999992132187,345,random_generated,80,0.3,23,23
weighted_astar,1,61.2132034355964,17,0.2868000010494143,68,random_generated,80,0.3,23,23
jps_like,1,70.72792206135784,29,4.433599999174476,650,random_generated,80,0.3,23,23
improved_astar,1,63.481671235945214,13,2.319899998838082,340,random_generated,80,0.3,23,23
dijkstra,1,7.242640687119285,1,0.1720000000204891,57,random_generated,80,0.3,24,24
astar,1,7.242640687119285,4,0.0329999893438071,7,random_generated,80,0.3,24,24
weighted_astar,1,7.242640687119286,1,0.028499984182417393,7,random_generated,80,0.3,24,24
jps_like,1,7.242640687119285,3,0.05329999839887023,6,random_generated,80,0.3,24,24
improved_astar,1,6.708203932499369,0,0.04060001811012626,5,random_generated,80,0.3,24,24
dijkstra,1,58.04163056034259,20,13.775700004771352,3995,random_generated,80,0.3,25,25
astar,1,58.0416305603426,19,1.023400021949783,284,random_generated,80,0.3,25,25
weighted_astar,1,60.526911934581165,23,0.32419999479316175,79,random_generated,80,0.3,25,25
jps_like,1,63.31370849898475,28,2.4235000018961728,360,random_generated,80,0.3,25,25
improved_astar,1,58.81946758123903,12,0.6460999720729887,95,random_generated,80,0.3,25,25
dijkstra,1,30.72792206135786,8,2.01500000548549,673,random_generated,80,0.3,26,26
astar,1,30.72792206135786,12,0.6896999839227647,173,random_generated,80,0.3,26,26
weighted_astar,1,31.55634918610405,13,0.3144000074826181,87,random_generated,80,0.3,26,26
jps_like,1,45.31370849898475,25,2.865000016754493,416,random_generated,80,0.3,26,26
improved_astar,1,41.0001599279049,9,2.4892000074032694,351,random_generated,80,0.3,26,26
dijkstra,1,16.313708498984763,6,1.5710000006947666,495,random_generated,80,0.3,27,27
astar,1,16.313708498984763,4,0.215300009585917,57,random_generated,80,0.3,27,27
weighted_astar,1,16.313708498984763,9,0.08239998714998364,19,random_generated,80,0.3,27,27
jps_like,1,17.242640687119284,6,0.5249000096227974,66,random_generated,80,0.3,27,27
improved_astar,1,16.59524158061724,3,0.3245000261813402,30,random_generated,80,0.3,27,27
dijkstra,1,78.32590180780446,25,13.072600006125867,3947,random_generated,80,0.3,28,28
astar,1,78.32590180780446,34,1.7631000082474202,452,random_generated,80,0.3,28,28
weighted_astar,1,79.15432893255065,31,0.4165999998804182,78,random_generated,80,0.3,28,28
jps_like,1,88.52691193458115,50,9.03180000022985,1225,random_generated,80,0.3,28,28
improved_astar,1,86.33861757849446,15,2.6273000112269074,363,random_generated,80,0.3,28,28
dijkstra,1,47.01219330881974,12,6.214099994394928,2095,random_generated,80,0.3,29,29
astar,1,47.01219330881974,9,0.29460000223480165,53,random_generated,80,0.3,29,29
weighted_astar,1,47.01219330881974,9,0.2185999765060842,36,random_generated,80,0.3,29,29
jps_like,1,60.0416305603426,31,3.720699984114617,463,random_generated,80,0.3,29,29
improved_astar,1,55.4408822633234,12,1.337599998805672,170,random_generated,80,0.3,29,29
dijkstra,1,2.8284271247461903,0,0.01789999078027904,4,random_generated,80,0.7,0,1
astar,1,2.8284271247461903,0,0.010199990356341004,3,random_generated,80,0.7,0,1
weighted_astar,1,2.8284271247461903,0,0.007800001185387373,3,random_generated,80,0.7,0,1
jps_like,0,nan,nan,0.008200004231184721,2,random_generated,80,0.7,0,1
improved_astar,0,nan,nan,0.007599999662488699,2,random_generated,80,0.7,0,1
dijkstra,1,10.485281374238571,4,0.11590000940486789,42,random_generated,80,0.7,1,5
astar,1,10.485281374238571,4,0.04919999628327787,14,random_generated,80,0.7,1,5
weighted_astar,1,10.485281374238571,4,0.0371999922208488,11,random_generated,80,0.7,1,5
jps_like,0,nan,nan,0.16979998326860368,40,random_generated,80,0.7,1,5
improved_astar,0,nan,nan,0.16450000111944973,40,random_generated,80,0.7,1,5
dijkstra,1,12.899494936611667,7,0.152299995534122,57,random_generated,80,0.7,2,6
astar,1,12.899494936611667,7,0.06120000034570694,18,random_generated,80,0.7,2,6
weighted_astar,1,12.899494936611667,7,0.046200002543628216,14,random_generated,80,0.7,2,6
jps_like,0,nan,nan,0.11409999569877982,26,random_generated,80,0.7,2,6
improved_astar,0,nan,nan,0.11210000957362354,26,random_generated,80,0.7,2,6
dijkstra,1,19.970562748477146,10,0.13050000416114926,50,random_generated,80,0.7,3,7
astar,1,19.970562748477146,10,0.08670001989230514,30,random_generated,80,0.7,3,7
weighted_astar,1,19.970562748477146,10,0.07079998613335192,25,random_generated,80,0.7,3,7
jps_like,0,nan,nan,0.0040000013541430235,1,random_generated,80,0.7,3,7
improved_astar,0,nan,nan,0.0035999983083456755,1,random_generated,80,0.7,3,7
dijkstra,1,28.62741699796953,17,0.23609999334439635,73,random_generated,80,0.7,4,9
astar,1,28.62741699796953,17,0.13440000475384295,47,random_generated,80,0.7,4,9
weighted_astar,1,28.62741699796953,17,0.11829999857582152,44,random_generated,80,0.7,4,9
jps_like,0,nan,nan,0.0042000028770416975,1,random_generated,80,0.7,4,9
improved_astar,0,nan,nan,0.0037999998312443495,1,random_generated,80,0.7,4,9
dijkstra,1,25.384776310850242,13,0.1427999814040959,59,random_generated,80,0.7,5,10
astar,1,25.384776310850242,13,0.13080000644549727,48,random_generated,80,0.7,5,10
weighted_astar,1,25.384776310850242,13,0.12110001989640296,44,random_generated,80,0.7,5,10
jps_like,0,nan,nan,0.015099998563528061,4,random_generated,80,0.7,5,10
improved_astar,0,nan,nan,0.0137000170070678,4,random_generated,80,0.7,5,10
dijkstra,1,7.82842712474619,3,0.10189999011345208,34,random_generated,80,0.7,6,11
astar,1,7.82842712474619,3,0.031800009310245514,9,random_generated,80,0.7,6,11
weighted_astar,1,7.82842712474619,3,0.027900008717551827,9,random_generated,80,0.7,6,11
jps_like,0,nan,nan,0.020199979189783335,5,random_generated,80,0.7,6,11
improved_astar,0,nan,nan,0.018699996871873736,5,random_generated,80,0.7,6,11
dijkstra,1,15.899494936611667,10,0.08079997496679425,30,random_generated,80,0.7,7,12
astar,1,15.899494936611667,7,0.05639999289996922,19,random_generated,80,0.7,7,12
weighted_astar,1,15.899494936611667,7,0.04959999932907522,18,random_generated,80,0.7,7,12
jps_like,0,nan,nan,0.007599999662488699,2,random_generated,80,0.7,7,12
improved_astar,0,nan,nan,0.006499991286545992,2,random_generated,80,0.7,7,12
dijkstra,1,2.0,0,0.02039998071268201,5,random_generated,80,0.7,8,13
astar,1,2.0,0,0.010799994925037026,3,random_generated,80,0.7,8,13
weighted_astar,1,2.0,0,0.008100003469735384,3,random_generated,80,0.7,8,13
jps_like,1,2.0,0,0.00790000194683671,2,random_generated,80,0.7,8,13
improved_astar,1,2.0,0,0.007499998901039362,2,random_generated,80,0.7,8,13
dijkstra,1,19.142135623730955,11,0.06680001388303936,25,random_generated,80,0.7,9,14
astar,1,19.142135623730955,11,0.05810000584460795,21,random_generated,80,0.7,9,14
weighted_astar,1,19.142135623730955,11,0.053099996875971556,20,random_generated,80,0.7,9,14
jps_like,0,nan,nan,0.0041000021155923605,1,random_generated,80,0.7,9,14
improved_astar,0,nan,nan,0.0035999983083456755,1,random_generated,80,0.7,9,14
dijkstra,1,4.82842712474619,2,0.04160002572461963,10,random_generated,80,0.7,10,16
astar,1,4.82842712474619,2,0.023999979021027684,5,random_generated,80,0.7,10,16
weighted_astar,1,4.82842712474619,2,0.020599982235580683,5,random_generated,80,0.7,10,16
jps_like,0,nan,nan,0.014899997040629387,3,random_generated,80,0.7,10,16
improved_astar,0,nan,nan,0.011900003300979733,3,random_generated,80,0.7,10,16
dijkstra,1,6.65685424949238,3,0.0610999995842576,21,random_generated,80,0.7,11,17
astar,1,6.65685424949238,3,0.02340000355616212,7,random_generated,80,0.7,11,17
weighted_astar,1,6.65685424949238,3,0.024899985874071717,8,random_generated,80,0.7,11,17
jps_like,0,nan,nan,0.0039000005926936865,1,random_generated,80,0.7,11,17
improved_astar,0,nan,nan,0.0036999990697950125,1,random_generated,80,0.7,11,17
dijkstra,1,5.82842712474619,2,0.053499999921768904,17,random_generated,80,0.7,12,19
astar,1,5.82842712474619,2,0.04539999645203352,6,random_generated,80,0.7,12,19
weighted_astar,1,5.82842712474619,2,0.04569999873638153,6,random_generated,80,0.7,12,19
jps_like,0,nan,nan,0.024599983589723706,6,random_generated,80,0.7,12,19
improved_astar,0,nan,nan,0.022599997464567423,6,random_generated,80,0.7,12,19
dijkstra,1,4.82842712474619,2,0.030199997127056122,10,random_generated,80,0.7,13,20
astar,1,4.82842712474619,2,0.014999997802078724,5,random_generated,80,0.7,13,20
weighted_astar,1,4.82842712474619,2,0.012699980288743973,5,random_generated,80,0.7,13,20
jps_like,0,nan,nan,0.03460000152699649,9,random_generated,80,0.7,13,20
improved_astar,0,nan,nan,0.04509999416768551,9,random_generated,80,0.7,13,20
dijkstra,1,16.313708498984763,10,0.07599999662488699,30,random_generated,80,0.7,14,21
astar,1,16.313708498984763,10,0.060600024880841374,22,random_generated,80,0.7,14,21
weighted_astar,1,16.313708498984763,10,0.05329999839887023,20,random_generated,80,0.7,14,21
jps_like,0,nan,nan,0.011100026313215494,3,random_generated,80,0.7,14,21
improved_astar,0,nan,nan,0.010400020983070135,3,random_generated,80,0.7,14,21
dijkstra,1,1.0,0,0.010599993402138352,3,random_generated,80,0.7,15,22
astar,1,1.0,0,0.00589998671784997,2,random_generated,80,0.7,15,22
weighted_astar,1,1.0,0,0.004299974534660578,2,random_generated,80,0.7,15,22
jps_like,1,1.0,0,0.008000002708286047,2,random_generated,80,0.7,15,22
improved_astar,1,1.0,0,0.007499998901039362,2,random_generated,80,0.7,15,22
dijkstra,1,3.8284271247461903,1,0.039700011257082224,11,random_generated,80,0.7,16,25
astar,1,3.8284271247461903,1,0.013699987903237343,4,random_generated,80,0.7,16,25
weighted_astar,1,3.8284271247461903,1,0.009899988071992993,4,random_generated,80,0.7,16,25
jps_like,0,nan,nan,0.004999979864805937,1,random_generated,80,0.7,16,25
improved_astar,0,nan,nan,0.0037999998312443495,1,random_generated,80,0.7,16,25
dijkstra,1,12.071067811865476,7,0.0923000043258071,28,random_generated,80,0.7,17,26
astar,1,12.071067811865476,7,0.04909999552182853,16,random_generated,80,0.7,17,26
weighted_astar,1,12.071067811865476,7,0.04300000728107989,15,random_generated,80,0.7,17,26
jps_like,0,nan,nan,0.019500002963468432,5,random_generated,80,0.7,17,26
improved_astar,0,nan,nan,0.018399994587525725,5,random_generated,80,0.7,17,26
dijkstra,1,6.242640687119285,2,0.051799986977130175,16,random_generated,80,0.7,18,28
astar,1,6.242640687119285,4,0.021700019715353847,6,random_generated,80,0.7,18,28
weighted_astar,1,6.242640687119285,4,0.018399994587525725,6,random_generated,80,0.7,18,28
jps_like,0,nan,nan,0.0043000036384910345,1,random_generated,80,0.7,18,28
improved_astar,0,nan,nan,0.0035999983083456755,1,random_generated,80,0.7,18,28
dijkstra,1,20.55634918610405,11,0.14359998749569058,57,random_generated,80,0.7,19,29
astar,1,20.55634918610405,11,0.0748000165913254,24,random_generated,80,0.7,19,29
weighted_astar,1,20.55634918610405,11,0.06660001236014068,20,random_generated,80,0.7,19,29
jps_like,0,nan,nan,0.014999997802078724,4,random_generated,80,0.7,19,29
improved_astar,0,nan,nan,0.014199991710484028,4,random_generated,80,0.7,19,29
dijkstra,1,11.485281374238571,6,0.1379000023007393,51,random_generated,80,0.7,20,30
astar,1,11.485281374238571,6,0.04740001168102026,14,random_generated,80,0.7,20,30
weighted_astar,1,11.485281374238571,6,0.03660001675598323,11,random_generated,80,0.7,20,30
jps_like,0,nan,nan,0.024800014216452837,6,random_generated,80,0.7,20,30
improved_astar,0,nan,nan,0.023300002794712782,6,random_generated,80,0.7,20,30
dijkstra,1,2.8284271247461903,1,0.025299988919869065,4,random_generated,80,0.7,21,32
astar,1,2.8284271247461903,1,0.014400022337213159,3,random_generated,80,0.7,21,32
weighted_astar,1,2.8284271247461903,1,0.01069999416358769,3,random_generated,80,0.7,21,32
jps_like,0,nan,nan,0.006199989002197981,1,random_generated,80,0.7,21,32
improved_astar,0,nan,nan,0.0040000013541430235,1,random_generated,80,0.7,21,32
dijkstra,1,13.899494936611667,7,0.11029999586753547,36,random_generated,80,0.7,22,35
astar,1,13.899494936611667,7,0.08009999874047935,22,random_generated,80,0.7,22,35
weighted_astar,1,13.899494936611667,7,0.14029999147169292,20,random_generated,80,0.7,22,35
jps_like,0,nan,nan,0.013999990187585354,3,random_generated,80,0.7,22,35
improved_astar,0,nan,nan,0.0109999964479357,3,random_generated,80,0.7,22,35
dijkstra,1,14.313708498984763,9,0.11219998123124242,42,random_generated,80,0.7,23,37
astar,1,14.313708498984763,9,0.07070001447573304,23,random_generated,80,0.7,23,37
weighted_astar,1,14.313708498984763,8,0.05900001269765198,20,random_generated,80,0.7,23,37
jps_like,0,nan,nan,0.021799991372972727,5,random_generated,80,0.7,23,37
improved_astar,0,nan,nan,0.01920000067912042,5,random_generated,80,0.7,23,37
dijkstra,1,12.899494936611667,6,0.060999998822808266,20,random_generated,80,0.7,24,39
astar,1,12.899494936611667,6,0.05110001075081527,17,random_generated,80,0.7,24,39
weighted_astar,1,12.899494936611667,6,0.04789998638443649,17,random_generated,80,0.7,24,39
jps_like,0,nan,nan,0.042400002712383866,10,random_generated,80,0.7,24,39
improved_astar,0,nan,nan,0.03929997910745442,10,random_generated,80,0.7,24,39
dijkstra,1,9.071067811865476,5,0.08509997860528529,30,random_generated,80,0.7,25,40
astar,1,9.071067811865476,5,0.03940000897273421,12,random_generated,80,0.7,25,40
weighted_astar,1,9.071067811865476,5,0.03090000245720148,11,random_generated,80,0.7,25,40
jps_like,0,nan,nan,0.008500006515532732,2,random_generated,80,0.7,25,40
improved_astar,0,nan,nan,0.007599999662488699,2,random_generated,80,0.7,25,40
dijkstra,1,2.414213562373095,1,0.013899989426136017,5,random_generated,80,0.7,26,41
astar,1,2.414213562373095,1,0.008800008799880743,3,random_generated,80,0.7,26,41
weighted_astar,1,2.414213562373095,1,0.007499998901039362,3,random_generated,80,0.7,26,41
jps_like,0,nan,nan,0.01069999416358769,3,random_generated,80,0.7,26,41
improved_astar,0,nan,nan,0.010299991117790341,3,random_generated,80,0.7,26,41
dijkstra,1,38.698484809834994,18,0.31370000215247273,131,random_generated,80,0.7,27,42
astar,1,38.698484809834994,18,0.27249997947365046,94,random_generated,80,0.7,27,42
weighted_astar,1,38.698484809834994,18,0.26199998683296144,74,random_generated,80,0.7,27,42
jps_like,0,nan,nan,0.005700014298781753,1,random_generated,80,0.7,27,42
improved_astar,0,nan,nan,0.0045000051613897085,1,random_generated,80,0.7,27,42
dijkstra,1,21.142135623730955,12,0.26309999520890415,110,random_generated,80,0.7,28,43
astar,1,21.142135623730955,11,0.11160000576637685,37,random_generated,80,0.7,28,43
weighted_astar,1,21.142135623730955,11,0.06700001540593803,22,random_generated,80,0.7,28,43
jps_like,0,nan,nan,0.07109998841769993,17,random_generated,80,0.7,28,43
improved_astar,0,nan,nan,0.0686999992467463,17,random_generated,80,0.7,28,43
dijkstra,1,13.899494936611667,8,0.13210001634433866,47,random_generated,80,0.7,29,45
astar,1,13.899494936611667,9,0.08730002446100116,20,random_generated,80,0.7,29,45
weighted_astar,1,13.899494936611667,9,0.06429999484680593,19,random_generated,80,0.7,29,45
jps_like,0,nan,nan,0.04249997437000275,7,random_generated,80,0.7,29,45
improved_astar,0,nan,nan,0.029099988751113415,7,random_generated,80,0.7,29,45
dijkstra,1,64.49747468305829,21,17.84309998038225,5581,random_generated,100,0.3,0,0
astar,1,64.4974746830583,17,1.0907999821938574,214,random_generated,100,0.3,0,0
weighted_astar,1,65.6690475583121,21,0.460599985672161,77,random_generated,100,0.3,0,0
jps_like,1,79.04163056034261,39,7.1211999747902155,844,random_generated,100,0.3,0,0
improved_astar,1,71.80693214185938,16,2.743100019870326,383,random_generated,100,0.3,0,0
dijkstra,1,60.183766184073534,19,11.345100007019937,3376,random_generated,100,0.3,1,1
astar,1,60.18376618407354,21,0.825700000859797,197,random_generated,100,0.3,1,1
weighted_astar,1,62.0832611206852,20,0.24009999469853938,52,random_generated,100,0.3,1,1
jps_like,1,67.4558441227157,29,5.265100015094504,678,random_generated,100,0.3,1,1
improved_astar,1,65.17130156544444,13,2.660700003616512,359,random_generated,100,0.3,1,1
dijkstra,1,47.870057685088796,15,8.45120000303723,2796,random_generated,100,0.3,2,2
astar,1,47.870057685088796,13,0.47519998042844236,117,random_generated,100,0.3,2,2
weighted_astar,1,48.11269837220808,17,0.2136999974027276,50,random_generated,100,0.3,2,2
jps_like,1,57.04163056034259,27,2.608100010547787,388,random_generated,100,0.3,2,2
improved_astar,1,50.51109926611038,11,1.5564000059384853,210,random_generated,100,0.3,2,2
dijkstra,1,78.94112549695424,30,15.806399984285235,4673,random_generated,100,0.3,3,3
astar,1,78.94112549695426,24,2.197499998146668,559,random_generated,100,0.3,3,3
weighted_astar,1,83.91168824543139,31,0.5211999814491719,134,random_generated,100,0.3,3,3
jps_like,1,96.7989898732233,48,10.041200002888218,1451,random_generated,100,0.3,3,3
improved_astar,1,89.1678719651932,20,6.853600003523752,1023,random_generated,100,0.3,3,3
dijkstra,1,100.39696961966992,38,23.309399985009804,6531,random_generated,100,0.3,4,4
astar,1,100.39696961966993,33,3.748599992832169,967,random_generated,100,0.3,4,4
weighted_astar,1,102.88225099390849,40,0.4807999939657748,104,random_generated,100,0.3,4,4
jps_like,1,128.94112549695424,53,27.228499995544553,3595,random_generated,100,0.3,4,4
improved_astar,1,116.87898741156643,28,18.54239997919649,2395,random_generated,100,0.3,4,4
dijkstra,1,44.727922061357845,13,5.9532000159379095,1673,random_generated,100,0.3,5,5
astar,1,44.727922061357845,13,0.520200002938509,115,random_generated,100,0.3,5,5
weighted_astar,1,46.38477631085023,16,0.2671999973244965,58,random_generated,100,0.3,5,5
jps_like,1,49.31370849898475,22,3.106599993770942,335,random_generated,100,0.3,5,5
improved_astar,1,45.618297096337855,11,1.0491000139154494,113,random_generated,100,0.3,5,5
dijkstra,1,59.28427124746187,16,13.239199994131923,3884,random_generated,100,0.3,6,6
astar,1,59.28427124746187,18,0.43479999294504523,107,random_generated,100,0.3,6,6
weighted_astar,1,62.355339059327356,26,0.3023000026587397,70,random_generated,100,0.3,6,6
jps_like,1,81.97056274847712,43,5.51749998703599,763,random_generated,100,0.3,6,6
improved_astar,1,73.18223290758398,19,1.4253999979700893,208,random_generated,100,0.3,6,6
dijkstra,1,49.970562748477136,20,9.564200008753687,3266,random_generated,100,0.3,7,7
astar,1,49.970562748477136,20,0.6456999981310219,168,random_generated,100,0.3,7,7
weighted_astar,1,53.28427124746189,24,0.30559999868273735,76,random_generated,100,0.3,7,7
jps_like,1,61.48528137423857,29,2.588800009107217,397,random_generated,100,0.3,7,7
improved_astar,1,53.979313890374314,16,1.4390999858733267,221,random_generated,100,0.3,7,7
dijkstra,1,30.870057685088817,8,6.007599993608892,1602,random_generated,100,0.3,8,8
astar,1,30.870057685088817,6,0.5275000003166497,126,random_generated,100,0.3,8,8
weighted_astar,1,30.870057685088817,6,0.1807000080589205,39,random_generated,100,0.3,8,8
jps_like,0,nan,nan,48.23760001454502,6815,random_generated,100,0.3,8,8
improved_astar,0,nan,nan,48.761599988210946,6815,random_generated,100,0.3,8,8
dijkstra,1,36.2842712474619,13,4.365699976915494,1253,random_generated,100,0.3,9,9
astar,1,36.2842712474619,12,0.36260002525523305,92,random_generated,100,0.3,9,9
weighted_astar,1,36.2842712474619,14,0.13190001482143998,30,random_generated,100,0.3,9,9
jps_like,1,40.970562748477136,19,1.1562999861780554,156,random_generated,100,0.3,9,9
improved_astar,1,38.478455412373314,8,0.5218000151216984,71,random_generated,100,0.3,9,9
dijkstra,1,51.35533905932735,19,5.623800010653213,1932,random_generated,100,0.3,10,10
astar,1,51.35533905932735,15,0.40419999277219176,93,random_generated,100,0.3,10,10
weighted_astar,1,53.94112549695425,18,0.23659999715164304,58,random_generated,100,0.3,10,10
jps_like,1,57.79898987322331,28,1.976999978069216,289,random_generated,100,0.3,10,10
improved_astar,1,52.93583187176826,11,0.8639000006951392,109,random_generated,100,0.3,10,10
dijkstra,1,85.4264068711928,31,16.758899990236387,5103,random_generated,100,0.3,11,11
astar,1,85.4264068711928,25,2.4056999827735126,539,random_generated,100,0.3,11,11
weighted_astar,1,90.39696961966993,35,0.5008000007364899,103,random_generated,100,0.3,11,11
jps_like,1,97.04163056034258,40,9.234199998900294,1154,random_generated,100,0.3,11,11
improved_astar,1,90.42151957480436,20,3.190499992342666,362,random_generated,100,0.3,11,11
dijkstra,1,94.53910524340087,31,21.822100010467693,6797,random_generated,100,0.3,12,12
astar,1,94.53910524340087,25,1.5910000074654818,433,random_generated,100,0.3,12,12
weighted_astar,1,95.71067811865468,31,0.6303999980445951,96,random_generated,100,0.3,12,12
jps_like,1,118.69848480983494,54,18.7185000104364,2436,random_generated,100,0.3,12,12
improved_astar,1,108.81097453804969,29,5.328200000803918,772,random_generated,100,0.3,12,12
dijkstra,1,91.56854249492372,33,17.85360000212677,5713,random_generated,100,0.3,13,13
astar,1,91.56854249492372,29,2.9055000049993396,763,random_generated,100,0.3,13,13
weighted_astar,1,91.81118318204302,37,0.4422999918460846,96,random_generated,100,0.3,13,13
jps_like,1,105.62741699796949,43,12.446100008673966,1754,random_generated,100,0.3,13,13
improved_astar,1,101.1473714801662,18,3.568299987819046,491,random_generated,100,0.3,13,13
dijkstra,1,35.21320343559643,14,3.9321999938692898,1276,random_generated,100,0.3,14,14
astar,1,35.21320343559643,9,0.4883999936282635,121,random_generated,100,0.3,14,14
weighted_astar,1,36.87005768508881,10,0.20629999926313758,37,random_generated,100,0.3,14,14
jps_like,1,41.31370849898476,20,1.4703000197187066,197,random_generated,100,0.3,14,14
improved_astar,1,36.1356402682664,10,0.6047000060789287,84,random_generated,100,0.3,14,14
dijkstra,1,23.798989873223338,6,3.182700020261109,1047,random_generated,100,0.3,15,15
astar,1,23.798989873223338,7,0.19210000755265355,47,random_generated,100,0.3,15,15
weighted_astar,1,23.798989873223338,7,0.0923000043258071,21,random_generated,100,0.3,15,15
jps_like,1,30.142135623730955,16,1.2203000078443438,179,random_generated,100,0.3,15,15
improved_astar,1,28.831622799556097,5,0.7966999837663025,119,random_generated,100,0.3,15,15
dijkstra,1,23.656854249492383,6,4.820300004212186,1005,random_generated,100,0.3,16,16
astar,1,23.656854249492383,7,0.32560000545345247,56,random_generated,100,0.3,16,16
weighted_astar,1,25.313708498984763,13,0.17830001888796687,32,random_generated,100,0.3,16,16
jps_like,1,27.07106781186548,10,1.4731000119354576,115,random_generated,100,0.3,16,16
improved_astar,1,26.053212221418406,5,0.7148000004235655,67,random_generated,100,0.3,16,16
dijkstra,1,86.76955262170043,35,19.326399982674047,5700,random_generated,100,0.3,17,17
astar,1,86.76955262170043,31,2.588899980764836,656,random_generated,100,0.3,17,17
weighted_astar,1,91.49747468305829,33,0.5354000022634864,136,random_generated,100,0.3,17,17
jps_like,1,102.38477631085021,42,13.33279997925274,1863,random_generated,100,0.3,17,17
improved_astar,1,98.61446508103712,18,9.473099984461442,1310,random_generated,100,0.3,17,17
dijkstra,1,107.84062043356589,33,22.52050000242889,6830,random_generated,100,0.3,18,18
astar,1,107.84062043356589,35,5.160799977602437,1248,random_generated,100,0.3,18,18
weighted_astar,1,111.98275605729684,42,0.6431000074371696,144,random_generated,100,0.3,18,18
jps_like,1,123.69848480983497,55,18.76470001298003,2422,random_generated,100,0.3,18,18
improved_astar,1,114.23709673714191,24,7.452899997588247,977,random_generated,100,0.3,18,18
dijkstra,1,67.74011537017756,22,19.171000021742657,5845,random_generated,100,0.3,19,19
astar,1,67.74011537017756,25,1.1173999810125679,271,random_generated,100,0.3,19,19
weighted_astar,1,68.32590180780447,25,0.2725999802350998,62,random_generated,100,0.3,19,19
jps_like,1,87.45584412271567,35,7.106399978511035,975,random_generated,100,0.3,19,19
improved_astar,1,77.81694034251038,19,1.9362999883014709,250,random_generated,100,0.3,19,19
dijkstra,1,71.39696961966995,19,13.67379998555407,4087,random_generated,100,0.3,20,20
astar,1,71.39696961966995,19,0.7949999999254942,183,random_generated,100,0.3,20,20
weighted_astar,1,72.81118318204304,25,0.3267000138293952,77,random_generated,100,0.3,20,20
jps_like,1,100.1837661840735,47,14.254800014896318,1991,random_generated,100,0.3,20,20
improved_astar,1,92.64369600489016,19,9.601500001735985,1297,random_generated,100,0.3,20,20
dijkstra,1,79.08326112068518,24,14.344499999424443,4272,random_generated,100,0.3,21,21
astar,1,79.08326112068518,24,3.5478000063449144,960,random_generated,100,0.3,21,21
weighted_astar,1,82.49747468305829,32,0.48379998770542443,121,random_generated,100,0.3,21,21
jps_like,1,88.69848480983497,44,7.486500020604581,1025,random_generated,100,0.3,21,21
improved_astar,1,78.67572382136728,19,1.6130000003613532,221,random_generated,100,0.3,21,21
dijkstra,1,42.14213562373095,14,5.331899999873713,1814,random_generated,100,0.3,22,22
astar,1,42.14213562373095,14,0.47950001317076385,126,random_generated,100,0.3,22,22
weighted_astar,1,44.62741699796953,9,0.2562000008765608,49,random_generated,100,0.3,22,22
jps_like,1,54.48528137423857,20,2.374100004089996,317,random_generated,100,0.3,22,22
improved_astar,1,51.08640753373011,9,1.5030000067781657,219,random_generated,100,0.3,22,22
dijkstra,1,67.76955262170043,25,17.752900021150708,5165,random_generated,100,0.3,23,23
astar,1,67.76955262170044,33,1.0591000027488917,285,random_generated,100,0.3,23,23
weighted_astar,1,70.59797974644664,27,0.5139000131748617,142,random_generated,100,0.3,23,23
jps_like,1,85.28427124746186,38,7.503200002247468,1014,random_generated,100,0.3,23,23
improved_astar,1,80.66980668510148,18,3.7209000147413462,526,random_generated,100,0.3,23,23
dijkstra,1,50.526911934581165,20,5.961700022453442,1963,random_generated,100,0.3,24,24
astar,1,50.526911934581165,18,0.5067999882157892,147,random_generated,100,0.3,24,24
weighted_astar,1,50.526911934581165,18,0.19890000112354755,49,random_generated,100,0.3,24,24
jps_like,1,56.97056274847712,22,3.0407000158447772,398,random_generated,100,0.3,24,24
improved_astar,1,52.41320705037989,9,1.3809000083710998,183,random_generated,100,0.3,24,24
dijkstra,1,81.8406204335659,37,17.58100002189167,5185,random_generated,100,0.3,25,25
astar,1,81.8406204335659,32,1.443499990273267,319,random_generated,100,0.3,25,25
weighted_astar,1,86.81118318204302,38,0.5394000036176294,110,random_generated,100,0.3,25,25
jps_like,1,101.2132034355964,46,14.013500011060387,1856,random_generated,100,0.3,25,25
improved_astar,1,95.05788302610934,20,9.011699992697686,1228,random_generated,100,0.3,25,25
dijkstra,1,31.213203435596434,11,6.043000001227483,1631,random_generated,100,0.3,26,26
astar,1,31.213203435596434,14,0.6172000139486045,138,random_generated,100,0.3,26,26
weighted_astar,1,31.213203435596434,12,0.19580000662244856,30,random_generated,100,0.3,26,26
jps_like,1,46.72792206135785,22,4.134200018597767,514,random_generated,100,0.3,26,26
improved_astar,1,41.858054763699286,11,3.1288000172935426,411,random_generated,100,0.3,26,26
dijkstra,1,35.31370849898476,15,3.5960999957751483,1142,random_generated,100,0.3,27,27
astar,1,35.31370849898476,11,0.3763999848160893,92,random_generated,100,0.3,27,27
weighted_astar,1,36.14213562373095,15,0.18850000924430788,43,random_generated,100,0.3,27,27
jps_like,1,39.071067811865476,16,0.6689000001642853,83,random_generated,100,0.3,27,27
improved_astar,1,34.890339623685335,9,0.49149998812936246,69,random_generated,100,0.3,27,27
dijkstra,1,66.254833995939,22,16.062600014265627,4944,random_generated,100,0.3,28,28
astar,1,66.25483399593901,20,1.8081000016536564,398,random_generated,100,0.3,28,28
weighted_astar,1,67.91168824543138,24,0.3825000021606684,64,random_generated,100,0.3,28,28
jps_like,0,nan,nan,51.85300001176074,6802,random_generated,100,0.3,28,28
improved_astar,0,nan,nan,49.695099995005876,6802,random_generated,100,0.3,28,28
dijkstra,1,38.112698372208094,12,5.2404000016395,1700,random_generated,100,0.3,29,29
astar,1,38.112698372208094,12,0.5439000087790191,137,random_generated,100,0.3,29,29
weighted_astar,1,38.112698372208094,12,0.15540001913905144,31,random_generated,100,0.3,29,29
jps_like,1,47.97056274847713,19,4.7562000108882785,486,random_generated,100,0.3,29,29
improved_astar,1,44.830745943982066,7,2.910399984102696,309,random_generated,100,0.3,29,29
dijkstra,1,22.142135623730955,14,0.1112000027205795,38,random_generated,100,0.7,0,0
astar,1,22.142135623730955,12,0.09819999104365706,30,random_generated,100,0.7,0,0
weighted_astar,1,22.142135623730955,12,0.07450001430697739,22,random_generated,100,0.7,0,0
jps_like,0,nan,nan,0.0047000066842883825,1,random_generated,100,0.7,0,0
improved_astar,0,nan,nan,0.0042000028770416975,1,random_generated,100,0.7,0,0
dijkstra,1,3.414213562373095,1,0.029099988751113415,8,random_generated,100,0.7,1,1
astar,1,3.414213562373095,1,0.014199991710484028,4,random_generated,100,0.7,1,1
weighted_astar,1,3.414213562373095,1,0.011199997970834374,4,random_generated,100,0.7,1,1
jps_like,0,nan,nan,0.0043000036384910345,1,random_generated,100,0.7,1,1
improved_astar,0,nan,nan,0.0039000005926936865,1,random_generated,100,0.7,1,1
dijkstra,1,19.313708498984763,11,0.16060000052675605,50,random_generated,100,0.7,2,2
astar,1,19.313708498984763,11,0.12370001059025526,36,random_generated,100,0.7,2,2
weighted_astar,1,19.313708498984763,11,0.09549999958835542,28,random_generated,100,0.7,2,2
jps_like,0,nan,nan,0.04859999171458185,9,random_generated,100,0.7,2,2
improved_astar,0,nan,nan,0.04610000178217888,9,random_generated,100,0.7,2,2
dijkstra,1,1.0,0,0.02060001133941114,3,random_generated,100,0.7,3,4
astar,1,1.0,0,0.008500006515532732,2,random_generated,100,0.7,3,4
weighted_astar,1,1.0,0,0.0052000104915350676,2,random_generated,100,0.7,3,4
jps_like,1,1.0,0,0.009000010322779417,2,random_generated,100,0.7,3,4
improved_astar,1,1.0,0,0.00790000194683671,2,random_generated,100,0.7,3,4
dijkstra,1,15.313708498984763,7,0.11829999857582152,32,random_generated,100,0.7,4,9
astar,1,15.313708498984763,7,0.08329999400302768,25,random_generated,100,0.7,4,9
weighted_astar,1,15.313708498984763,7,0.06180000491440296,19,random_generated,100,0.7,4,9
jps_like,0,nan,nan,0.054800009820610285,11,random_generated,100,0.7,4,9
improved_astar,0,nan,nan,0.05060000694356859,11,random_generated,100,0.7,4,9
dijkstra,1,9.071067811865476,6,0.14599997666664422,27,random_generated,100,0.7,5,13
astar,1,9.071067811865476,6,0.06839999696239829,11,random_generated,100,0.7,5,13
weighted_astar,1,9.071067811865476,6,0.05789997521787882,10,random_generated,100,0.7,5,13
jps_like,0,nan,nan,0.007800001185387373,1,random_generated,100,0.7,5,13
improved_astar,0,nan,nan,0.007700000423938036,1,random_generated,100,0.7,5,13
dijkstra,1,1.4142135623730951,0,0.017699989257380366,2,random_generated,100,0.7,6,15
astar,1,1.4142135623730951,0,0.009700015652924776,2,random_generated,100,0.7,6,15
weighted_astar,1,1.4142135623730951,0,0.0052000104915350676,2,random_generated,100,0.7,6,15
jps_like,0,nan,nan,0.013499986380338669,1,random_generated,100,0.7,6,15
improved_astar,0,nan,nan,0.005199981387704611,1,random_generated,100,0.7,6,15
dijkstra,1,30.213203435596434,14,0.36539998836815357,118,random_generated,100,0.7,7,17
astar,1,30.213203435596434,14,0.17099999240599573,51,random_generated,100,0.7,7,17
weighted_astar,1,30.213203435596434,14,0.15380000695586205,47,random_generated,100,0.7,7,17
jps_like,0,nan,nan,0.020100007532164454,4,random_generated,100,0.7,7,17
improved_astar,0,nan,nan,0.017699989257380366,4,random_generated,100,0.7,7,17
dijkstra,1,9.65685424949238,5,0.09400001727044582,26,random_generated,100,0.7,8,18
astar,1,9.65685424949238,5,0.03840000135824084,10,random_generated,100,0.7,8,18
weighted_astar,1,9.65685424949238,5,0.031000003218650818,9,random_generated,100,0.7,8,18
jps_like,0,nan,nan,0.014899997040629387,3,random_generated,100,0.7,8,18
improved_astar,0,nan,nan,0.012999982573091984,3,random_generated,100,0.7,8,18
dijkstra,1,7.65685424949238,2,0.11640001321211457,37,random_generated,100,0.7,9,20
astar,1,7.65685424949238,2,0.03640001523308456,10,random_generated,100,0.7,9,20
weighted_astar,1,7.65685424949238,2,0.029499991796910763,9,random_generated,100,0.7,9,20
jps_like,0,nan,nan,0.05649999366141856,11,random_generated,100,0.7,9,20
improved_astar,0,nan,nan,0.05479998071677983,11,random_generated,100,0.7,9,20
dijkstra,1,3.82842712474619,2,0.029900023946538568,9,random_generated,100,0.7,10,21
astar,1,3.82842712474619,2,0.014499993994832039,4,random_generated,100,0.7,10,21
weighted_astar,1,3.82842712474619,2,0.01279998105019331,4,random_generated,100,0.7,10,21
jps_like,0,nan,nan,0.016300007700920105,4,random_generated,100,0.7,10,21
improved_astar,0,nan,nan,0.015500001609325409,4,random_generated,100,0.7,10,21
dijkstra,1,22.55634918610405,10,0.14259997988119721,49,random_generated,100,0.7,11,22
astar,1,22.55634918610405,10,0.11930000619031489,37,random_generated,100,0.7,11,22
weighted_astar,1,22.55634918610405,10,0.10530001600272954,33,random_generated,100,0.7,11,22
jps_like,0,nan,nan,0.013100012438371778,3,random_generated,100,0.7,11,22
improved_astar,0,nan,nan,0.011600001016631722,3,random_generated,100,0.7,11,22
dijkstra,1,2.8284271247461903,0,0.018799997633323073,4,random_generated,100,0.7,12,24
astar,1,2.8284271247461903,0,0.009600014891475439,3,random_generated,100,0.7,12,24
weighted_astar,1,2.8284271247461903,0,0.006799993570894003,3,random_generated,100,0.7,12,24
jps_like,0,nan,nan,0.0045000051613897085,1,random_generated,100,0.7,12,24
improved_astar,0,nan,nan,0.0042000028770416975,1,random_generated,100,0.7,12,24
dijkstra,1,22.970562748477146,10,0.17530002514831722,66,random_generated,100,0.7,13,28
astar,1,22.970562748477146,9,0.14360001659952104,49,random_generated,100,0.7,13,28
weighted_astar,1,22.970562748477146,9,0.12599999899975955,44,random_generated,100,0.7,13,28
jps_like,0,nan,nan,0.0706000137142837,16,random_generated,100,0.7,13,28
improved_astar,0,nan,nan,0.06769999163225293,16,random_generated,100,0.7,13,28
dijkstra,1,1.4142135623730951,0,0.025600020308047533,4,random_generated,100,0.7,14,30
astar,1,1.4142135623730951,0,0.010899995686486363,2,random_generated,100,0.7,14,30
weighted_astar,1,1.4142135623730951,0,0.006499991286545992,2,random_generated,100,0.7,14,30
jps_like,1,2.0,1,0.0185999961104244,3,random_generated,100,0.7,14,30
improved_astar,1,1.4142135623730951,0,0.01689998316578567,3,random_generated,100,0.7,14,30
dijkstra,1,5.242640687119286,1,0.04990000161342323,15,random_generated,100,0.7,15,31
astar,1,5.242640687119286,1,0.02069998299703002,5,random_generated,100,0.7,15,31
weighted_astar,1,5.242640687119286,1,0.016699981642886996,5,random_generated,100,0.7,15,31
jps_like,0,nan,nan,0.0049000082071870565,1,random_generated,100,0.7,15,31
improved_astar,0,nan,nan,0.0041000021155923605,1,random_generated,100,0.7,15,31
dijkstra,1,37.627416997969526,22,0.13310002395883203,49,random_generated,100,0.7,16,32
astar,1,37.627416997969526,22,0.11969998013228178,41,random_generated,100,0.7,16,32
weighted_astar,1,37.627416997969526,22,0.11309998808428645,38,random_generated,100,0.7,16,32
jps_like,0,nan,nan,0.011299998732283711,3,random_generated,100,0.7,16,32
improved_astar,0,nan,nan,0.010000017937272787,3,random_generated,100,0.7,16,32
dijkstra,1,6.82842712474619,3,0.09009998757392168,15,random_generated,100,0.7,17,36
astar,1,6.82842712474619,3,0.04809998790733516,7,random_generated,100,0.7,17,36
weighted_astar,1,6.82842712474619,3,0.043400010326877236,7,random_generated,100,0.7,17,36
jps_like,0,nan,nan,0.008600007276982069,1,random_generated,100,0.7,17,36
improved_astar,0,nan,nan,0.007700000423938036,1,random_generated,100,0.7,17,36
dijkstra,1,9.071067811865476,3,0.09879999561235309,31,random_generated,100,0.7,18,39
astar,1,9.071067811865476,3,0.04640000406652689,13,random_generated,100,0.7,18,39
weighted_astar,1,9.071067811865476,3,0.030499999411404133,10,random_generated,100,0.7,18,39
jps_like,0,nan,nan,0.0323000131174922,8,random_generated,100,0.7,18,39
improved_astar,0,nan,nan,0.029999995604157448,8,random_generated,100,0.7,18,39
dijkstra,1,7.82842712474619,3,0.05729999975301325,18,random_generated,100,0.7,19,41
astar,1,7.82842712474619,3,0.027700007194653153,8,random_generated,100,0.7,19,41
weighted_astar,1,7.82842712474619,3,0.024200009647756815,8,random_generated,100,0.7,19,41
jps_like,0,nan,nan,0.020299979951232672,5,random_generated,100,0.7,19,41
improved_astar,0,nan,nan,0.01819999306462705,5,random_generated,100,0.7,19,41
dijkstra,1,43.94112549695427,23,0.42799999937415123,172,random_generated,100,0.7,20,43
astar,1,43.94112549695427,23,0.2710999979171902,99,random_generated,100,0.7,20,43
weighted_astar,1,43.94112549695427,23,0.25809998624026775,95,random_generated,100,0.7,20,43
jps_like,0,nan,nan,0.013399985618889332,3,random_generated,100,0.7,20,43
improved_astar,0,nan,nan,0.0109999964479357,3,random_generated,100,0.7,20,43
dijkstra,1,15.313708498984763,10,0.21769999875687063,74,random_generated,100,0.7,21,44
astar,1,15.313708498984763,10,0.10420000762678683,32,random_generated,100,0.7,21,44
weighted_astar,1,15.313708498984763,10,0.089899986051023,28,random_generated,100,0.7,21,44
jps_like,0,nan,nan,0.025800021830946207,5,random_generated,100,0.7,21,44
improved_astar,0,nan,nan,0.022599997464567423,5,random_generated,100,0.7,21,44
dijkstra,1,19.313708498984763,12,0.19740001880563796,69,random_generated,100,0.7,22,45
astar,1,19.313708498984763,12,0.13020000187680125,38,random_generated,100,0.7,22,45
weighted_astar,1,19.313708498984763,12,0.09119999594986439,27,random_generated,100,0.7,22,45
jps_like,0,nan,nan,0.01270000939257443,3,random_generated,100,0.7,22,45
improved_astar,0,nan,nan,0.011800002539530396,3,random_generated,100,0.7,22,45
dijkstra,1,1.4142135623730951,0,0.014899997040629387,3,random_generated,100,0.7,23,46
astar,1,1.4142135623730951,0,0.00689999433234334,2,random_generated,100,0.7,23,46
weighted_astar,1,1.4142135623730951,0,0.0050000089686363935,2,random_generated,100,0.7,23,46
jps_like,1,2.0,1,0.011900003300979733,3,random_generated,100,0.7,23,46
improved_astar,1,1.4142135623730951,0,0.011500000255182385,3,random_generated,100,0.7,23,46
dijkstra,1,7.65685424949238,5,0.0976000155787915,31,random_generated,100,0.7,24,47
astar,1,7.65685424949238,5,0.032100011594593525,9,random_generated,100,0.7,24,47
weighted_astar,1,7.65685424949238,4,0.02340000355616212,7,random_generated,100,0.7,24,47
jps_like,0,nan,nan,0.0803999719209969,17,random_generated,100,0.7,24,47
improved_astar,0,nan,nan,0.16650001634843647,17,random_generated,100,0.7,24,47
dijkstra,1,11.071067811865476,5,0.05669999518431723,16,random_generated,100,0.7,25,49
astar,1,11.071067811865476,5,0.046900007873773575,15,random_generated,100,0.7,25,49
weighted_astar,1,11.071067811865476,5,0.041099992813542485,15,random_generated,100,0.7,25,49
jps_like,0,nan,nan,0.025299988919869065,6,random_generated,100,0.7,25,49
improved_astar,0,nan,nan,0.02300000051036477,6,random_generated,100,0.7,25,49
dijkstra,1,5.656854249492381,3,0.03060000017285347,11,random_generated,100,0.7,26,50
astar,1,5.656854249492381,3,0.015500001609325409,5,random_generated,100,0.7,26,50
weighted_astar,1,5.656854249492381,3,0.01379998866468668,5,random_generated,100,0.7,26,50
jps_like,0,nan,nan,0.011600001016631722,3,random_generated,100,0.7,26,50
improved_astar,0,nan,nan,0.010599993402138352,3,random_generated,100,0.7,26,50
dijkstra,1,4.414213562373095,2,0.03890000516548753,9,random_generated,100,0.7,27,53
astar,1,4.414213562373095,2,0.02370000584051013,6,random_generated,100,0.7,27,53
weighted_astar,1,4.414213562373095,2,0.0171000137925148,5,random_generated,100,0.7,27,53
jps_like,1,5.0,2,0.03190001007169485,6,random_generated,100,0.7,27,53
improved_astar,1,4.123105625617661,0,0.029999995604157448,6,random_generated,100,0.7,27,53
dijkstra,1,10.071067811865476,5,0.04169999738223851,14,random_generated,100,0.7,28,55
astar,1,10.071067811865476,5,0.029199989512562752,9,random_generated,100,0.7,28,55
weighted_astar,1,10.071067811865476,5,0.027000001864507794,9,random_generated,100,0.7,28,55
jps_like,0,nan,nan,0.007800001185387373,2,random_generated,100,0.7,28,55
improved_astar,0,nan,nan,0.007699971320107579,2,random_generated,100,0.7,28,55
dijkstra,1,29.62741699796953,16,0.17829998978413641,54,random_generated,100,0.7,29,58
astar,1,29.62741699796953,16,0.17709998064674437,52,random_generated,100,0.7,29,58
weighted_astar,1,29.62741699796953,16,0.17770001431927085,51,random_generated,100,0.7,29,58
jps_like,0,nan,nan,0.03480000304989517,7,random_generated,100,0.7,29,58
improved_astar,0,nan,nan,0.03060000017285347,7,random_generated,100,0.7,29,58
