map_name,map_type,size,ratio,run_id,algorithm,success,runtime_ms,path_length,turn_count,expanded_nodes
battleground.map,wc3,512,0.6480255126953125,0,dijkstra,1,392.62936700106366,316.1442276647849,7,83945
battleground.map,wc3,512,0.6480255126953125,0,astar,1,24.40251300140517,316.1442276647849,13,4635
battleground.map,wc3,512,0.6480255126953125,0,weighted_astar,1,5.424250000942266,319.45793616376983,17,866
battleground.map,wc3,512,0.6480255126953125,0,improved_astar,1,24.29992200268316,301.3133277083712,4,4635
battleground.map,wc3,512,0.6480255126953125,0,ablation_no_adaptive,1,24.328785999387037,301.3133277083712,4,4635
battleground.map,wc3,512,0.6480255126953125,0,ablation_no_smoothing,1,24.38406800138182,316.1442276647849,13,4635
battleground.map,wc3,512,0.6480255126953125,1,dijkstra,1,417.0568090012239,335.56349186104114,19,88912
battleground.map,wc3,512,0.6480255126953125,1,astar,1,98.29028799867956,335.56349186104114,13,12446
battleground.map,wc3,512,0.6480255126953125,1,weighted_astar,1,40.49544800000149,354.61731573020353,15,6038
battleground.map,wc3,512,0.6480255126953125,1,improved_astar,1,97.20131599897286,316.8422955216319,7,12446
battleground.map,wc3,512,0.6480255126953125,1,ablation_no_adaptive,1,97.86608099966543,316.8422955216319,7,12446
battleground.map,wc3,512,0.6480255126953125,1,ablation_no_smoothing,1,94.62829900076031,335.56349186104114,13,12446
battleground.map,wc3,512,0.6480255126953125,2,dijkstra,1,38.53407900169259,137.85281374238554,10,9992
battleground.map,wc3,512,0.6480255126953125,2,astar,1,5.263069000648102,137.8528137423856,5,923
battleground.map,wc3,512,0.6480255126953125,2,weighted_astar,1,0.8210230007534847,137.85281374238562,1,114
battleground.map,wc3,512,0.6480255126953125,2,improved_astar,1,5.040824002207955,128.18520056601318,1,923
battleground.map,wc3,512,0.6480255126953125,2,ablation_no_adaptive,1,4.935995999403531,128.18520056601318,1,923
battleground.map,wc3,512,0.6480255126953125,2,ablation_no_smoothing,1,5.033016001107171,137.8528137423856,5,923
battleground.map,wc3,512,0.6480255126953125,3,dijkstra,1,395.4858930010232,246.50461735799522,9,84365
battleground.map,wc3,512,0.6480255126953125,3,astar,1,21.845307001058245,246.50461735799522,9,4604
battleground.map,wc3,512,0.6480255126953125,3,weighted_astar,1,5.858405002072686,249.81832585698007,20,1070
battleground.map,wc3,512,0.6480255126953125,3,improved_astar,1,21.630005998304114,233.45937450287232,5,4604
battleground.map,wc3,512,0.6480255126953125,3,ablation_no_adaptive,1,21.23638700140873,233.45937450287232,5,4604
battleground.map,wc3,512,0.6480255126953125,3,ablation_no_smoothing,1,21.350113001972204,246.50461735799522,9,4604
battleground.map,wc3,512,0.6480255126953125,4,dijkstra,1,32.58447000189335,82.69848480983497,9,8076
battleground.map,wc3,512,0.6480255126953125,4,astar,1,1.6688010000507347,82.69848480983497,11,322
battleground.map,wc3,512,0.6480255126953125,4,weighted_astar,1,0.8055959988269024,82.69848480983498,9,157
battleground.map,wc3,512,0.6480255126953125,4,improved_astar,1,1.5577830017718952,76.7120624471062,5,322
battleground.map,wc3,512,0.6480255126953125,4,ablation_no_adaptive,1,1.5421119969687425,76.7120624471062,5,322
battleground.map,wc3,512,0.6480255126953125,4,ablation_no_smoothing,1,1.5405519989144523,82.69848480983497,11,322
battleground.map,wc3,512,0.6480255126953125,5,dijkstra,1,379.4823450007243,336.7716446627548,19,86145
battleground.map,wc3,512,0.6480255126953125,5,astar,1,29.229081999801565,336.77164466275485,38,5517
battleground.map,wc3,512,0.6480255126953125,5,weighted_astar,1,10.124260999873513,339.2569260369935,13,1814
battleground.map,wc3,512,0.6480255126953125,5,improved_astar,1,32.18624900182476,322.7579957258026,4,5517
battleground.map,wc3,512,0.6480255126953125,5,ablation_no_adaptive,1,31.0266029991908,322.7579957258026,4,5517
battleground.map,wc3,512,0.6480255126953125,5,ablation_no_smoothing,1,32.05388299829792,336.77164466275485,38,5517
battleground.map,wc3,512,0.6480255126953125,6,dijkstra,1,310.48146700049983,303.77669529663746,29,65504
battleground.map,wc3,512,0.6480255126953125,6,astar,1,53.49374100114801,303.77669529663746,24,8043
battleground.map,wc3,512,0.6480255126953125,6,weighted_astar,1,12.129044996981975,310.40411229460716,37,2138
battleground.map,wc3,512,0.6480255126953125,6,improved_astar,1,53.88777799817035,286.1568579918841,13,8043
battleground.map,wc3,512,0.6480255126953125,6,ablation_no_adaptive,1,51.902973998949165,286.1568579918841,13,8043
battleground.map,wc3,512,0.6480255126953125,6,ablation_no_smoothing,1,52.859495001030155,303.77669529663746,24,8043
battleground.map,wc3,512,0.6480255126953125,7,dijkstra,1,35.45607699925313,113.49747468305823,3,9037
battleground.map,wc3,512,0.6480255126953125,7,astar,1,0.7660009978280868,113.49747468305826,7,106
battleground.map,wc3,512,0.6480255126953125,7,weighted_astar,1,0.7939579991216306,114.32590180780447,9,126
battleground.map,wc3,512,0.6480255126953125,7,improved_astar,1,0.6740129974787124,105.18513440021047,2,106
battleground.map,wc3,512,0.6480255126953125,7,ablation_no_adaptive,1,0.6632350014115218,105.18513440021047,2,106
battleground.map,wc3,512,0.6480255126953125,7,ablation_no_smoothing,1,0.6762190023437142,113.49747468305826,7,106
battleground.map,wc3,512,0.6480255126953125,8,dijkstra,1,85.37521499965806,124.04163056034263,9,20695
battleground.map,wc3,512,0.6480255126953125,8,astar,1,2.1490590006578714,124.04163056034263,1,380
battleground.map,wc3,512,0.6480255126953125,8,weighted_astar,1,0.8052049997786526,124.04163056034263,1,118
battleground.map,wc3,512,0.6480255126953125,8,improved_astar,1,2.0072929983143695,119.07248679646281,1,380
battleground.map,wc3,512,0.6480255126953125,8,ablation_no_adaptive,1,2.192963998822961,119.07248679646281,1,380
battleground.map,wc3,512,0.6480255126953125,8,ablation_no_smoothing,1,2.0951769984094426,124.04163056034263,1,380
battleground.map,wc3,512,0.6480255126953125,9,dijkstra,1,404.1832049988443,330.21529547665045,13,89934
battleground.map,wc3,512,0.6480255126953125,9,astar,1,50.834804998885375,330.21529547665045,16,8577
battleground.map,wc3,512,0.6480255126953125,9,weighted_astar,1,11.685803001455497,333.0437226013967,17,2023
battleground.map,wc3,512,0.6480255126953125,9,improved_astar,1,50.737346999085275,314.59549172738747,6,8577
battleground.map,wc3,512,0.6480255126953125,9,ablation_no_adaptive,1,49.84464600056526,314.59549172738747,6,8577
battleground.map,wc3,512,0.6480255126953125,9,ablation_no_smoothing,1,50.45369300205493,330.21529547665045,16,8577
battleground.map,wc3,512,0.6480255126953125,10,dijkstra,1,356.26751099698595,239.61017305526644,11,78519
battleground.map,wc3,512,0.6480255126953125,10,astar,1,37.15136100072414,239.61017305526644,14,7733
battleground.map,wc3,512,0.6480255126953125,10,weighted_astar,1,3.873685000144178,248.72287142747453,23,653
battleground.map,wc3,512,0.6480255126953125,10,improved_astar,1,38.3865039984812,223.52300248630783,3,7733
battleground.map,wc3,512,0.6480255126953125,10,ablation_no_adaptive,1,37.057604000438005,223.52300248630783,3,7733
battleground.map,wc3,512,0.6480255126953125,10,ablation_no_smoothing,1,36.56462100116187,239.61017305526644,14,7733
battleground.map,wc3,512,0.6480255126953125,11,dijkstra,1,267.1032219986955,257.5979797464468,3,61544
battleground.map,wc3,512,0.6480255126953125,11,astar,1,22.07083500252338,257.5979797464468,8,4583
battleground.map,wc3,512,0.6480255126953125,11,weighted_astar,1,5.856895000761142,260.9116882454318,13,949
battleground.map,wc3,512,0.6480255126953125,11,improved_astar,1,22.039488998416346,249.7031701960905,4,4583
battleground.map,wc3,512,0.6480255126953125,11,ablation_no_adaptive,1,21.648499998264015,249.7031701960905,4,4583
battleground.map,wc3,512,0.6480255126953125,11,ablation_no_smoothing,1,22.05675299774157,257.5979797464468,8,4583
battleground.map,wc3,512,0.6480255126953125,12,dijkstra,1,181.58241800119868,198.78174593052012,13,42003
battleground.map,wc3,512,0.6480255126953125,12,astar,1,28.068949999578763,198.78174593052015,11,5030
battleground.map,wc3,512,0.6480255126953125,12,weighted_astar,1,4.223534997436218,208.72287142747453,12,709
battleground.map,wc3,512,0.6480255126953125,12,improved_astar,1,26.179750999290263,182.3920238192527,5,5030
battleground.map,wc3,512,0.6480255126953125,12,ablation_no_adaptive,1,26.60550699874875,182.3920238192527,5,5030
battleground.map,wc3,512,0.6480255126953125,12,ablation_no_smoothing,1,26.791804000822594,198.78174593052015,11,5030
battleground.map,wc3,512,0.6480255126953125,13,dijkstra,1,389.91768800042337,374.0142853498741,23,88626
battleground.map,wc3,512,0.6480255126953125,13,astar,1,46.06847400282277,374.0142853498741,23,9802
battleground.map,wc3,512,0.6480255126953125,13,weighted_astar,1,10.103961001732387,374.8427124746203,16,1734
battleground.map,wc3,512,0.6480255126953125,13,improved_astar,1,46.198529002140276,352.7785901542925,11,9802
battleground.map,wc3,512,0.6480255126953125,13,ablation_no_adaptive,1,46.66355500012287,352.7785901542925,11,9802
battleground.map,wc3,512,0.6480255126953125,13,ablation_no_smoothing,1,45.504203997552395,374.0142853498741,23,9802
battleground.map,wc3,512,0.6480255126953125,14,dijkstra,1,284.02559400274185,198.53405460951788,11,61870
battleground.map,wc3,512,0.6480255126953125,14,astar,1,10.424816999147879,198.53405460951788,12,1690
battleground.map,wc3,512,0.6480255126953125,14,weighted_astar,1,1.28539200159139,198.53405460951788,5,187
battleground.map,wc3,512,0.6480255126953125,14,improved_astar,1,10.127909998118412,191.91635313671352,4,1690
battleground.map,wc3,512,0.6480255126953125,14,ablation_no_adaptive,1,10.244286997476593,191.91635313671352,4,1690
battleground.map,wc3,512,0.6480255126953125,14,ablation_no_smoothing,1,10.230575000605313,198.53405460951788,12,1690
battleground.map,wc3,512,0.6480255126953125,15,dijkstra,1,129.07524700131034,140.367532368147,13,30586
battleground.map,wc3,512,0.6480255126953125,15,astar,1,1.0681530002329964,140.367532368147,4,156
battleground.map,wc3,512,0.6480255126953125,15,weighted_astar,1,0.8074940014921594,140.36753236814707,1,119
battleground.map,wc3,512,0.6480255126953125,15,improved_astar,1,0.9457340020162519,129.8319230340412,1,156
battleground.map,wc3,512,0.6480255126953125,15,ablation_no_adaptive,1,0.9109219972742721,129.8319230340412,1,156
battleground.map,wc3,512,0.6480255126953125,15,ablation_no_smoothing,1,1.0443179999128915,140.367532368147,4,156
battleground.map,wc3,512,0.6480255126953125,16,dijkstra,1,18.103680999047356,43.07106781186546,1,4495
battleground.map,wc3,512,0.6480255126953125,16,astar,1,0.291504999040626,43.071067811865476,1,42
battleground.map,wc3,512,0.6480255126953125,16,weighted_astar,1,0.2591880002000835,43.071067811865476,1,42
battleground.map,wc3,512,0.6480255126953125,16,improved_astar,1,0.25457199808442965,41.30375285612676,0,42
battleground.map,wc3,512,0.6480255126953125,16,ablation_no_adaptive,1,0.2466019977873657,41.30375285612676,0,42
battleground.map,wc3,512,0.6480255126953125,16,ablation_no_smoothing,1,0.2710030021262355,43.071067811865476,1,42
battleground.map,wc3,512,0.6480255126953125,17,dijkstra,1,108.95049900136655,134.48023074035504,9,27204
battleground.map,wc3,512,0.6480255126953125,17,astar,1,1.3499380002031103,134.4802307403551,5,239
battleground.map,wc3,512,0.6480255126953125,17,weighted_astar,1,0.7046220016491134,134.48023074035507,7,104
battleground.map,wc3,512,0.6480255126953125,17,improved_astar,1,1.3380640011746436,128.00390619039717,0,239
battleground.map,wc3,512,0.6480255126953125,17,ablation_no_adaptive,1,1.2537829970824532,128.00390619039717,0,239
battleground.map,wc3,512,0.6480255126953125,17,ablation_no_smoothing,1,1.2964790003024973,134.4802307403551,5,239
battleground.map,wc3,512,0.6480255126953125,18,dijkstra,1,322.2577199994703,186.81118318204304,5,64295
battleground.map,wc3,512,0.6480255126953125,18,astar,1,8.397003999562003,186.81118318204304,7,1435
battleground.map,wc3,512,0.6480255126953125,18,weighted_astar,1,1.2438920020940714,186.81118318204304,5,203
battleground.map,wc3,512,0.6480255126953125,18,improved_astar,1,8.3512180026446,181.61929722769872,3,1435
battleground.map,wc3,512,0.6480255126953125,18,ablation_no_adaptive,1,8.38290799947572,181.61929722769872,3,1435
battleground.map,wc3,512,0.6480255126953125,18,ablation_no_smoothing,1,8.317858999362215,186.81118318204304,7,1435
battleground.map,wc3,512,0.6480255126953125,19,dijkstra,1,340.5140319991915,228.82337649086264,8,75413
battleground.map,wc3,512,0.6480255126953125,19,astar,1,17.108297997765476,228.8233764908628,5,3100
battleground.map,wc3,512,0.6480255126953125,19,weighted_astar,1,1.4825640027993359,228.82337649086273,1,200
battleground.map,wc3,512,0.6480255126953125,19,improved_astar,1,17.004321998683736,212.8127570167486,1,3100
battleground.map,wc3,512,0.6480255126953125,19,ablation_no_adaptive,1,16.853338998771505,212.8127570167486,1,3100
battleground.map,wc3,512,0.6480255126953125,19,ablation_no_smoothing,1,16.93710200197529,228.8233764908628,5,3100
battleground.map,wc3,512,0.6480255126953125,20,dijkstra,1,376.27785700169625,307.6223663640863,13,71158
battleground.map,wc3,512,0.6480255126953125,20,astar,1,69.09208100114483,307.6223663640864,12,10496
battleground.map,wc3,512,0.6480255126953125,20,weighted_astar,1,5.479409999679774,322.53405460951814,45,839
battleground.map,wc3,512,0.6480255126953125,20,improved_astar,1,69.64089900066028,285.8072145839721,4,10496
battleground.map,wc3,512,0.6480255126953125,20,ablation_no_adaptive,1,68.99383400013903,285.8072145839721,4,10496
battleground.map,wc3,512,0.6480255126953125,20,ablation_no_smoothing,1,71.99585000125808,307.6223663640864,12,10496
battleground.map,wc3,512,0.6480255126953125,21,dijkstra,1,120.93772600201191,140.43860018001251,16,25820
battleground.map,wc3,512,0.6480255126953125,21,astar,1,14.431333001994062,140.43860018001251,18,2777
battleground.map,wc3,512,0.6480255126953125,21,weighted_astar,1,8.888869000656996,140.43860018001251,21,1524
battleground.map,wc3,512,0.6480255126953125,21,improved_astar,1,14.624161998654017,126.30742387398146,8,2777
battleground.map,wc3,512,0.6480255126953125,21,ablation_no_adaptive,1,15.546176000498235,126.30742387398146,8,2777
battleground.map,wc3,512,0.6480255126953125,21,ablation_no_smoothing,1,14.105832000495866,140.43860018001251,18,2777
battleground.map,wc3,512,0.6480255126953125,22,dijkstra,1,14.529771000525216,52.183766184073534,5,3687
battleground.map,wc3,512,0.6480255126953125,22,astar,1,0.968877000559587,52.18376618407357,1,172
battleground.map,wc3,512,0.6480255126953125,22,weighted_astar,1,0.28265399669180624,52.18376618407357,1,42
battleground.map,wc3,512,0.6480255126953125,22,improved_astar,1,0.9488569994573481,49.09175083453431,0,172
battleground.map,wc3,512,0.6480255126953125,22,ablation_no_adaptive,1,1.0290930003975518,49.09175083453431,0,172
battleground.map,wc3,512,0.6480255126953125,22,ablation_no_smoothing,1,0.9514159974060021,52.18376618407357,1,172
battleground.map,wc3,512,0.6480255126953125,23,dijkstra,1,383.70523499906994,267.0243866176398,17,80600
battleground.map,wc3,512,0.6480255126953125,23,astar,1,27.57327400104259,267.0243866176398,16,5840
battleground.map,wc3,512,0.6480255126953125,23,weighted_astar,1,6.068513001082465,269.509667991878,15,1051
battleground.map,wc3,512,0.6480255126953125,23,improved_astar,1,27.78297700206167,251.35915863676104,6,5840
battleground.map,wc3,512,0.6480255126953125,23,ablation_no_adaptive,1,27.842061997944256,251.35915863676104,6,5840
battleground.map,wc3,512,0.6480255126953125,23,ablation_no_smoothing,1,27.116509998450056,267.0243866176398,16,5840
battleground.map,wc3,512,0.6480255126953125,24,dijkstra,1,88.55693999794312,103.1248916810277,9,19467
battleground.map,wc3,512,0.6480255126953125,24,astar,1,14.665177997812862,103.12489168102773,9,1935
battleground.map,wc3,512,0.6480255126953125,24,weighted_astar,1,1.2883069975941908,104.78174593052016,9,206
battleground.map,wc3,512,0.6480255126953125,24,improved_astar,1,14.511667999613564,96.77857971659827,2,1935
battleground.map,wc3,512,0.6480255126953125,24,ablation_no_adaptive,1,14.57841700175777,96.77857971659827,2,1935
battleground.map,wc3,512,0.6480255126953125,24,ablation_no_smoothing,1,14.077637999434955,103.12489168102773,9,1935
battleground.map,wc3,512,0.6480255126953125,25,dijkstra,1,14.335305997519754,41.65685424949237,1,3559
battleground.map,wc3,512,0.6480255126953125,25,astar,1,0.32900199948926456,41.65685424949238,3,52
battleground.map,wc3,512,0.6480255126953125,25,weighted_astar,1,0.24671400024089962,41.65685424949238,1,41
battleground.map,wc3,512,0.6480255126953125,25,improved_astar,1,0.2968100016005337,40.19950248448356,0,52
battleground.map,wc3,512,0.6480255126953125,25,ablation_no_adaptive,1,0.3313269990030676,40.19950248448356,0,52
battleground.map,wc3,512,0.6480255126953125,25,ablation_no_smoothing,1,0.29134599753888324,41.65685424949238,3,52
battleground.map,wc3,512,0.6480255126953125,26,dijkstra,1,319.932289999997,316.96046148071144,29,67667
battleground.map,wc3,512,0.6480255126953125,26,astar,1,42.53617599897552,316.96046148071144,25,7208
battleground.map,wc3,512,0.6480255126953125,26,weighted_astar,1,16.634630999760702,316.96046148071144,22,2930
battleground.map,wc3,512,0.6480255126953125,26,improved_astar,1,42.73965700122062,298.69756831716353,10,7208
battleground.map,wc3,512,0.6480255126953125,26,ablation_no_adaptive,1,42.871156001638155,298.69756831716353,10,7208
battleground.map,wc3,512,0.6480255126953125,26,ablation_no_smoothing,1,42.9378020016884,316.96046148071144,25,7208
battleground.map,wc3,512,0.6480255126953125,27,dijkstra,1,312.85151100018993,296.622366364086,7,70532
battleground.map,wc3,512,0.6480255126953125,27,astar,1,26.81605399993714,296.622366364086,6,5709
battleground.map,wc3,512,0.6480255126953125,27,weighted_astar,1,1.8191469971498009,296.622366364086,1,262
battleground.map,wc3,512,0.6480255126953125,27,improved_astar,1,27.1063830005005,286.76359042677325,2,5709
battleground.map,wc3,512,0.6480255126953125,27,ablation_no_adaptive,1,26.983387000655057,286.76359042677325,2,5709
battleground.map,wc3,512,0.6480255126953125,27,ablation_no_smoothing,1,26.774866000778275,296.622366364086,6,5709
battleground.map,wc3,512,0.6480255126953125,28,dijkstra,1,350.87394600122934,398.3746750430845,30,81276
battleground.map,wc3,512,0.6480255126953125,28,astar,1,52.92581699904986,398.3746750430845,32,8399
battleground.map,wc3,512,0.6480255126953125,28,weighted_astar,1,13.360048000322422,406.6589462905466,51,2449
battleground.map,wc3,512,0.6480255126953125,28,improved_astar,1,49.03333299807855,377.2377991035247,16,8399
battleground.map,wc3,512,0.6480255126953125,28,ablation_no_adaptive,1,48.405515000922605,377.2377991035247,16,8399
battleground.map,wc3,512,0.6480255126953125,28,ablation_no_smoothing,1,48.414698998385575,398.3746750430845,32,8399
battleground.map,wc3,512,0.6480255126953125,29,dijkstra,1,391.5380100006587,346.0071426749372,13,89136
battleground.map,wc3,512,0.6480255126953125,29,astar,1,128.33044700164464,346.0071426749372,18,16505
battleground.map,wc3,512,0.6480255126953125,29,weighted_astar,1,72.68004100114922,376.6589462905466,63,11504
battleground.map,wc3,512,0.6480255126953125,29,improved_astar,1,126.6860040013853,329.74201421976215,8,16505
battleground.map,wc3,512,0.6480255126953125,29,ablation_no_adaptive,1,126.97199499962153,329.74201421976215,8,16505
battleground.map,wc3,512,0.6480255126953125,29,ablation_no_smoothing,1,125.59199799943599,346.0071426749372,18,16505
blastedlands.map,wc3,512,0.4987373352050781,0,dijkstra,1,526.2578840010974,397.6417023478438,17,119604
blastedlands.map,wc3,512,0.4987373352050781,0,astar,1,53.21385799834388,397.6417023478438,20,10153
blastedlands.map,wc3,512,0.4987373352050781,0,weighted_astar,1,13.686549998965347,401.7838379715749,29,2446
blastedlands.map,wc3,512,0.4987373352050781,0,improved_astar,1,52.90528599653044,381.5988915587509,11,10153
blastedlands.map,wc3,512,0.4987373352050781,0,ablation_no_adaptive,1,73.49280899870791,381.5988915587509,11,10153
blastedlands.map,wc3,512,0.4987373352050781,0,ablation_no_smoothing,1,52.73072400086676,397.6417023478438,20,10153
blastedlands.map,wc3,512,0.4987373352050781,1,dijkstra,1,103.77510500256903,109.3553390593273,5,25075
blastedlands.map,wc3,512,0.4987373352050781,1,astar,1,9.644077999837464,109.3553390593273,10,1997
blastedlands.map,wc3,512,0.4987373352050781,1,weighted_astar,1,1.900004001072375,109.35533905932733,7,310
blastedlands.map,wc3,512,0.4987373352050781,1,improved_astar,1,9.482098001171835,102.92395962013867,5,1997
blastedlands.map,wc3,512,0.4987373352050781,1,ablation_no_adaptive,1,9.515349000139395,102.92395962013867,5,1997
blastedlands.map,wc3,512,0.4987373352050781,1,ablation_no_smoothing,1,9.467332001804607,109.3553390593273,10,1997
blastedlands.map,wc3,512,0.4987373352050781,2,dijkstra,1,80.55540200075484,119.31370849898474,1,20626
blastedlands.map,wc3,512,0.4987373352050781,2,astar,1,2.3141569981817156,119.31370849898474,6,463
blastedlands.map,wc3,512,0.4987373352050781,2,weighted_astar,1,1.3330330002645496,128.4264068711928,25,245
blastedlands.map,wc3,512,0.4987373352050781,2,improved_astar,1,2.183151002100203,116.33198854434255,1,463
blastedlands.map,wc3,512,0.4987373352050781,2,ablation_no_adaptive,1,2.19441399895004,116.33198854434255,1,463
blastedlands.map,wc3,512,0.4987373352050781,2,ablation_no_smoothing,1,2.1708930034947116,119.31370849898474,6,463
blastedlands.map,wc3,512,0.4987373352050781,3,dijkstra,1,498.6320770003658,245.5634918610407,13,100486
blastedlands.map,wc3,512,0.4987373352050781,3,astar,1,46.33683599968208,245.5634918610407,9,7666
blastedlands.map,wc3,512,0.4987373352050781,3,weighted_astar,1,10.529967003094498,257.7056274847719,32,1891
blastedlands.map,wc3,512,0.4987373352050781,3,improved_astar,1,39.47315199911827,230.33883805924233,4,7666
blastedlands.map,wc3,512,0.4987373352050781,3,ablation_no_adaptive,1,42.24423000050592,230.33883805924233,4,7666
blastedlands.map,wc3,512,0.4987373352050781,3,ablation_no_smoothing,1,43.65729699929943,245.5634918610407,9,7666
blastedlands.map,wc3,512,0.4987373352050781,4,dijkstra,1,406.73847400103114,263.6223663640867,9,79004
blastedlands.map,wc3,512,0.4987373352050781,4,astar,1,77.40265599932172,263.6223663640867,9,7598
blastedlands.map,wc3,512,0.4987373352050781,4,weighted_astar,1,8.675520999531727,279.3624817342645,54,1248
blastedlands.map,wc3,512,0.4987373352050781,4,improved_astar,1,78.41862400164246,246.32229563034272,6,7598
blastedlands.map,wc3,512,0.4987373352050781,4,ablation_no_adaptive,1,60.16648399963742,246.32229563034272,6,7598
blastedlands.map,wc3,512,0.4987373352050781,4,ablation_no_smoothing,1,65.25406099899556,263.6223663640867,9,7598
blastedlands.map,wc3,512,0.4987373352050781,5,dijkstra,1,543.3526140004687,290.69343417595206,16,108630
blastedlands.map,wc3,512,0.4987373352050781,5,astar,1,85.22275699942838,290.69343417595206,17,13010
blastedlands.map,wc3,512,0.4987373352050781,5,weighted_astar,1,11.943632998736575,298.1492782986678,36,1505
blastedlands.map,wc3,512,0.4987373352050781,5,improved_astar,1,90.84138099933625,271.7688645170835,9,13010
blastedlands.map,wc3,512,0.4987373352050781,5,ablation_no_adaptive,1,72.56669599883026,271.7688645170835,9,13010
blastedlands.map,wc3,512,0.4987373352050781,5,ablation_no_smoothing,1,69.75451199832605,290.69343417595206,17,13010
blastedlands.map,wc3,512,0.4987373352050781,6,dijkstra,1,178.65844699917943,158.32590180780443,9,37886
blastedlands.map,wc3,512,0.4987373352050781,6,astar,1,23.64886400027899,158.32590180780443,31,3831
blastedlands.map,wc3,512,0.4987373352050781,6,weighted_astar,1,15.33137899969006,159.15432893255064,9,2937
blastedlands.map,wc3,512,0.4987373352050781,6,improved_astar,1,19.266523002443137,143.9139384441292,3,3831
blastedlands.map,wc3,512,0.4987373352050781,6,ablation_no_adaptive,1,20.143924000876723,143.9139384441292,3,3831
blastedlands.map,wc3,512,0.4987373352050781,6,ablation_no_smoothing,1,21.55811999909929,158.32590180780443,31,3831
blastedlands.map,wc3,512,0.4987373352050781,7,dijkstra,1,506.0950100014452,394.53405460951785,21,105526
blastedlands.map,wc3,512,0.4987373352050781,7,astar,1,214.62275000158115,394.53405460951785,13,26624
blastedlands.map,wc3,512,0.4987373352050781,7,weighted_astar,1,8.42299199939589,396.7766952966372,14,1306
blastedlands.map,wc3,512,0.4987373352050781,7,improved_astar,1,212.51193799980683,369.56114242871297,7,26624
blastedlands.map,wc3,512,0.4987373352050781,7,ablation_no_adaptive,1,210.97286800068105,369.56114242871297,7,26624
blastedlands.map,wc3,512,0.4987373352050781,7,ablation_no_smoothing,1,208.05708300031256,394.53405460951785,13,26624
blastedlands.map,wc3,512,0.4987373352050781,8,dijkstra,1,128.16268800088437,168.23759005323586,10,31754
blastedlands.map,wc3,512,0.4987373352050781,8,astar,1,20.540325000183657,168.23759005323586,15,4194
blastedlands.map,wc3,512,0.4987373352050781,8,weighted_astar,1,12.248888000613078,170.52186130069788,16,2278
blastedlands.map,wc3,512,0.4987373352050781,8,improved_astar,1,20.78108999921824,160.17192875233445,8,4194
blastedlands.map,wc3,512,0.4987373352050781,8,ablation_no_adaptive,1,20.155695001449203,160.17192875233445,8,4194
blastedlands.map,wc3,512,0.4987373352050781,8,ablation_no_smoothing,1,20.380567002575845,168.23759005323586,15,4194
blastedlands.map,wc3,512,0.4987373352050781,9,dijkstra,1,565.7222350018856,363.4284989122472,19,127117
blastedlands.map,wc3,512,0.4987373352050781,9,astar,1,47.4543829986942,363.4284989122473,13,8907
blastedlands.map,wc3,512,0.4987373352050781,9,weighted_astar,1,22.22828200319782,366.74220741123213,21,4000
blastedlands.map,wc3,512,0.4987373352050781,9,improved_astar,1,46.64744600086124,345.7605318777499,6,8907
blastedlands.map,wc3,512,0.4987373352050781,9,ablation_no_adaptive,1,46.71501300254022,345.7605318777499,6,8907
blastedlands.map,wc3,512,0.4987373352050781,9,ablation_no_smoothing,1,46.59585599802085,363.4284989122473,13,8907
blastedlands.map,wc3,512,0.4987373352050781,10,dijkstra,1,435.9713060002832,218.99494936611694,11,89088
blastedlands.map,wc3,512,0.4987373352050781,10,astar,1,25.796190999244573,218.994949366117,9,4322
blastedlands.map,wc3,512,0.4987373352050781,10,weighted_astar,1,5.849156001204392,231.4213562373099,27,1039
blastedlands.map,wc3,512,0.4987373352050781,10,improved_astar,1,25.861082001938485,207.21106175102014,4,4322
blastedlands.map,wc3,512,0.4987373352050781,10,ablation_no_adaptive,1,25.38047200141591,207.21106175102014,4,4322
blastedlands.map,wc3,512,0.4987373352050781,10,ablation_no_smoothing,1,25.468979998549912,218.994949366117,9,4322
blastedlands.map,wc3,512,0.4987373352050781,11,dijkstra,1,26.90644199901726,69.65685424949237,6,6832
blastedlands.map,wc3,512,0.4987373352050781,11,astar,1,0.4942010018567089,69.65685424949238,3,69
blastedlands.map,wc3,512,0.4987373352050781,11,weighted_astar,1,0.4307849994802382,69.65685424949238,1,69
blastedlands.map,wc3,512,0.4987373352050781,11,improved_astar,1,0.4138209988013841,68.12451613089823,1,69
blastedlands.map,wc3,512,0.4987373352050781,11,ablation_no_adaptive,1,0.40363399966736324,68.12451613089823,1,69
blastedlands.map,wc3,512,0.4987373352050781,11,ablation_no_smoothing,1,0.40527100281906314,69.65685424949238,3,69
blastedlands.map,wc3,512,0.4987373352050781,12,dijkstra,1,49.65829699722235,81.94112549695421,9,13065
blastedlands.map,wc3,512,0.4987373352050781,12,astar,1,5.9435830007714685,81.94112549695426,13,1129
blastedlands.map,wc3,512,0.4987373352050781,12,weighted_astar,1,3.4458410009392537,81.94112549695429,3,708
blastedlands.map,wc3,512,0.4987373352050781,12,improved_astar,1,5.938979997154092,73.95032802770447,2,1129
blastedlands.map,wc3,512,0.4987373352050781,12,ablation_no_adaptive,1,5.805429998872569,73.95032802770447,2,1129
blastedlands.map,wc3,512,0.4987373352050781,12,ablation_no_smoothing,1,5.85182700160658,81.94112549695426,13,1129
blastedlands.map,wc3,512,0.4987373352050781,13,dijkstra,1,338.75961999729043,291.81832585698,22,78260
blastedlands.map,wc3,512,0.4987373352050781,13,astar,1,48.25158200037549,291.81832585698,19,8290
blastedlands.map,wc3,512,0.4987373352050781,13,weighted_astar,1,2.482780000718776,296.54624791833794,19,387
blastedlands.map,wc3,512,0.4987373352050781,13,improved_astar,1,46.237370999733685,277.6525614509038,9,8290
blastedlands.map,wc3,512,0.4987373352050781,13,ablation_no_adaptive,1,46.303433999128174,277.6525614509038,9,8290
blastedlands.map,wc3,512,0.4987373352050781,13,ablation_no_smoothing,1,46.39065199808101,291.81832585698,19,8290
blastedlands.map,wc3,512,0.4987373352050781,14,dijkstra,1,523.9999810000882,237.87720036002545,11,111061
blastedlands.map,wc3,512,0.4987373352050781,14,astar,1,35.302516000228934,237.87720036002548,14,6654
blastedlands.map,wc3,512,0.4987373352050781,14,weighted_astar,1,7.634747998963576,240.36248173426412,15,1353
blastedlands.map,wc3,512,0.4987373352050781,14,improved_astar,1,34.95397599908756,224.8299477602003,5,6654
blastedlands.map,wc3,512,0.4987373352050781,14,ablation_no_adaptive,1,34.70614400066552,224.8299477602003,5,6654
blastedlands.map,wc3,512,0.4987373352050781,14,ablation_no_smoothing,1,34.909329002402956,237.87720036002548,14,6654
blastedlands.map,wc3,512,0.4987373352050781,15,dijkstra,1,214.45734200096922,257.09545442950514,5,50358
blastedlands.map,wc3,512,0.4987373352050781,15,astar,1,32.00828400076716,257.09545442950514,8,5249
blastedlands.map,wc3,512,0.4987373352050781,15,weighted_astar,1,12.027108001348097,273.66399692442917,55,1569
blastedlands.map,wc3,512,0.4987373352050781,15,improved_astar,1,32.25570300128311,240.02484519139801,4,5249
blastedlands.map,wc3,512,0.4987373352050781,15,ablation_no_adaptive,1,30.687361999298446,240.02484519139801,4,5249
blastedlands.map,wc3,512,0.4987373352050781,15,ablation_no_smoothing,1,31.543684999633115,257.09545442950514,8,5249
blastedlands.map,wc3,512,0.4987373352050781,16,dijkstra,1,243.07910800052923,212.81118318204346,19,54601
blastedlands.map,wc3,512,0.4987373352050781,16,astar,1,52.610353002819465,212.81118318204346,17,8177
blastedlands.map,wc3,512,0.4987373352050781,16,weighted_astar,1,16.096598003059626,218.08326112068556,15,2521
blastedlands.map,wc3,512,0.4987373352050781,16,improved_astar,1,55.1917400007369,202.01923398833517,9,8177
blastedlands.map,wc3,512,0.4987373352050781,16,ablation_no_adaptive,1,52.114494999841554,202.01923398833517,9,8177
blastedlands.map,wc3,512,0.4987373352050781,16,ablation_no_smoothing,1,52.230132998374756,212.81118318204346,17,8177
blastedlands.map,wc3,512,0.4987373352050781,17,dijkstra,1,62.77502800003276,87.25483399593895,1,15876
blastedlands.map,wc3,512,0.4987373352050781,17,astar,1,1.3308710003911983,87.25483399593895,9,231
blastedlands.map,wc3,512,0.4987373352050781,17,weighted_astar,1,0.4817850021936465,87.25483399593904,1,75
blastedlands.map,wc3,512,0.4987373352050781,17,improved_astar,1,1.3280640014272649,80.62257748298549,0,231
blastedlands.map,wc3,512,0.4987373352050781,17,ablation_no_adaptive,1,1.2571549996209797,80.62257748298549,0,231
blastedlands.map,wc3,512,0.4987373352050781,17,ablation_no_smoothing,1,1.3024869986111298,87.25483399593895,9,231
blastedlands.map,wc3,512,0.4987373352050781,18,dijkstra,1,564.8420659999829,275.15432893255075,17,119371
blastedlands.map,wc3,512,0.4987373352050781,18,astar,1,23.533225001301616,275.15432893255075,7,4232
blastedlands.map,wc3,512,0.4987373352050781,18,weighted_astar,1,3.6608219998015556,288.9949493661168,24,598
blastedlands.map,wc3,512,0.4987373352050781,18,improved_astar,1,22.77792499808129,262.8536866437144,2,4232
blastedlands.map,wc3,512,0.4987373352050781,18,ablation_no_adaptive,1,22.75852999810013,262.8536866437144,2,4232
blastedlands.map,wc3,512,0.4987373352050781,18,ablation_no_smoothing,1,25.62544499960495,275.15432893255075,7,4232
blastedlands.map,wc3,512,0.4987373352050781,19,dijkstra,1,465.8987610018812,206.6934341759516,7,83191
blastedlands.map,wc3,512,0.4987373352050781,19,astar,1,22.423463000450283,206.69343417595167,10,3427
blastedlands.map,wc3,512,0.4987373352050781,19,weighted_astar,1,1.962578000529902,206.69343417595164,12,332
blastedlands.map,wc3,512,0.4987373352050781,19,improved_astar,1,19.67655000044033,192.42977409451873,5,3427
blastedlands.map,wc3,512,0.4987373352050781,19,ablation_no_adaptive,1,19.628383000963368,192.42977409451873,5,3427
blastedlands.map,wc3,512,0.4987373352050781,19,ablation_no_smoothing,1,19.752468000660883,206.69343417595167,10,3427
blastedlands.map,wc3,512,0.4987373352050781,20,dijkstra,1,341.59623899904545,319.86500705120585,29,74709
blastedlands.map,wc3,512,0.4987373352050781,20,astar,1,34.15352400043048,319.86500705120585,20,5464
blastedlands.map,wc3,512,0.4987373352050781,20,weighted_astar,1,2.8084690020477865,325.6639969244288,15,445
blastedlands.map,wc3,512,0.4987373352050781,20,improved_astar,1,33.707886999764014,299.68533903684903,8,5464
blastedlands.map,wc3,512,0.4987373352050781,20,ablation_no_adaptive,1,34.41639999800827,299.68533903684903,8,5464
blastedlands.map,wc3,512,0.4987373352050781,20,ablation_no_smoothing,1,33.80220600229222,319.86500705120585,20,5464
blastedlands.map,wc3,512,0.4987373352050781,21,dijkstra,1,11.83881899851258,38.79898987322332,5,2873
blastedlands.map,wc3,512,0.4987373352050781,21,astar,1,1.6568290011491627,38.79898987322333,3,290
blastedlands.map,wc3,512,0.4987373352050781,21,weighted_astar,1,0.21861599816475064,38.798989873223334,1,34
blastedlands.map,wc3,512,0.4987373352050781,21,improved_astar,1,1.5754279993416276,35.84689665786984,0,290
blastedlands.map,wc3,512,0.4987373352050781,21,ablation_no_adaptive,1,1.505591000750428,35.84689665786984,0,290
blastedlands.map,wc3,512,0.4987373352050781,21,ablation_no_smoothing,1,1.5321200007747393,38.79898987322333,3,290
blastedlands.map,wc3,512,0.4987373352050781,22,dijkstra,1,526.8141859996831,324.74011537017776,17,115747
blastedlands.map,wc3,512,0.4987373352050781,22,astar,1,35.98726500058547,324.74011537017776,17,5259
blastedlands.map,wc3,512,0.4987373352050781,22,weighted_astar,1,3.387385000678478,333.85281374238605,23,566
blastedlands.map,wc3,512,0.4987373352050781,22,improved_astar,1,34.886167999502504,312.7749495281561,9,5259
blastedlands.map,wc3,512,0.4987373352050781,22,ablation_no_adaptive,1,35.25966899906052,312.7749495281561,9,5259
blastedlands.map,wc3,512,0.4987373352050781,22,ablation_no_smoothing,1,35.050996997597395,324.74011537017776,17,5259
blastedlands.map,wc3,512,0.4987373352050781,23,dijkstra,1,7.949071998154977,45.828427124746185,1,2149
blastedlands.map,wc3,512,0.4987373352050781,23,astar,1,0.6992720009293407,45.828427124746185,3,118
blastedlands.map,wc3,512,0.4987373352050781,23,weighted_astar,1,0.27104800028610043,45.82842712474619,1,46
blastedlands.map,wc3,512,0.4987373352050781,23,improved_astar,1,0.6446730003517587,45.044422518220834,0,118
blastedlands.map,wc3,512,0.4987373352050781,23,ablation_no_adaptive,1,0.6247800010896754,45.044422518220834,0,118
blastedlands.map,wc3,512,0.4987373352050781,23,ablation_no_smoothing,1,0.6317970000964124,45.828427124746185,3,118
blastedlands.map,wc3,512,0.4987373352050781,24,dijkstra,1,531.2349410014576,268.6223663640865,13,101998
blastedlands.map,wc3,512,0.4987373352050781,24,astar,1,62.73101300030248,268.62236636408653,9,7131
blastedlands.map,wc3,512,0.4987373352050781,24,weighted_astar,1,4.099551002582302,278.5634918610405,7,743
blastedlands.map,wc3,512,0.4987373352050781,24,improved_astar,1,43.30480600037845,249.7105072210383,4,7131
blastedlands.map,wc3,512,0.4987373352050781,24,ablation_no_adaptive,1,41.66368100050022,249.7105072210383,4,7131
blastedlands.map,wc3,512,0.4987373352050781,24,ablation_no_smoothing,1,41.41910600083065,268.62236636408653,9,7131
blastedlands.map,wc3,512,0.4987373352050781,25,dijkstra,1,1.4843909993942361,11.071067811865476,3,349
blastedlands.map,wc3,512,0.4987373352050781,25,astar,1,0.07973700121510774,11.071067811865476,1,10
blastedlands.map,wc3,512,0.4987373352050781,25,weighted_astar,1,0.061367001762846485,11.071067811865476,1,10
blastedlands.map,wc3,512,0.4987373352050781,25,improved_astar,1,0.06326899892883375,10.295630140987,0,10
blastedlands.map,wc3,512,0.4987373352050781,25,ablation_no_adaptive,1,0.06155300070531666,10.295630140987,0,10
blastedlands.map,wc3,512,0.4987373352050781,25,ablation_no_smoothing,1,0.06642100197495893,11.071067811865476,1,10
blastedlands.map,wc3,512,0.4987373352050781,26,dijkstra,1,504.83207599972957,443.80613254815995,15,114908
blastedlands.map,wc3,512,0.4987373352050781,26,astar,1,55.196574998262804,443.80613254815995,21,10529
blastedlands.map,wc3,512,0.4987373352050781,26,weighted_astar,1,12.152979998063529,467.0020920410539,69,2189
blastedlands.map,wc3,512,0.4987373352050781,26,improved_astar,1,54.84720799722709,426.2450731305289,10,10529
blastedlands.map,wc3,512,0.4987373352050781,26,ablation_no_adaptive,1,53.91872600011993,426.2450731305289,10,10529
blastedlands.map,wc3,512,0.4987373352050781,26,ablation_no_smoothing,1,53.84375699941302,443.80613254815995,21,10529
blastedlands.map,wc3,512,0.4987373352050781,27,dijkstra,1,555.2689079995616,253.24978336205604,20,110105
blastedlands.map,wc3,512,0.4987373352050781,27,astar,1,23.577342999487882,253.24978336205604,17,4861
blastedlands.map,wc3,512,0.4987373352050781,27,weighted_astar,1,3.4498960012570024,262.36248173426435,27,624
blastedlands.map,wc3,512,0.4987373352050781,27,improved_astar,1,23.229046000778908,237.0704336692201,7,4861
blastedlands.map,wc3,512,0.4987373352050781,27,ablation_no_adaptive,1,23.256073000084143,237.0704336692201,7,4861
blastedlands.map,wc3,512,0.4987373352050781,27,ablation_no_smoothing,1,23.072448999300832,253.24978336205604,17,4861
blastedlands.map,wc3,512,0.4987373352050781,28,dijkstra,1,87.94910899814568,106.2375900532358,1,21946
blastedlands.map,wc3,512,0.4987373352050781,28,astar,1,0.8302450005430728,106.2375900532358,2,110
blastedlands.map,wc3,512,0.4987373352050781,28,weighted_astar,1,0.5593640016741119,106.23759005323582,1,77
blastedlands.map,wc3,512,0.4987373352050781,28,improved_astar,1,0.8462959995085839,105.38026380684383,0,110
blastedlands.map,wc3,512,0.4987373352050781,28,ablation_no_adaptive,1,0.7744469985482283,105.38026380684383,0,110
blastedlands.map,wc3,512,0.4987373352050781,28,ablation_no_smoothing,1,0.8015150015125982,106.2375900532358,2,110
blastedlands.map,wc3,512,0.4987373352050781,29,dijkstra,1,217.08755899817334,154.3380951166241,6,47839
blastedlands.map,wc3,512,0.4987373352050781,29,astar,1,10.826565998286242,154.3380951166241,18,1919
blastedlands.map,wc3,512,0.4987373352050781,29,weighted_astar,1,3.780761999223614,154.33809511662412,13,636
blastedlands.map,wc3,512,0.4987373352050781,29,improved_astar,1,10.594329000014113,145.65733965189676,4,1919
blastedlands.map,wc3,512,0.4987373352050781,29,ablation_no_adaptive,1,9.689096998044988,145.65733965189676,4,1919
blastedlands.map,wc3,512,0.4987373352050781,29,ablation_no_smoothing,1,9.695900000224356,154.3380951166241,18,1919
bloodvenomfalls.map,wc3,512,0.557281494140625,0,dijkstra,1,399.20707999772276,333.3624817342649,11,90978
bloodvenomfalls.map,wc3,512,0.557281494140625,0,astar,1,41.25339199890732,333.3624817342649,8,8746
bloodvenomfalls.map,wc3,512,0.557281494140625,0,weighted_astar,1,4.946230001223739,348.27416997969596,55,836
bloodvenomfalls.map,wc3,512,0.557281494140625,0,improved_astar,1,41.09945599702769,311.9319850828023,4,8746
bloodvenomfalls.map,wc3,512,0.557281494140625,0,ablation_no_adaptive,1,41.096929999184795,311.9319850828023,4,8746
bloodvenomfalls.map,wc3,512,0.557281494140625,0,ablation_no_smoothing,1,40.66556799807586,333.3624817342649,8,8746
bloodvenomfalls.map,wc3,512,0.557281494140625,1,dijkstra,1,452.56738099851646,402.5340546095184,21,101523
bloodvenomfalls.map,wc3,512,0.557281494140625,1,astar,1,55.43356799898902,402.5340546095184,15,7733
bloodvenomfalls.map,wc3,512,0.557281494140625,1,weighted_astar,1,32.925089999480406,429.0437226013969,79,5500
bloodvenomfalls.map,wc3,512,0.557281494140625,1,improved_astar,1,55.112139001721516,382.83253432543404,10,7733
bloodvenomfalls.map,wc3,512,0.557281494140625,1,ablation_no_adaptive,1,54.13670800044201,382.83253432543404,10,7733
bloodvenomfalls.map,wc3,512,0.557281494140625,1,ablation_no_smoothing,1,54.006667000066955,402.5340546095184,15,7733
bloodvenomfalls.map,wc3,512,0.557281494140625,2,dijkstra,1,233.69269300019369,227.22034611053334,11,54018
bloodvenomfalls.map,wc3,512,0.557281494140625,2,astar,1,14.106852999248076,227.22034611053334,10,3053
bloodvenomfalls.map,wc3,512,0.557281494140625,2,weighted_astar,1,2.1567500007222407,232.1909088590105,19,353
bloodvenomfalls.map,wc3,512,0.557281494140625,2,improved_astar,1,13.901110000006156,213.52628319895604,4,3053
bloodvenomfalls.map,wc3,512,0.557281494140625,2,ablation_no_adaptive,1,13.983902001200477,213.52628319895604,4,3053
bloodvenomfalls.map,wc3,512,0.557281494140625,2,ablation_no_smoothing,1,14.076827999815578,227.22034611053334,10,3053
bloodvenomfalls.map,wc3,512,0.557281494140625,3,dijkstra,1,391.87909199972637,337.75945135393494,29,89039
bloodvenomfalls.map,wc3,512,0.557281494140625,3,astar,1,43.51750500063645,337.759451353935,32,6728
bloodvenomfalls.map,wc3,512,0.557281494140625,3,weighted_astar,1,6.154713002615608,343.5584412271583,37,1068
bloodvenomfalls.map,wc3,512,0.557281494140625,3,improved_astar,1,42.03601499830256,316.87132038507076,15,6728
bloodvenomfalls.map,wc3,512,0.557281494140625,3,ablation_no_adaptive,1,41.97711300002993,316.87132038507076,15,6728
bloodvenomfalls.map,wc3,512,0.557281494140625,3,ablation_no_smoothing,1,41.83367400037241,337.759451353935,32,6728
bloodvenomfalls.map,wc3,512,0.557281494140625,4,dijkstra,1,51.63864999849466,97.81118318204304,5,12645
bloodvenomfalls.map,wc3,512,0.557281494140625,4,astar,1,3.5514039991539903,97.81118318204304,3,687
bloodvenomfalls.map,wc3,512,0.557281494140625,4,weighted_astar,1,0.5486400004883762,97.81118318204304,3,84
bloodvenomfalls.map,wc3,512,0.557281494140625,4,improved_astar,1,3.6159489973215386,92.19087035746803,1,687
bloodvenomfalls.map,wc3,512,0.557281494140625,4,ablation_no_adaptive,1,3.6820319983235095,92.19087035746803,1,687
bloodvenomfalls.map,wc3,512,0.557281494140625,4,ablation_no_smoothing,1,3.5127180017298087,97.81118318204304,3,687
bloodvenomfalls.map,wc3,512,0.557281494140625,5,dijkstra,1,315.1453659993422,307.0954544295049,17,73514
bloodvenomfalls.map,wc3,512,0.557281494140625,5,astar,1,27.171265002834843,307.09545442950497,14,5461
bloodvenomfalls.map,wc3,512,0.557281494140625,5,weighted_astar,1,2.679804001672892,312.0660171779822,19,420
bloodvenomfalls.map,wc3,512,0.557281494140625,5,improved_astar,1,27.08133699707105,289.391459761667,2,5461
bloodvenomfalls.map,wc3,512,0.557281494140625,5,ablation_no_adaptive,1,27.648188999592094,289.391459761667,2,5461
bloodvenomfalls.map,wc3,512,0.557281494140625,5,ablation_no_smoothing,1,27.24445499916328,307.09545442950497,14,5461
bloodvenomfalls.map,wc3,512,0.557281494140625,6,dijkstra,1,341.95924600135186,245.55129855222094,21,78415
bloodvenomfalls.map,wc3,512,0.557281494140625,6,astar,1,49.69219600025099,245.551298552221,14,9647
bloodvenomfalls.map,wc3,512,0.557281494140625,6,weighted_astar,1,30.888404999132035,255.4924240491753,47,5068
bloodvenomfalls.map,wc3,512,0.557281494140625,6,improved_astar,1,50.6329759991786,230.83963876075094,9,9647
bloodvenomfalls.map,wc3,512,0.557281494140625,6,ablation_no_adaptive,1,50.23339699982898,230.83963876075094,9,9647
bloodvenomfalls.map,wc3,512,0.557281494140625,6,ablation_no_smoothing,1,49.9008929982665,245.551298552221,14,9647
bloodvenomfalls.map,wc3,512,0.557281494140625,7,dijkstra,1,229.03570199923706,285.5929291125636,25,54092
bloodvenomfalls.map,wc3,512,0.557281494140625,7,astar,1,62.91683800009196,285.59292911256364,32,12287
bloodvenomfalls.map,wc3,512,0.557281494140625,7,weighted_astar,1,40.682509999896865,287.24978336205606,57,6417
bloodvenomfalls.map,wc3,512,0.557281494140625,7,improved_astar,1,61.93132000043988,265.45376878800664,14,12287
bloodvenomfalls.map,wc3,512,0.557281494140625,7,ablation_no_adaptive,1,61.818017002224224,265.45376878800664,14,12287
bloodvenomfalls.map,wc3,512,0.557281494140625,7,ablation_no_smoothing,1,62.54833799903281,285.59292911256364,32,12287
bloodvenomfalls.map,wc3,512,0.557281494140625,8,dijkstra,1,286.4667069989082,295.9533188057743,23,65610
bloodvenomfalls.map,wc3,512,0.557281494140625,8,astar,1,71.85820599988801,295.9533188057743,39,13772
bloodvenomfalls.map,wc3,512,0.557281494140625,8,weighted_astar,1,38.160579999384936,302.0193359837569,46,7294
bloodvenomfalls.map,wc3,512,0.557281494140625,8,improved_astar,1,70.19325700093759,281.6519326571209,17,13772
bloodvenomfalls.map,wc3,512,0.557281494140625,8,ablation_no_adaptive,1,69.1446860000724,281.6519326571209,17,13772
bloodvenomfalls.map,wc3,512,0.557281494140625,8,ablation_no_smoothing,1,69.93340400003945,295.9533188057743,39,13772
bloodvenomfalls.map,wc3,512,0.557281494140625,9,dijkstra,1,385.47952900262317,296.0365799264591,10,87175
bloodvenomfalls.map,wc3,512,0.557281494140625,9,astar,1,23.429762000887422,296.0365799264593,16,4004
bloodvenomfalls.map,wc3,512,0.557281494140625,9,weighted_astar,1,2.1477650007000193,300.1787155501902,11,319
bloodvenomfalls.map,wc3,512,0.557281494140625,9,improved_astar,1,23.431571997207357,283.2348719774673,5,4004
bloodvenomfalls.map,wc3,512,0.557281494140625,9,ablation_no_adaptive,1,23.44610299769556,283.2348719774673,5,4004
bloodvenomfalls.map,wc3,512,0.557281494140625,9,ablation_no_smoothing,1,23.001716002909234,296.0365799264593,16,4004
bloodvenomfalls.map,wc3,512,0.557281494140625,10,dijkstra,1,230.50605899697985,247.80613254816004,17,53891
bloodvenomfalls.map,wc3,512,0.557281494140625,10,astar,1,65.46858599904226,247.80613254816006,22,10318
bloodvenomfalls.map,wc3,512,0.557281494140625,10,weighted_astar,1,34.321438000915805,247.80613254816024,11,5413
bloodvenomfalls.map,wc3,512,0.557281494140625,10,improved_astar,1,64.1018169990275,230.76717538538514,7,10318
bloodvenomfalls.map,wc3,512,0.557281494140625,10,ablation_no_adaptive,1,65.32906599750277,230.76717538538514,7,10318
bloodvenomfalls.map,wc3,512,0.557281494140625,10,ablation_no_smoothing,1,85.39167400158476,247.80613254816006,22,10318
bloodvenomfalls.map,wc3,512,0.557281494140625,11,dijkstra,1,445.6432089973532,380.4091629284905,15,102079
bloodvenomfalls.map,wc3,512,0.557281494140625,11,astar,1,79.8274640001182,380.4091629284905,12,12205
bloodvenomfalls.map,wc3,512,0.557281494140625,11,weighted_astar,1,35.115981998387724,387.86500705120625,23,5458
bloodvenomfalls.map,wc3,512,0.557281494140625,11,improved_astar,1,79.06852000087383,366.1206709286905,6,12205
bloodvenomfalls.map,wc3,512,0.557281494140625,11,ablation_no_adaptive,1,78.69375199879869,366.1206709286905,6,12205
bloodvenomfalls.map,wc3,512,0.557281494140625,11,ablation_no_smoothing,1,77.50577400292968,380.4091629284905,12,12205
bloodvenomfalls.map,wc3,512,0.557281494140625,12,dijkstra,1,176.99575000006007,221.4264068711928,9,42772
bloodvenomfalls.map,wc3,512,0.557281494140625,12,astar,1,8.133770999847911,221.42640687119282,9,1342
bloodvenomfalls.map,wc3,512,0.557281494140625,12,weighted_astar,1,5.976757001917576,221.42640687119282,5,1039
bloodvenomfalls.map,wc3,512,0.557281494140625,12,improved_astar,1,8.194194997486193,210.52466632322805,2,1342
bloodvenomfalls.map,wc3,512,0.557281494140625,12,ablation_no_adaptive,1,7.894040001701796,210.52466632322805,2,1342
bloodvenomfalls.map,wc3,512,0.557281494140625,12,ablation_no_smoothing,1,8.154887000273447,221.42640687119282,9,1342
bloodvenomfalls.map,wc3,512,0.557281494140625,13,dijkstra,1,454.45697600007406,407.3158005400392,29,103563
bloodvenomfalls.map,wc3,512,0.557281494140625,13,astar,1,75.15759600210004,407.3158005400392,45,13454
bloodvenomfalls.map,wc3,512,0.557281494140625,13,weighted_astar,1,33.450400998845,413.11479041326277,60,6253
bloodvenomfalls.map,wc3,512,0.557281494140625,13,improved_astar,1,74.50207699730527,381.6649616483924,19,13454
bloodvenomfalls.map,wc3,512,0.557281494140625,13,ablation_no_adaptive,1,74.83588400282315,381.6649616483924,19,13454
bloodvenomfalls.map,wc3,512,0.557281494140625,13,ablation_no_smoothing,1,75.04074100143043,407.3158005400392,45,13454
bloodvenomfalls.map,wc3,512,0.557281494140625,14,dijkstra,1,309.67209299706155,228.71067811865473,17,68866
bloodvenomfalls.map,wc3,512,0.557281494140625,14,astar,1,21.77997499893536,228.71067811865478,19,3862
bloodvenomfalls.map,wc3,512,0.557281494140625,14,weighted_astar,1,6.936998001037864,232.8528137423857,26,1350
bloodvenomfalls.map,wc3,512,0.557281494140625,14,improved_astar,1,21.087310997245368,215.06195544422383,10,3862
bloodvenomfalls.map,wc3,512,0.557281494140625,14,ablation_no_adaptive,1,21.24423499844852,215.06195544422383,10,3862
bloodvenomfalls.map,wc3,512,0.557281494140625,14,ablation_no_smoothing,1,21.45938300236594,228.71067811865478,19,3862
bloodvenomfalls.map,wc3,512,0.557281494140625,15,dijkstra,1,353.1348699980299,406.9188309203685,41,82835
bloodvenomfalls.map,wc3,512,0.557281494140625,15,astar,1,181.80987800224102,406.9188309203686,30,34702
bloodvenomfalls.map,wc3,512,0.557281494140625,15,weighted_astar,1,150.70027399997343,416.03152929257686,75,25333
bloodvenomfalls.map,wc3,512,0.557281494140625,15,improved_astar,1,183.66417400102364,376.30598660282675,17,34702
bloodvenomfalls.map,wc3,512,0.557281494140625,15,ablation_no_adaptive,1,181.93121799777145,376.30598660282675,17,34702
bloodvenomfalls.map,wc3,512,0.557281494140625,15,ablation_no_smoothing,1,182.47316899942234,406.9188309203686,30,34702
bloodvenomfalls.map,wc3,512,0.557281494140625,16,dijkstra,1,15.552415999991354,52.485281374238554,1,3916
bloodvenomfalls.map,wc3,512,0.557281494140625,16,astar,1,0.3854650021821726,52.48528137423856,6,61
bloodvenomfalls.map,wc3,512,0.557281494140625,16,weighted_astar,1,0.34515399966039695,53.31370849898477,8,56
bloodvenomfalls.map,wc3,512,0.557281494140625,16,improved_astar,1,0.38960300298640504,50.39166557584276,2,61
bloodvenomfalls.map,wc3,512,0.557281494140625,16,ablation_no_adaptive,1,0.3354010004841257,50.39166557584276,2,61
bloodvenomfalls.map,wc3,512,0.557281494140625,16,ablation_no_smoothing,1,0.3633129999798257,52.48528137423856,6,61
bloodvenomfalls.map,wc3,512,0.557281494140625,17,dijkstra,1,56.288921001396375,96.49747468305824,11,14489
bloodvenomfalls.map,wc3,512,0.557281494140625,17,astar,1,2.1825809999427292,96.49747468305826,7,451
bloodvenomfalls.map,wc3,512,0.557281494140625,17,weighted_astar,1,0.5717909989471082,96.4974746830583,1,83
bloodvenomfalls.map,wc3,512,0.557281494140625,17,improved_astar,1,2.124139999068575,89.39834147395972,1,451
bloodvenomfalls.map,wc3,512,0.557281494140625,17,ablation_no_adaptive,1,2.118984000844648,89.39834147395972,1,451
bloodvenomfalls.map,wc3,512,0.557281494140625,17,ablation_no_smoothing,1,2.0734139980049804,96.49747468305826,7,451
bloodvenomfalls.map,wc3,512,0.557281494140625,18,dijkstra,1,18.91412099939771,64.3847763108502,5,4738
bloodvenomfalls.map,wc3,512,0.557281494140625,18,astar,1,3.0748380013392307,64.3847763108502,11,546
bloodvenomfalls.map,wc3,512,0.557281494140625,18,weighted_astar,1,1.134396999987075,65.21320343559641,17,224
bloodvenomfalls.map,wc3,512,0.557281494140625,18,improved_astar,1,2.8815349978685845,60.6291229520741,4,546
bloodvenomfalls.map,wc3,512,0.557281494140625,18,ablation_no_adaptive,1,2.9113040000083856,60.6291229520741,4,546
bloodvenomfalls.map,wc3,512,0.557281494140625,18,ablation_no_smoothing,1,2.920753999205772,64.3847763108502,11,546
bloodvenomfalls.map,wc3,512,0.557281494140625,19,dijkstra,1,237.00502900101128,310.43354954613034,23,56189
bloodvenomfalls.map,wc3,512,0.557281494140625,19,astar,1,39.6279209999193,310.43354954613034,29,7374
bloodvenomfalls.map,wc3,512,0.557281494140625,19,weighted_astar,1,21.870461998332758,310.43354954613034,24,4370
bloodvenomfalls.map,wc3,512,0.557281494140625,19,improved_astar,1,39.96333599934587,297.0112696111147,11,7374
bloodvenomfalls.map,wc3,512,0.557281494140625,19,ablation_no_adaptive,1,39.31570699933218,297.0112696111147,11,7374
bloodvenomfalls.map,wc3,512,0.557281494140625,19,ablation_no_smoothing,1,39.186255999084096,310.43354954613034,29,7374
bloodvenomfalls.map,wc3,512,0.557281494140625,20,dijkstra,1,438.7186330022814,421.09040379562293,27,101860
bloodvenomfalls.map,wc3,512,0.557281494140625,20,astar,1,87.10243399764295,421.09040379562293,29,14877
bloodvenomfalls.map,wc3,512,0.557281494140625,20,weighted_astar,1,39.626738998777,430.20310216783116,91,6986
bloodvenomfalls.map,wc3,512,0.557281494140625,20,improved_astar,1,87.2904660027416,392.825378978444,12,14877
bloodvenomfalls.map,wc3,512,0.557281494140625,20,ablation_no_adaptive,1,106.16266099896166,392.825378978444,12,14877
bloodvenomfalls.map,wc3,512,0.557281494140625,20,ablation_no_smoothing,1,86.7953380002291,421.09040379562293,29,14877
bloodvenomfalls.map,wc3,512,0.557281494140625,21,dijkstra,1,398.3110279987159,345.14927829866787,17,89162
bloodvenomfalls.map,wc3,512,0.557281494140625,21,astar,1,128.24295400059782,345.14927829866787,19,21355
bloodvenomfalls.map,wc3,512,0.557281494140625,21,weighted_astar,1,103.39251400000649,354.2619766708763,64,17430
bloodvenomfalls.map,wc3,512,0.557281494140625,21,improved_astar,1,127.83903000308783,318.69149620976367,13,21355
bloodvenomfalls.map,wc3,512,0.557281494140625,21,ablation_no_adaptive,1,128.12298700009705,318.69149620976367,13,21355
bloodvenomfalls.map,wc3,512,0.557281494140625,21,ablation_no_smoothing,1,129.6532960004697,345.14927829866787,19,21355
bloodvenomfalls.map,wc3,512,0.557281494140625,22,dijkstra,1,245.78104999818606,248.96551211459428,17,59106
bloodvenomfalls.map,wc3,512,0.557281494140625,22,astar,1,39.45402200042736,248.96551211459428,16,7783
bloodvenomfalls.map,wc3,512,0.557281494140625,22,weighted_astar,1,17.4886049971974,255.59292911256395,11,2860
bloodvenomfalls.map,wc3,512,0.557281494140625,22,improved_astar,1,38.25804000007338,234.09747108445356,9,7783
bloodvenomfalls.map,wc3,512,0.557281494140625,22,ablation_no_adaptive,1,39.79664399957983,234.09747108445356,9,7783
bloodvenomfalls.map,wc3,512,0.557281494140625,22,ablation_no_smoothing,1,38.961068999924464,248.96551211459428,16,7783
bloodvenomfalls.map,wc3,512,0.557281494140625,23,dijkstra,1,329.85785299752024,284.2964645562818,9,76593
bloodvenomfalls.map,wc3,512,0.557281494140625,23,astar,1,17.13869900049758,284.2964645562818,12,3845
bloodvenomfalls.map,wc3,512,0.557281494140625,23,weighted_astar,1,6.132292000984307,294.2375900532362,37,1088
bloodvenomfalls.map,wc3,512,0.557281494140625,23,improved_astar,1,17.075076000764966,270.94091071965767,5,3845
bloodvenomfalls.map,wc3,512,0.557281494140625,23,ablation_no_adaptive,1,16.94390099873999,270.94091071965767,5,3845
bloodvenomfalls.map,wc3,512,0.557281494140625,23,ablation_no_smoothing,1,16.9916140002897,284.2964645562818,12,3845
bloodvenomfalls.map,wc3,512,0.557281494140625,24,dijkstra,1,238.06695199891692,222.33809511662434,23,55595
bloodvenomfalls.map,wc3,512,0.557281494140625,24,astar,1,36.680394998256816,222.33809511662437,38,7199
bloodvenomfalls.map,wc3,512,0.557281494140625,24,weighted_astar,1,27.03107300112606,228.1370849898479,39,5122
bloodvenomfalls.map,wc3,512,0.557281494140625,24,improved_astar,1,35.97522199925152,206.814281967357,5,7199
bloodvenomfalls.map,wc3,512,0.557281494140625,24,ablation_no_adaptive,1,35.87900200000149,206.814281967357,5,7199
bloodvenomfalls.map,wc3,512,0.557281494140625,24,ablation_no_smoothing,1,36.31474799840362,222.33809511662437,38,7199
bloodvenomfalls.map,wc3,512,0.557281494140625,25,dijkstra,1,131.33329700212926,134.55634918610403,6,32036
bloodvenomfalls.map,wc3,512,0.557281494140625,25,astar,1,4.411010999319842,134.55634918610403,6,792
bloodvenomfalls.map,wc3,512,0.557281494140625,25,weighted_astar,1,2.279365999129368,139.52691193458116,9,416
bloodvenomfalls.map,wc3,512,0.557281494140625,25,improved_astar,1,4.282437002984807,130.9180591809192,3,792
bloodvenomfalls.map,wc3,512,0.557281494140625,25,ablation_no_adaptive,1,4.257579999830341,130.9180591809192,3,792
bloodvenomfalls.map,wc3,512,0.557281494140625,25,ablation_no_smoothing,1,4.272253001545323,134.55634918610403,6,792
bloodvenomfalls.map,wc3,512,0.557281494140625,26,dijkstra,1,148.6796460012556,217.62236636408642,11,36661
bloodvenomfalls.map,wc3,512,0.557281494140625,26,astar,1,32.80970700143371,217.62236636408642,14,5687
bloodvenomfalls.map,wc3,512,0.557281494140625,26,weighted_astar,1,15.222313999402104,220.93607486307127,27,2801
bloodvenomfalls.map,wc3,512,0.557281494140625,26,improved_astar,1,31.87185800197767,200.18103740045314,5,5687
bloodvenomfalls.map,wc3,512,0.557281494140625,26,ablation_no_adaptive,1,32.1637400011241,200.18103740045314,5,5687
bloodvenomfalls.map,wc3,512,0.557281494140625,26,ablation_no_smoothing,1,32.11726900190115,217.62236636408642,14,5687
bloodvenomfalls.map,wc3,512,0.557281494140625,27,dijkstra,1,202.33998299954692,216.42135623730996,13,47434
bloodvenomfalls.map,wc3,512,0.557281494140625,27,astar,1,25.121288999798708,216.42135623730996,20,3924
bloodvenomfalls.map,wc3,512,0.557281494140625,27,weighted_astar,1,11.846515997604001,222.22034611053337,27,2112
bloodvenomfalls.map,wc3,512,0.557281494140625,27,improved_astar,1,24.43645099992864,203.1266619214286,8,3924
bloodvenomfalls.map,wc3,512,0.557281494140625,27,ablation_no_adaptive,1,24.483790999511257,203.1266619214286,8,3924
bloodvenomfalls.map,wc3,512,0.557281494140625,27,ablation_no_smoothing,1,24.47643000050448,216.42135623730996,20,3924
bloodvenomfalls.map,wc3,512,0.557281494140625,28,dijkstra,1,394.57200699689565,346.58073580374383,15,91863
bloodvenomfalls.map,wc3,512,0.557281494140625,28,astar,1,129.86754899975494,346.5807358037439,14,24240
bloodvenomfalls.map,wc3,512,0.557281494140625,28,weighted_astar,1,101.91089100044337,368.119841047145,91,17030
bloodvenomfalls.map,wc3,512,0.557281494140625,28,improved_astar,1,131.18523299999651,328.637779932993,8,24240
bloodvenomfalls.map,wc3,512,0.557281494140625,28,ablation_no_adaptive,1,128.97940299808397,328.637779932993,8,24240
bloodvenomfalls.map,wc3,512,0.557281494140625,28,ablation_no_smoothing,1,129.8934329970507,346.5807358037439,14,24240
bloodvenomfalls.map,wc3,512,0.557281494140625,29,dijkstra,1,59.38722199789481,116.31370849898475,7,14848
bloodvenomfalls.map,wc3,512,0.557281494140625,29,astar,1,2.0456459969864227,116.31370849898475,4,384
bloodvenomfalls.map,wc3,512,0.557281494140625,29,weighted_astar,1,0.8137209988490213,116.31370849898477,1,114
bloodvenomfalls.map,wc3,512,0.557281494140625,29,improved_astar,1,1.8930030018964317,113.34836625029709,1,384
bloodvenomfalls.map,wc3,512,0.557281494140625,29,ablation_no_adaptive,1,1.9546410003385972,113.34836625029709,1,384
bloodvenomfalls.map,wc3,512,0.557281494140625,29,ablation_no_smoothing,1,1.9273480029369239,116.31370849898475,4,384
bootybay.map,wc3,512,0.7149009704589844,0,dijkstra,1,58.971084999939194,194.81118318204295,6,15558
bootybay.map,wc3,512,0.7149009704589844,0,astar,1,7.5031310007034335,194.811183182043,5,1364
bootybay.map,wc3,512,0.7149009704589844,0,weighted_astar,1,1.225340998644242,194.81118318204304,3,178
bootybay.map,wc3,512,0.7149009704589844,0,improved_astar,1,7.510416002332931,183.47928071646433,1,1364
bootybay.map,wc3,512,0.7149009704589844,0,ablation_no_adaptive,1,7.455914997990476,183.47928071646433,1,1364
bootybay.map,wc3,512,0.7149009704589844,0,ablation_no_smoothing,1,7.440555000357563,194.811183182043,5,1364
bootybay.map,wc3,512,0.7149009704589844,1,dijkstra,1,38.990421999187674,98.69848480983498,12,9343
bootybay.map,wc3,512,0.7149009704589844,1,astar,1,2.880633001041133,98.69848480983498,12,500
bootybay.map,wc3,512,0.7149009704589844,1,weighted_astar,1,1.0292849983670749,99.52691193458116,11,170
bootybay.map,wc3,512,0.7149009704589844,1,improved_astar,1,2.3931970026751515,91.69155089834538,5,500
bootybay.map,wc3,512,0.7149009704589844,1,ablation_no_adaptive,1,2.437443999951938,91.69155089834538,5,500
bootybay.map,wc3,512,0.7149009704589844,1,ablation_no_smoothing,1,2.446558999508852,98.69848480983498,12,500
bootybay.map,wc3,512,0.7149009704589844,2,dijkstra,1,142.81861699782894,397.69343417595263,15,36748
bootybay.map,wc3,512,0.7149009704589844,2,astar,1,87.7503509982489,397.69343417595263,31,17734
bootybay.map,wc3,512,0.7149009704589844,2,weighted_astar,1,80.63376199788763,400.17871555019127,57,15745
bootybay.map,wc3,512,0.7149009704589844,2,improved_astar,1,88.90434700151673,380.054975763327,15,17734
bootybay.map,wc3,512,0.7149009704589844,2,ablation_no_adaptive,1,87.41116099918145,380.054975763327,15,17734
bootybay.map,wc3,512,0.7149009704589844,2,ablation_no_smoothing,1,87.11389300151495,397.69343417595263,31,17734
bootybay.map,wc3,512,0.7149009704589844,3,dijkstra,1,223.0975029997353,353.7817459305203,16,51877
bootybay.map,wc3,512,0.7149009704589844,3,astar,1,46.46975400100928,353.7817459305203,17,8318
bootybay.map,wc3,512,0.7149009704589844,3,weighted_astar,1,13.844651002727915,353.7817459305203,14,2868
bootybay.map,wc3,512,0.7149009704589844,3,improved_astar,1,50.72780699993018,335.48696854830126,8,8318
bootybay.map,wc3,512,0.7149009704589844,3,ablation_no_adaptive,1,50.36853900310234,335.48696854830126,8,8318
bootybay.map,wc3,512,0.7149009704589844,3,ablation_no_smoothing,1,46.474209000734845,353.7817459305203,17,8318
bootybay.map,wc3,512,0.7149009704589844,4,dijkstra,1,226.29915400102618,240.15432893255067,5,48633
bootybay.map,wc3,512,0.7149009704589844,4,astar,1,44.35856599957333,240.15432893255073,5,6850
bootybay.map,wc3,512,0.7149009704589844,4,weighted_astar,1,2.4389619975409005,246.7817459305203,13,339
bootybay.map,wc3,512,0.7149009704589844,4,improved_astar,1,66.30527299785172,227.65486808065796,1,6850
bootybay.map,wc3,512,0.7149009704589844,4,ablation_no_adaptive,1,43.514938002772396,227.65486808065796,1,6850
bootybay.map,wc3,512,0.7149009704589844,4,ablation_no_smoothing,1,46.0394140027347,240.15432893255073,5,6850
bootybay.map,wc3,512,0.7149009704589844,5,dijkstra,1,109.44712999844342,219.1787155501903,11,23179
bootybay.map,wc3,512,0.7149009704589844,5,astar,1,22.42830500108539,219.17871555019036,9,4058
bootybay.map,wc3,512,0.7149009704589844,5,weighted_astar,1,1.3882149978599045,221.663996924429,17,212
bootybay.map,wc3,512,0.7149009704589844,5,improved_astar,1,21.729503001552075,204.214622267906,5,4058
bootybay.map,wc3,512,0.7149009704589844,5,ablation_no_adaptive,1,21.48829700308852,204.214622267906,5,4058
bootybay.map,wc3,512,0.7149009704589844,5,ablation_no_smoothing,1,21.233734998531872,219.17871555019036,9,4058
bootybay.map,wc3,512,0.7149009704589844,6,dijkstra,1,294.4282479984395,407.4507934888328,17,64960
bootybay.map,wc3,512,0.7149009704589844,6,astar,1,133.3834429970011,407.4507934888328,22,22889
bootybay.map,wc3,512,0.7149009704589844,6,weighted_astar,1,88.19552000204567,411.59292911256387,50,16222
bootybay.map,wc3,512,0.7149009704589844,6,improved_astar,1,127.99966600141488,382.13372098491544,12,22889
bootybay.map,wc3,512,0.7149009704589844,6,ablation_no_adaptive,1,129.56649099942297,382.13372098491544,12,22889
bootybay.map,wc3,512,0.7149009704589844,6,ablation_no_smoothing,1,131.63141599943629,407.4507934888328,22,22889
bootybay.map,wc3,512,0.7149009704589844,7,dijkstra,1,12.997172001632862,58.556349186104015,1,3327
bootybay.map,wc3,512,0.7149009704589844,7,astar,1,0.4151379980612546,58.55634918610402,5,59
bootybay.map,wc3,512,0.7149009704589844,7,weighted_astar,1,0.3880760013998952,59.38477631085024,9,62
bootybay.map,wc3,512,0.7149009704589844,7,improved_astar,1,0.4406570005812682,55.10898293381942,0,59
bootybay.map,wc3,512,0.7149009704589844,7,ablation_no_adaptive,1,0.3608530023484491,55.10898293381942,0,59
bootybay.map,wc3,512,0.7149009704589844,7,ablation_no_smoothing,1,0.35892400046577677,58.55634918610402,5,59
bootybay.map,wc3,512,0.7149009704589844,8,dijkstra,1,206.52320699809934,338.2548339959392,12,47214
bootybay.map,wc3,512,0.7149009704589844,8,astar,1,38.72819900061586,338.2548339959392,19,7290
bootybay.map,wc3,512,0.7149009704589844,8,weighted_astar,1,24.555488002079073,347.3675323681477,44,4792
bootybay.map,wc3,512,0.7149009704589844,8,improved_astar,1,39.35863099832204,325.1268656816346,7,7290
bootybay.map,wc3,512,0.7149009704589844,8,ablation_no_adaptive,1,39.47673299990129,325.1268656816346,7,7290
bootybay.map,wc3,512,0.7149009704589844,8,ablation_no_smoothing,1,40.20571499859216,338.2548339959392,19,7290
bootybay.map,wc3,512,0.7149009704589844,9,dijkstra,1,274.65794799718424,312.4802307403557,27,60991
bootybay.map,wc3,512,0.7149009704589844,9,astar,1,133.95997499901569,312.4802307403557,50,20807
bootybay.map,wc3,512,0.7149009704589844,9,weighted_astar,1,102.14837700186763,316.6223663640868,39,17844
bootybay.map,wc3,512,0.7149009704589844,9,improved_astar,1,124.52855700030341,290.96132531333416,14,20807
bootybay.map,wc3,512,0.7149009704589844,9,ablation_no_adaptive,1,127.26124099935987,290.96132531333416,14,20807
bootybay.map,wc3,512,0.7149009704589844,9,ablation_no_smoothing,1,123.31459200140671,312.4802307403557,50,20807
bootybay.map,wc3,512,0.7149009704589844,10,dijkstra,1,21.61093399990932,58.08326112068519,3,5306
bootybay.map,wc3,512,0.7149009704589844,10,astar,1,1.081553000403801,58.08326112068519,4,205
bootybay.map,wc3,512,0.7149009704589844,10,weighted_astar,1,0.3536260010150727,58.083261120685215,1,45
bootybay.map,wc3,512,0.7149009704589844,10,improved_astar,1,0.9866940017673187,55.60575509783138,0,205
bootybay.map,wc3,512,0.7149009704589844,10,ablation_no_adaptive,1,0.9740179993968923,55.60575509783138,0,205
bootybay.map,wc3,512,0.7149009704589844,10,ablation_no_smoothing,1,1.0215840011369437,58.08326112068519,4,205
bootybay.map,wc3,512,0.7149009704589844,11,dijkstra,1,85.50970199939911,157.66904755831206,10,20071
bootybay.map,wc3,512,0.7149009704589844,11,astar,1,22.30884500022512,157.66904755831206,17,4640
bootybay.map,wc3,512,0.7149009704589844,11,weighted_astar,1,23.67830799994408,157.66904755831206,13,4455
bootybay.map,wc3,512,0.7149009704589844,11,improved_astar,1,22.051789001125144,147.20420833839705,7,4640
bootybay.map,wc3,512,0.7149009704589844,11,ablation_no_adaptive,1,22.14257499872474,147.20420833839705,7,4640
bootybay.map,wc3,512,0.7149009704589844,11,ablation_no_smoothing,1,22.339792998536723,157.66904755831206,17,4640
bootybay.map,wc3,512,0.7149009704589844,12,dijkstra,1,289.55914600010146,400.0609665440996,39,64367
bootybay.map,wc3,512,0.7149009704589844,12,astar,1,144.35676900029648,400.0609665440996,33,25215
bootybay.map,wc3,512,0.7149009704589844,12,weighted_astar,1,113.23730499861995,402.5462479183382,36,20923
bootybay.map,wc3,512,0.7149009704589844,12,improved_astar,1,143.55260099910083,378.83248967718663,21,25215
bootybay.map,wc3,512,0.7149009704589844,12,ablation_no_adaptive,1,144.46014300119714,378.83248967718663,21,25215
bootybay.map,wc3,512,0.7149009704589844,12,ablation_no_smoothing,1,143.22439000170561,400.0609665440996,33,25215
bootybay.map,wc3,512,0.7149009704589844,13,dijkstra,1,73.17351399979088,180.2964645562816,16,17338
bootybay.map,wc3,512,0.7149009704589844,13,astar,1,7.616312999743968,180.2964645562816,11,1346
bootybay.map,wc3,512,0.7149009704589844,13,weighted_astar,1,1.0756960000435356,180.2964645562816,8,161
bootybay.map,wc3,512,0.7149009704589844,13,improved_astar,1,7.665021999855526,175.37058824838414,5,1346
bootybay.map,wc3,512,0.7149009704589844,13,ablation_no_adaptive,1,7.648746999620926,175.37058824838414,5,1346
bootybay.map,wc3,512,0.7149009704589844,13,ablation_no_smoothing,1,9.192140001687221,180.2964645562816,11,1346
bootybay.map,wc3,512,0.7149009704589844,14,dijkstra,1,61.1101829999825,122.21320343559638,1,14151
bootybay.map,wc3,512,0.7149009704589844,14,astar,1,2.071481001621578,122.21320343559641,9,359
bootybay.map,wc3,512,0.7149009704589844,14,weighted_astar,1,1.4342340000439435,127.18376618407353,11,247
bootybay.map,wc3,512,0.7149009704589844,14,improved_astar,1,2.2689309989800677,117.24827642612536,4,359
bootybay.map,wc3,512,0.7149009704589844,14,ablation_no_adaptive,1,2.1750550004071556,117.24827642612536,4,359
bootybay.map,wc3,512,0.7149009704589844,14,ablation_no_smoothing,1,1.9833100013784133,122.21320343559641,9,359
bootybay.map,wc3,512,0.7149009704589844,15,dijkstra,1,9.70482899720082,45.84062043356593,1,2497
bootybay.map,wc3,512,0.7149009704589844,15,astar,1,0.39448199822800234,45.84062043356593,2,56
bootybay.map,wc3,512,0.7149009704589844,15,weighted_astar,1,0.2376910015300382,45.84062043356594,1,34
bootybay.map,wc3,512,0.7149009704589844,15,improved_astar,1,0.3886029990098905,45.27692569068709,0,56
bootybay.map,wc3,512,0.7149009704589844,15,ablation_no_adaptive,1,0.47668199840700254,45.27692569068709,0,56
bootybay.map,wc3,512,0.7149009704589844,15,ablation_no_smoothing,1,0.482454001030419,45.84062043356593,2,56
bootybay.map,wc3,512,0.7149009704589844,16,dijkstra,1,1.2763390004693065,18.071067811865476,2,339
bootybay.map,wc3,512,0.7149009704589844,16,astar,1,0.13861600018572062,18.071067811865476,3,27
bootybay.map,wc3,512,0.7149009704589844,16,weighted_astar,1,0.1029859995469451,18.071067811865476,3,20
bootybay.map,wc3,512,0.7149009704589844,16,improved_astar,1,0.16406299982918426,16.86563481404407,1,27
bootybay.map,wc3,512,0.7149009704589844,16,ablation_no_adaptive,1,0.12887900084024295,16.86563481404407,1,27
bootybay.map,wc3,512,0.7149009704589844,16,ablation_no_smoothing,1,0.13666800077771768,18.071067811865476,3,27
bootybay.map,wc3,512,0.7149009704589844,17,dijkstra,1,23.322011998970993,58.828427124746185,1,6087
bootybay.map,wc3,512,0.7149009704589844,17,astar,1,0.7748249990982004,58.828427124746185,3,143
bootybay.map,wc3,512,0.7149009704589844,17,weighted_astar,1,0.35863599987351336,58.82842712474619,1,59
bootybay.map,wc3,512,0.7149009704589844,17,improved_astar,1,0.8344519992533606,58.034472514187634,0,143
bootybay.map,wc3,512,0.7149009704589844,17,ablation_no_adaptive,1,0.8241689974965993,58.034472514187634,0,143
bootybay.map,wc3,512,0.7149009704589844,17,ablation_no_smoothing,1,0.7527319976361468,58.828427124746185,3,143
bootybay.map,wc3,512,0.7149009704589844,18,dijkstra,1,18.075416999636218,41.89949493661165,6,3812
bootybay.map,wc3,512,0.7149009704589844,18,astar,1,0.85227300223778,41.89949493661165,8,147
bootybay.map,wc3,512,0.7149009704589844,18,weighted_astar,1,0.3366489981999621,42.727922061357845,7,48
bootybay.map,wc3,512,0.7149009704589844,18,improved_astar,1,0.7783310029481072,40.09347729017995,4,147
bootybay.map,wc3,512,0.7149009704589844,18,ablation_no_adaptive,1,0.8814389984763693,40.09347729017995,4,147
bootybay.map,wc3,512,0.7149009704589844,18,ablation_no_smoothing,1,0.8848319994285703,41.89949493661165,8,147
bootybay.map,wc3,512,0.7149009704589844,19,dijkstra,1,278.2046749998699,342.3969696196703,7,57301
bootybay.map,wc3,512,0.7149009704589844,19,astar,1,135.05374300075346,342.3969696196703,11,20058
bootybay.map,wc3,512,0.7149009704589844,19,weighted_astar,1,104.70914800316677,358.1370849898482,69,14889
bootybay.map,wc3,512,0.7149009704589844,19,improved_astar,1,160.16995400059386,327.1787613846884,4,20058
bootybay.map,wc3,512,0.7149009704589844,19,ablation_no_adaptive,1,134.43161599934683,327.1787613846884,4,20058
bootybay.map,wc3,512,0.7149009704589844,19,ablation_no_smoothing,1,133.2572760002222,342.3969696196703,11,20058
bootybay.map,wc3,512,0.7149009704589844,20,dijkstra,1,135.2638480020687,218.61017305526667,17,32097
bootybay.map,wc3,512,0.7149009704589844,20,astar,1,34.9635379971005,218.61017305526667,19,5436
bootybay.map,wc3,512,0.7149009704589844,20,weighted_astar,1,13.167279001208954,219.43860018001288,23,2107
bootybay.map,wc3,512,0.7149009704589844,20,improved_astar,1,34.572340999147855,204.73435486846444,10,5436
bootybay.map,wc3,512,0.7149009704589844,20,ablation_no_adaptive,1,35.058812998613575,204.73435486846444,10,5436
bootybay.map,wc3,512,0.7149009704589844,20,ablation_no_smoothing,1,34.61192099712207,218.61017305526667,19,5436
bootybay.map,wc3,512,0.7149009704589844,21,dijkstra,1,92.50466899902676,127.59797974644658,3,22030
bootybay.map,wc3,512,0.7149009704589844,21,astar,1,7.662349999009166,127.59797974644658,11,1551
bootybay.map,wc3,512,0.7149009704589844,21,weighted_astar,1,6.020539000019198,133.3969696196699,27,1006
bootybay.map,wc3,512,0.7149009704589844,21,improved_astar,1,7.984805997693911,120.90689620398526,3,1551
bootybay.map,wc3,512,0.7149009704589844,21,ablation_no_adaptive,1,7.626629001606489,120.90689620398526,3,1551
bootybay.map,wc3,512,0.7149009704589844,21,ablation_no_smoothing,1,7.806100002198946,127.59797974644658,11,1551
bootybay.map,wc3,512,0.7149009704589844,22,dijkstra,1,83.41088199813385,106.15432893255064,10,17838
bootybay.map,wc3,512,0.7149009704589844,22,astar,1,6.7072460005874746,106.15432893255064,12,1332
bootybay.map,wc3,512,0.7149009704589844,22,weighted_astar,1,4.472257001907565,106.98275605729683,11,870
bootybay.map,wc3,512,0.7149009704589844,22,improved_astar,1,6.7776389987557195,99.66619996570445,6,1332
bootybay.map,wc3,512,0.7149009704589844,22,ablation_no_adaptive,1,6.654827000602381,99.66619996570445,6,1332
bootybay.map,wc3,512,0.7149009704589844,22,ablation_no_smoothing,1,6.6416340014257,106.15432893255064,12,1332
bootybay.map,wc3,512,0.7149009704589844,23,dijkstra,1,130.05435999730253,200.58073580374366,25,29321
bootybay.map,wc3,512,0.7149009704589844,23,astar,1,37.289536998287076,200.58073580374366,20,7195
bootybay.map,wc3,512,0.7149009704589844,23,weighted_astar,1,30.1521010005672,200.58073580374366,13,5866
bootybay.map,wc3,512,0.7149009704589844,23,improved_astar,1,38.83488100109389,187.33125500681905,9,7195
bootybay.map,wc3,512,0.7149009704589844,23,ablation_no_adaptive,1,37.77528499995242,187.33125500681905,9,7195
bootybay.map,wc3,512,0.7149009704589844,23,ablation_no_smoothing,1,37.54647800087696,200.58073580374366,20,7195
bootybay.map,wc3,512,0.7149009704589844,24,dijkstra,1,126.861122000264,149.71067811865476,3,29515
bootybay.map,wc3,512,0.7149009704589844,24,astar,1,15.560557003482245,149.71067811865484,10,2865
bootybay.map,wc3,512,0.7149009704589844,24,weighted_astar,1,2.07423899701098,155.5096679918782,23,353
bootybay.map,wc3,512,0.7149009704589844,24,improved_astar,1,15.344257997639943,140.86994022618018,2,2865
bootybay.map,wc3,512,0.7149009704589844,24,ablation_no_adaptive,1,15.359204000560567,140.86994022618018,2,2865
bootybay.map,wc3,512,0.7149009704589844,24,ablation_no_smoothing,1,15.081616998941172,149.71067811865484,10,2865
bootybay.map,wc3,512,0.7149009704589844,25,dijkstra,1,0.7049079977150541,7.65685424949238,1,163
bootybay.map,wc3,512,0.7149009704589844,25,astar,1,0.06740399840055034,7.656854249492381,1,7
bootybay.map,wc3,512,0.7149009704589844,25,weighted_astar,1,0.05733600119128823,7.656854249492381,1,7
bootybay.map,wc3,512,0.7149009704589844,25,improved_astar,1,0.045462998969014734,7.211102550927978,0,7
bootybay.map,wc3,512,0.7149009704589844,25,ablation_no_adaptive,1,0.04540600275504403,7.211102550927978,0,7
bootybay.map,wc3,512,0.7149009704589844,25,ablation_no_smoothing,1,0.04566500138025731,7.656854249492381,1,7
bootybay.map,wc3,512,0.7149009704589844,26,dijkstra,1,320.29518999843276,490.0365799264597,38,73488
bootybay.map,wc3,512,0.7149009704589844,26,astar,1,132.28904800052987,490.0365799264597,38,22857
bootybay.map,wc3,512,0.7149009704589844,26,weighted_astar,1,96.92401500069536,493.35028842544455,51,17973
bootybay.map,wc3,512,0.7149009704589844,26,improved_astar,1,127.52948100023787,464.8657729271556,22,22857
bootybay.map,wc3,512,0.7149009704589844,26,ablation_no_adaptive,1,126.79864700112375,464.8657729271556,22,22857
bootybay.map,wc3,512,0.7149009704589844,26,ablation_no_smoothing,1,127.1803900017403,490.0365799264597,38,22857
bootybay.map,wc3,512,0.7149009704589844,27,dijkstra,1,39.37785800007987,100.81118318204297,1,10006
bootybay.map,wc3,512,0.7149009704589844,27,astar,1,1.1432969986344688,100.81118318204297,6,202
bootybay.map,wc3,512,0.7149009704589844,27,weighted_astar,1,0.6796809975639917,102.46803743153538,18,125
bootybay.map,wc3,512,0.7149009704589844,27,improved_astar,1,1.0458860015205573,93.85845023334011,2,202
bootybay.map,wc3,512,0.7149009704589844,27,ablation_no_adaptive,1,1.0814630004460923,93.85845023334011,2,202
bootybay.map,wc3,512,0.7149009704589844,27,ablation_no_smoothing,1,1.0391409996373113,100.81118318204297,6,202
bootybay.map,wc3,512,0.7149009704589844,28,dijkstra,1,32.933410999248736,92.84062043356589,5,8292
bootybay.map,wc3,512,0.7149009704589844,28,astar,1,0.6788630016671959,92.84062043356589,5,111
bootybay.map,wc3,512,0.7149009704589844,28,weighted_astar,1,0.4928149974148255,92.84062043356593,7,81
bootybay.map,wc3,512,0.7149009704589844,28,improved_astar,1,0.6493239998235367,85.91567254903242,2,111
bootybay.map,wc3,512,0.7149009704589844,28,ablation_no_adaptive,1,0.6581809975614306,85.91567254903242,2,111
bootybay.map,wc3,512,0.7149009704589844,28,ablation_no_smoothing,1,0.652859998808708,92.84062043356589,5,111
bootybay.map,wc3,512,0.7149009704589844,29,dijkstra,1,258.9733159984462,432.9533188057739,7,59356
bootybay.map,wc3,512,0.7149009704589844,29,astar,1,28.746774998580804,432.95331880577396,27,4503
bootybay.map,wc3,512,0.7149009704589844,29,weighted_astar,1,7.976699002028909,432.953318805774,13,1365
bootybay.map,wc3,512,0.7149009704589844,29,improved_astar,1,27.874868999788305,414.70523973152035,4,4503
bootybay.map,wc3,512,0.7149009704589844,29,ablation_no_adaptive,1,31.993304000934586,414.70523973152035,4,4503
bootybay.map,wc3,512,0.7149009704589844,29,ablation_no_smoothing,1,112.88598799728788,432.95331880577396,27,4503
darkforest.map,wc3,512,0.6194496154785156,0,dijkstra,1,657.8852929997083,299.9777054234138,21,58666
darkforest.map,wc3,512,0.6194496154785156,0,astar,1,45.73953799990704,299.97770542341385,13,6321
darkforest.map,wc3,512,0.6194496154785156,0,weighted_astar,1,9.178002997941803,308.26197667087604,41,1122
darkforest.map,wc3,512,0.6194496154785156,0,improved_astar,1,38.69209900221904,287.51547528827996,6,6321
darkforest.map,wc3,512,0.6194496154785156,0,ablation_no_adaptive,1,47.6145139982691,287.51547528827996,6,6321
darkforest.map,wc3,512,0.6194496154785156,0,ablation_no_smoothing,1,37.48787800213904,299.97770542341385,13,6321
darkforest.map,wc3,512,0.6194496154785156,1,dijkstra,1,158.08491400093772,138.43860018001251,15,28835
darkforest.map,wc3,512,0.6194496154785156,1,astar,1,25.228980000974843,138.43860018001251,20,3948
darkforest.map,wc3,512,0.6194496154785156,1,weighted_astar,1,15.216308998788008,138.43860018001257,16,2392
darkforest.map,wc3,512,0.6194496154785156,1,improved_astar,1,20.567185998515924,128.27222524829892,8,3948
darkforest.map,wc3,512,0.6194496154785156,1,ablation_no_adaptive,1,19.675911997182993,128.27222524829892,8,3948
darkforest.map,wc3,512,0.6194496154785156,1,ablation_no_smoothing,1,18.557598999905167,138.43860018001251,20,3948
darkforest.map,wc3,512,0.6194496154785156,2,dijkstra,1,85.8875789999729,124.46803743153534,7,17889
darkforest.map,wc3,512,0.6194496154785156,2,astar,1,13.997685000504134,124.46803743153534,9,2363
darkforest.map,wc3,512,0.6194496154785156,2,weighted_astar,1,11.157838001963682,124.46803743153536,30,1598
darkforest.map,wc3,512,0.6194496154785156,2,improved_astar,1,12.630278000870021,117.59712803678005,4,2363
darkforest.map,wc3,512,0.6194496154785156,2,ablation_no_adaptive,1,11.709975999110611,117.59712803678005,4,2363
darkforest.map,wc3,512,0.6194496154785156,2,ablation_no_smoothing,1,13.904458999604685,124.46803743153534,9,2363
darkforest.map,wc3,512,0.6194496154785156,3,dijkstra,1,150.5609710002318,216.58073580374392,15,32966
darkforest.map,wc3,512,0.6194496154785156,3,astar,1,23.008497002592776,216.58073580374395,14,4152
darkforest.map,wc3,512,0.6194496154785156,3,weighted_astar,1,7.598447999043856,225.69343417595206,33,1273
darkforest.map,wc3,512,0.6194496154785156,3,improved_astar,1,23.112991999369115,202.90836120244865,4,4152
darkforest.map,wc3,512,0.6194496154785156,3,ablation_no_adaptive,1,23.572095000417903,202.90836120244865,4,4152
darkforest.map,wc3,512,0.6194496154785156,3,ablation_no_smoothing,1,22.55286400031764,216.58073580374395,14,4152
darkforest.map,wc3,512,0.6194496154785156,4,dijkstra,1,77.4764400011918,159.36753236814712,15,18206
darkforest.map,wc3,512,0.6194496154785156,4,astar,1,22.46760500202072,159.36753236814712,11,3706
darkforest.map,wc3,512,0.6194496154785156,4,weighted_astar,1,13.234931997430976,163.5096679918781,17,2407
darkforest.map,wc3,512,0.6194496154785156,4,improved_astar,1,21.792621999338735,148.41273091068103,4,3706
darkforest.map,wc3,512,0.6194496154785156,4,ablation_no_adaptive,1,22.79073700265144,148.41273091068103,4,3706
darkforest.map,wc3,512,0.6194496154785156,4,ablation_no_smoothing,1,25.126200998784043,159.36753236814712,11,3706
darkforest.map,wc3,512,0.6194496154785156,5,dijkstra,1,403.62496099987766,322.37467504308466,21,88201
darkforest.map,wc3,512,0.6194496154785156,5,astar,1,68.54315599775873,322.37467504308466,21,12651
darkforest.map,wc3,512,0.6194496154785156,5,weighted_astar,1,14.64336800199817,324.85995641732325,36,2519
darkforest.map,wc3,512,0.6194496154785156,5,improved_astar,1,67.31149799816194,305.93999067024293,10,12651
darkforest.map,wc3,512,0.6194496154785156,5,ablation_no_adaptive,1,66.15100099952542,305.93999067024293,10,12651
darkforest.map,wc3,512,0.6194496154785156,5,ablation_no_smoothing,1,67.14500900125131,322.37467504308466,21,12651
darkforest.map,wc3,512,0.6194496154785156,6,dijkstra,1,192.61029100016458,219.69343417595164,7,43626
darkforest.map,wc3,512,0.6194496154785156,6,astar,1,29.683476997888647,219.69343417595167,10,4733
darkforest.map,wc3,512,0.6194496154785156,6,weighted_astar,1,7.310298002266791,220.521861300698,15,1199
darkforest.map,wc3,512,0.6194496154785156,6,improved_astar,1,30.207540999981575,208.5499347125786,4,4733
darkforest.map,wc3,512,0.6194496154785156,6,ablation_no_adaptive,1,29.450092999468325,208.5499347125786,4,4733
darkforest.map,wc3,512,0.6194496154785156,6,ablation_no_smoothing,1,29.04471199872205,219.69343417595167,10,4733
darkforest.map,wc3,512,0.6194496154785156,7,dijkstra,1,54.40320799971232,163.37972567696696,7,13627
darkforest.map,wc3,512,0.6194496154785156,7,astar,1,23.81503300057375,163.37972567696698,6,4076
darkforest.map,wc3,512,0.6194496154785156,7,weighted_astar,1,4.995794999558711,165.0365799264594,13,875
darkforest.map,wc3,512,0.6194496154785156,7,improved_astar,1,23.37928099950659,150.76583214819556,3,4076
darkforest.map,wc3,512,0.6194496154785156,7,ablation_no_adaptive,1,23.17862400013837,150.76583214819556,3,4076
darkforest.map,wc3,512,0.6194496154785156,7,ablation_no_smoothing,1,23.66309100034414,163.37972567696698,6,4076
darkforest.map,wc3,512,0.6194496154785156,8,dijkstra,1,329.7761809990334,236.37972567696713,11,72413
darkforest.map,wc3,512,0.6194496154785156,8,astar,1,43.63129600096727,236.37972567696713,38,7999
darkforest.map,wc3,512,0.6194496154785156,8,weighted_astar,1,28.80712600017432,238.86500705120577,15,4790
darkforest.map,wc3,512,0.6194496154785156,8,improved_astar,1,43.3229720001691,220.64227968009834,4,7999
darkforest.map,wc3,512,0.6194496154785156,8,ablation_no_adaptive,1,43.91742100051488,220.64227968009834,4,7999
darkforest.map,wc3,512,0.6194496154785156,8,ablation_no_smoothing,1,44.33551100009936,236.37972567696713,38,7999
darkforest.map,wc3,512,0.6194496154785156,9,dijkstra,1,264.0492690006795,293.45079348883297,11,59773
darkforest.map,wc3,512,0.6194496154785156,9,astar,1,49.59745500309509,293.45079348883297,19,7646
darkforest.map,wc3,512,0.6194496154785156,9,weighted_astar,1,19.448218001343776,303.3919189857874,42,3355
darkforest.map,wc3,512,0.6194496154785156,9,improved_astar,1,48.62579299879144,276.24825757932257,8,7646
darkforest.map,wc3,512,0.6194496154785156,9,ablation_no_adaptive,1,48.946790000627516,276.24825757932257,8,7646
darkforest.map,wc3,512,0.6194496154785156,9,ablation_no_smoothing,1,48.81540399946971,293.45079348883297,19,7646
darkforest.map,wc3,512,0.6194496154785156,10,dijkstra,1,51.30264200124657,100.15432893255063,11,12545
darkforest.map,wc3,512,0.6194496154785156,10,astar,1,8.540566999727162,100.15432893255063,10,1630
darkforest.map,wc3,512,0.6194496154785156,10,weighted_astar,1,7.8609459997096565,100.15432893255064,5,1432
darkforest.map,wc3,512,0.6194496154785156,10,improved_astar,1,8.572407998144627,93.09233902179778,3,1630
darkforest.map,wc3,512,0.6194496154785156,10,ablation_no_adaptive,1,8.305849001772003,93.09233902179778,3,1630
darkforest.map,wc3,512,0.6194496154785156,10,ablation_no_smoothing,1,8.511265998095041,100.15432893255063,10,1630
darkforest.map,wc3,512,0.6194496154785156,11,dijkstra,1,197.19728999916697,188.74011537017765,9,44378
darkforest.map,wc3,512,0.6194496154785156,11,astar,1,33.783580001909286,188.74011537017765,14,7285
darkforest.map,wc3,512,0.6194496154785156,11,weighted_astar,1,26.94041799986735,192.05382386916244,33,4518
darkforest.map,wc3,512,0.6194496154785156,11,improved_astar,1,33.417935999750625,179.43656521016192,6,7285
darkforest.map,wc3,512,0.6194496154785156,11,ablation_no_adaptive,1,33.60135600087233,179.43656521016192,6,7285
darkforest.map,wc3,512,0.6194496154785156,11,ablation_no_smoothing,1,33.82650099956663,188.74011537017765,14,7285
darkforest.map,wc3,512,0.6194496154785156,12,dijkstra,1,203.51688800292322,242.79393923934026,13,47340
darkforest.map,wc3,512,0.6194496154785156,12,astar,1,34.93276800145395,242.7939392393403,15,5567
darkforest.map,wc3,512,0.6194496154785156,12,weighted_astar,1,45.50133299926529,253.56349186104097,43,4012
darkforest.map,wc3,512,0.6194496154785156,12,improved_astar,1,33.966562998102745,228.19681764282342,5,5567
darkforest.map,wc3,512,0.6194496154785156,12,ablation_no_adaptive,1,33.578285001567565,228.19681764282342,5,5567
darkforest.map,wc3,512,0.6194496154785156,12,ablation_no_smoothing,1,33.77240099871415,242.7939392393403,15,5567
darkforest.map,wc3,512,0.6194496154785156,13,dijkstra,1,375.5106530006742,303.5340546095187,17,84357
darkforest.map,wc3,512,0.6194496154785156,13,astar,1,36.905100001604296,303.5340546095187,21,6762
darkforest.map,wc3,512,0.6194496154785156,13,weighted_astar,1,15.217142001347383,315.1320343559654,45,2746
darkforest.map,wc3,512,0.6194496154785156,13,improved_astar,1,36.079249999602325,291.1087466426155,10,6762
darkforest.map,wc3,512,0.6194496154785156,13,ablation_no_adaptive,1,37.337817000661744,291.1087466426155,10,6762
darkforest.map,wc3,512,0.6194496154785156,13,ablation_no_smoothing,1,37.5709639993147,303.5340546095187,21,6762
darkforest.map,wc3,512,0.6194496154785156,14,dijkstra,1,310.5394729973341,241.0365799264594,15,68466
darkforest.map,wc3,512,0.6194496154785156,14,astar,1,72.07374700010405,241.03657992645947,24,9163
darkforest.map,wc3,512,0.6194496154785156,14,weighted_astar,1,45.08168599932105,243.52186130069802,25,4877
darkforest.map,wc3,512,0.6194496154785156,14,improved_astar,1,56.84087299960083,223.70461715776557,10,9163
darkforest.map,wc3,512,0.6194496154785156,14,ablation_no_adaptive,1,50.92047699872637,223.70461715776557,10,9163
darkforest.map,wc3,512,0.6194496154785156,14,ablation_no_smoothing,1,53.29504600013024,241.03657992645947,24,9163
darkforest.map,wc3,512,0.6194496154785156,15,dijkstra,1,149.03108699945733,170.09545442950485,13,35153
darkforest.map,wc3,512,0.6194496154785156,15,astar,1,1.272320998396026,170.09545442950485,7,188
darkforest.map,wc3,512,0.6194496154785156,15,weighted_astar,1,1.0983220017806161,171.75230867899728,9,177
darkforest.map,wc3,512,0.6194496154785156,15,improved_astar,1,1.3030609989073128,158.81700262110644,1,188
darkforest.map,wc3,512,0.6194496154785156,15,ablation_no_adaptive,1,1.2117580008634832,158.81700262110644,1,188
darkforest.map,wc3,512,0.6194496154785156,15,ablation_no_smoothing,1,1.1501749977469444,170.09545442950485,7,188
darkforest.map,wc3,512,0.6194496154785156,16,dijkstra,1,31.317607998062158,89.48528137423855,1,8253
darkforest.map,wc3,512,0.6194496154785156,16,astar,1,0.672188001772156,89.48528137423855,3,102
darkforest.map,wc3,512,0.6194496154785156,16,weighted_astar,1,0.5509809998329729,89.48528137423857,1,88
darkforest.map,wc3,512,0.6194496154785156,16,improved_astar,1,0.6711030000587925,87.20665112249179,0,102
darkforest.map,wc3,512,0.6194496154785156,16,ablation_no_adaptive,1,0.6519109992950689,87.20665112249179,0,102
darkforest.map,wc3,512,0.6194496154785156,16,ablation_no_smoothing,1,0.6029530013620388,89.48528137423855,3,102
darkforest.map,wc3,512,0.6194496154785156,17,dijkstra,1,40.99744699851726,82.59797974644658,1,10568
darkforest.map,wc3,512,0.6194496154785156,17,astar,1,2.871249002055265,82.59797974644664,7,543
darkforest.map,wc3,512,0.6194496154785156,17,weighted_astar,1,0.8035829996515531,84.25483399593904,9,117
darkforest.map,wc3,512,0.6194496154785156,17,improved_astar,1,3.545846000633901,77.19706652770583,2,543
darkforest.map,wc3,512,0.6194496154785156,17,ablation_no_adaptive,1,2.9548070015152916,77.19706652770583,2,543
darkforest.map,wc3,512,0.6194496154785156,17,ablation_no_smoothing,1,2.9696400015382096,82.59797974644664,7,543
darkforest.map,wc3,512,0.6194496154785156,18,dijkstra,1,354.8303770003258,327.6934341759521,21,77559
darkforest.map,wc3,512,0.6194496154785156,18,astar,1,46.61360899990541,327.6934341759522,10,6979
darkforest.map,wc3,512,0.6194496154785156,18,weighted_astar,1,17.182124000100885,335.1492782986679,40,2844
darkforest.map,wc3,512,0.6194496154785156,18,improved_astar,1,45.72386700237985,307.7367855503346,5,6979
darkforest.map,wc3,512,0.6194496154785156,18,ablation_no_adaptive,1,45.58915799862007,307.7367855503346,5,6979
darkforest.map,wc3,512,0.6194496154785156,18,ablation_no_smoothing,1,44.53159099648474,327.6934341759522,10,6979
darkforest.map,wc3,512,0.6194496154785156,19,dijkstra,1,276.13515900156926,229.19595949289362,21,59506
darkforest.map,wc3,512,0.6194496154785156,19,astar,1,49.61800399905769,229.19595949289365,22,9013
darkforest.map,wc3,512,0.6194496154785156,19,weighted_astar,1,33.2966000023589,236.55129855222103,67,5334
darkforest.map,wc3,512,0.6194496154785156,19,improved_astar,1,48.13023799943039,217.6985457104079,12,9013
darkforest.map,wc3,512,0.6194496154785156,19,ablation_no_adaptive,1,47.99920299774385,217.6985457104079,12,9013
darkforest.map,wc3,512,0.6194496154785156,19,ablation_no_smoothing,1,48.93177499980084,229.19595949289365,22,9013
darkforest.map,wc3,512,0.6194496154785156,20,dijkstra,1,374.2089980005403,387.6589462905462,21,81340
darkforest.map,wc3,512,0.6194496154785156,20,astar,1,111.4898939995328,387.6589462905462,17,13240
darkforest.map,wc3,512,0.6194496154785156,20,weighted_astar,1,28.501946999313077,392.6295090390235,15,3646
darkforest.map,wc3,512,0.6194496154785156,20,improved_astar,1,124.69156099905376,373.3014420849409,9,13240
darkforest.map,wc3,512,0.6194496154785156,20,ablation_no_adaptive,1,119.88429899793118,373.3014420849409,9,13240
darkforest.map,wc3,512,0.6194496154785156,20,ablation_no_smoothing,1,118.00902599861729,387.6589462905462,17,13240
darkforest.map,wc3,512,0.6194496154785156,21,dijkstra,1,121.19855700075277,148.68124086713178,9,22821
darkforest.map,wc3,512,0.6194496154785156,21,astar,1,14.528866999171441,148.68124086713178,9,2465
darkforest.map,wc3,512,0.6194496154785156,21,weighted_astar,1,8.987949000584194,149.509667991878,26,1243
darkforest.map,wc3,512,0.6194496154785156,21,improved_astar,1,15.197251002973644,137.02089737463234,3,2465
darkforest.map,wc3,512,0.6194496154785156,21,ablation_no_adaptive,1,15.7611110007565,137.02089737463234,3,2465
darkforest.map,wc3,512,0.6194496154785156,21,ablation_no_smoothing,1,16.331254999386147,148.68124086713178,9,2465
darkforest.map,wc3,512,0.6194496154785156,22,dijkstra,1,205.7367970010091,219.23759005323637,19,38193
darkforest.map,wc3,512,0.6194496154785156,22,astar,1,47.65798900189111,219.23759005323637,17,6094
darkforest.map,wc3,512,0.6194496154785156,22,weighted_astar,1,19.61122700231499,220.89444430272877,52,2415
darkforest.map,wc3,512,0.6194496154785156,22,improved_astar,1,53.9873779998743,207.11725854587445,9,6094
darkforest.map,wc3,512,0.6194496154785156,22,ablation_no_adaptive,1,53.684900998632656,207.11725854587445,9,6094
darkforest.map,wc3,512,0.6194496154785156,22,ablation_no_smoothing,1,46.942758999648504,219.23759005323637,17,6094
darkforest.map,wc3,512,0.6194496154785156,23,dijkstra,1,19.251271998655284,55.154328932550676,0,3911
darkforest.map,wc3,512,0.6194496154785156,23,astar,1,0.39528200068161823,55.154328932550676,0,40
darkforest.map,wc3,512,0.6194496154785156,23,weighted_astar,1,0.3927229990949854,55.154328932550676,0,40
darkforest.map,wc3,512,0.6194496154785156,23,improved_astar,1,0.4782089999935124,55.154328932550705,0,40
darkforest.map,wc3,512,0.6194496154785156,23,ablation_no_adaptive,1,0.4576070023176726,55.154328932550705,0,40
darkforest.map,wc3,512,0.6194496154785156,23,ablation_no_smoothing,1,0.5018010015191976,55.154328932550676,0,40
darkforest.map,wc3,512,0.6194496154785156,24,dijkstra,1,62.27073300033226,105.6396103067892,13,14720
darkforest.map,wc3,512,0.6194496154785156,24,astar,1,6.720266999764135,105.63961030678921,6,1122
darkforest.map,wc3,512,0.6194496154785156,24,weighted_astar,1,0.6641920008405577,105.63961030678922,7,88
darkforest.map,wc3,512,0.6194496154785156,24,improved_astar,1,7.00661399969249,98.58733636065128,2,1122
darkforest.map,wc3,512,0.6194496154785156,24,ablation_no_adaptive,1,6.350745999952778,98.58733636065128,2,1122
darkforest.map,wc3,512,0.6194496154785156,24,ablation_no_smoothing,1,6.650808001722908,105.63961030678921,6,1122
darkforest.map,wc3,512,0.6194496154785156,25,dijkstra,1,36.22232999987318,82.65685424949237,3,8977
darkforest.map,wc3,512,0.6194496154785156,25,astar,1,0.5939729999226984,82.65685424949237,5,82
darkforest.map,wc3,512,0.6194496154785156,25,weighted_astar,1,0.4967259992554318,82.65685424949238,1,82
darkforest.map,wc3,512,0.6194496154785156,25,improved_astar,1,0.4738850002468098,81.09870529176159,0,82
darkforest.map,wc3,512,0.6194496154785156,25,ablation_no_adaptive,1,0.6134100003691856,81.09870529176159,0,82
darkforest.map,wc3,512,0.6194496154785156,25,ablation_no_smoothing,1,0.47595100113539957,82.65685424949237,5,82
darkforest.map,wc3,512,0.6194496154785156,26,dijkstra,1,179.44492300011916,163.39696961966996,11,40409
darkforest.map,wc3,512,0.6194496154785156,26,astar,1,22.739063002518378,163.39696961966996,10,3673
darkforest.map,wc3,512,0.6194496154785156,26,weighted_astar,1,15.771903999848291,165.0538238691624,19,2645
darkforest.map,wc3,512,0.6194496154785156,26,improved_astar,1,29.560362003394403,151.6460152427369,4,3673
darkforest.map,wc3,512,0.6194496154785156,26,ablation_no_adaptive,1,29.31672300110222,151.6460152427369,4,3673
darkforest.map,wc3,512,0.6194496154785156,26,ablation_no_smoothing,1,26.053548001073068,163.39696961966996,10,3673
darkforest.map,wc3,512,0.6194496154785156,27,dijkstra,1,211.77622899995185,161.1959594928934,15,35417
darkforest.map,wc3,512,0.6194496154785156,27,astar,1,17.893070002173772,161.1959594928934,16,3666
darkforest.map,wc3,512,0.6194496154785156,27,weighted_astar,1,12.455960000806954,163.68124086713198,25,2302
darkforest.map,wc3,512,0.6194496154785156,27,improved_astar,1,18.262093002704205,149.0459747313998,9,3666
darkforest.map,wc3,512,0.6194496154785156,27,ablation_no_adaptive,1,17.846081998868613,149.0459747313998,9,3666
darkforest.map,wc3,512,0.6194496154785156,27,ablation_no_smoothing,1,17.72364900170942,161.1959594928934,16,3666
darkforest.map,wc3,512,0.6194496154785156,28,dijkstra,1,38.58848000163562,73.79898987322329,4,9673
darkforest.map,wc3,512,0.6194496154785156,28,astar,1,0.49861700244946405,73.79898987322333,3,69
darkforest.map,wc3,512,0.6194496154785156,28,weighted_astar,1,0.5094239968457259,73.79898987322333,1,69
darkforest.map,wc3,512,0.6194496154785156,28,improved_astar,1,0.6133780007075984,69.44399053557548,1,69
darkforest.map,wc3,512,0.6194496154785156,28,ablation_no_adaptive,1,0.467428002593806,69.44399053557548,1,69
darkforest.map,wc3,512,0.6194496154785156,28,ablation_no_smoothing,1,0.522379999893019,73.79898987322333,3,69
darkforest.map,wc3,512,0.6194496154785156,29,dijkstra,1,127.74446199910017,134.16652224137027,7,30614
darkforest.map,wc3,512,0.6194496154785156,29,astar,1,3.37544799913303,134.16652224137033,8,696
darkforest.map,wc3,512,0.6194496154785156,29,weighted_astar,1,0.8165120016201399,134.16652224137036,7,107
darkforest.map,wc3,512,0.6194496154785156,29,improved_astar,1,3.5478520003380254,127.32909771037177,3,696
darkforest.map,wc3,512,0.6194496154785156,29,ablation_no_adaptive,1,5.114512001455296,127.32909771037177,3,696
darkforest.map,wc3,512,0.6194496154785156,29,ablation_no_smoothing,1,5.173240999283735,134.16652224137033,8,696
